{
	"credit": "Made with Blockbench",
        "gui_light": "front",
	"textures": {
		"0": "item/netherite_sword",
		"particle": "item/netherite_sword"
	},
	"elements": [
		{
			"from": [10.5, 0, 3.25],
			"to": [12, 1.5, 3.75],
			"rotation": {"angle": 0, "axis": "y", "origin": [14, 0, 7.5]},
			"faces": {
				"north": {"uv": [0, 13, 3, 16], "texture": "#0"},
				"east": {"uv": [0, 13, 1, 16], "texture": "#0"},
				"south": {"uv": [0, 13, 3, 16], "rotation": 270, "texture": "#0"},
				"west": {"uv": [2, 13, 3, 16], "texture": "#0"},
				"up": {"uv": [0, 13, 3, 14], "rotation": 180, "texture": "#0"},
				"down": {"uv": [0, 15, 3, 16], "texture": "#0"}
			}
		},
		{
			"from": [9.5, 1.5, 3.25],
			"to": [11, 2, 3.75],
			"rotation": {"angle": 0, "axis": "y", "origin": [14, 0, 7.5]},
			"faces": {
				"north": {"uv": [2, 12, 5, 13], "texture": "#0"},
				"east": {"uv": [2, 12, 3, 13], "texture": "#0"},
				"south": {"uv": [2, 12, 5, 13], "texture": "#0"},
				"west": {"uv": [4, 12, 5, 13], "texture": "#0"},
				"up": {"uv": [2, 12, 5, 13], "texture": "#0"},
				"down": {"uv": [2, 12, 5, 13], "texture": "#0"}
			}
		},
		{
			"from": [7, 1.5, 3.25],
			"to": [9, 2, 3.75],
			"rotation": {"angle": 0, "axis": "y", "origin": [14, 0, 7.5]},
			"faces": {
				"north": {"uv": [6, 12, 10, 13], "texture": "#0"},
				"east": {"uv": [6, 12, 10, 13], "texture": "#0"},
				"south": {"uv": [10, 12, 6, 13], "texture": "#0"},
				"west": {"uv": [6, 12, 7, 13], "texture": "#0"},
				"up": {"uv": [6, 12, 10, 13], "texture": "#0"},
				"down": {"uv": [6, 12, 10, 13], "texture": "#0"}
			}
		},
		{
			"from": [7, 1, 3.25],
			"to": [8, 1.5, 3.75],
			"rotation": {"angle": 0, "axis": "y", "origin": [14, 0, 7.5]},
			"faces": {
				"north": {"uv": [8, 13, 10, 14], "texture": "#0"},
				"east": {"uv": [8, 13, 10, 14], "texture": "#0"},
				"south": {"uv": [8, 13, 10, 14], "texture": "#0"},
				"west": {"uv": [8, 13, 10, 14], "texture": "#0"},
				"down": {"uv": [8, 13, 10, 14], "texture": "#0"}
			}
		},
		{
			"from": [7.5, 2, 3.25],
			"to": [10.5, 2.5, 3.75],
			"rotation": {"angle": 0, "axis": "y", "origin": [14, 0, 7.5]},
			"faces": {
				"north": {"uv": [3, 11, 9, 12], "texture": "#0"},
				"east": {"uv": [3, 11, 4, 12], "texture": "#0"},
				"south": {"uv": [9, 11, 3, 12], "texture": "#0"},
				"west": {"uv": [8, 11, 9, 12], "texture": "#0"},
				"up": {"uv": [9, 11, 3, 12], "texture": "#0"},
				"down": {"uv": [3, 11, 9, 12], "texture": "#0"}
			}
		},
		{
			"from": [7.5, 3, 3.25],
			"to": [10.5, 3.5, 3.75],
			"rotation": {"angle": 0, "axis": "y", "origin": [14, 0, 7.5]},
			"faces": {
				"north": {"uv": [3, 9, 9, 10], "texture": "#0"},
				"east": {"uv": [3, 9, 4, 10], "texture": "#0"},
				"south": {"uv": [9, 9, 3, 10], "texture": "#0"},
				"west": {"uv": [8, 9, 9, 10], "texture": "#0"},
				"down": {"uv": [3, 9, 9, 10], "texture": "#0"}
			}
		},
		{
			"from": [7, 3.5, 3.25],
			"to": [10.5, 4, 3.75],
			"rotation": {"angle": 0, "axis": "y", "origin": [14, 0, 7.5]},
			"faces": {
				"north": {"uv": [3, 8, 10, 9], "texture": "#0"},
				"east": {"uv": [3, 8, 4, 9], "texture": "#0"},
				"south": {"uv": [10, 8, 3, 9], "texture": "#0"},
				"west": {"uv": [9, 8, 10, 9], "texture": "#0"},
				"up": {"uv": [10, 8, 3, 9], "texture": "#0"},
				"down": {"uv": [3, 8, 10, 9], "texture": "#0"}
			}
		},
		{
			"from": [6.5, 4, 3.25],
			"to": [9, 4.5, 3.75],
			"rotation": {"angle": 0, "axis": "y", "origin": [14, 0, 7.5]},
			"faces": {
				"north": {"uv": [7, 6, 12, 7], "texture": "#0"},
				"east": {"uv": [6, 7, 7, 8], "texture": "#0"},
				"south": {"uv": [7, 6, 12, 7], "texture": "#0"},
				"west": {"uv": [6, 7, 7, 8], "texture": "#0"},
				"up": {"uv": [6, 7, 11, 8], "texture": "#0"},
				"down": {"uv": [6, 7, 11, 8], "texture": "#0"}
			}
		},
		{
			"from": [6, 4.5, 3.25],
			"to": [8.5, 5, 3.75],
			"rotation": {"angle": 0, "axis": "y", "origin": [14, 0, 7.5]},
			"faces": {
				"north": {"uv": [7, 6, 12, 7], "texture": "#0"},
				"east": {"uv": [6, 7, 7, 8], "texture": "#0"},
				"south": {"uv": [6, 7, 11, 8], "texture": "#0"},
				"west": {"uv": [6, 7, 7, 8], "texture": "#0"},
				"up": {"uv": [6, 7, 11, 8], "texture": "#0"},
				"down": {"uv": [6, 7, 11, 8], "texture": "#0"}
			}
		},
		{
			"from": [5.5, 5, 3.25],
			"to": [8, 5.5, 3.75],
			"rotation": {"angle": 0, "axis": "y", "origin": [14, 0, 7.5]},
			"faces": {
				"north": {"uv": [7, 6, 12, 7], "texture": "#0"},
				"east": {"uv": [6, 7, 7, 8], "texture": "#0"},
				"south": {"uv": [6, 7, 11, 8], "texture": "#0"},
				"west": {"uv": [6, 7, 7, 8], "texture": "#0"},
				"up": {"uv": [6, 7, 11, 8], "texture": "#0"},
				"down": {"uv": [6, 7, 11, 8], "texture": "#0"}
			}
		},
		{
			"from": [5, 5.5, 3.25],
			"to": [7.5, 6, 3.75],
			"rotation": {"angle": 0, "axis": "y", "origin": [14, 0, 7.5]},
			"faces": {
				"north": {"uv": [10, 3, 15, 4], "texture": "#0"},
				"east": {"uv": [6, 7, 7, 8], "texture": "#0"},
				"south": {"uv": [10, 3, 15, 4], "texture": "#0"},
				"west": {"uv": [6, 7, 7, 8], "texture": "#0"},
				"up": {"uv": [6, 7, 11, 8], "texture": "#0"},
				"down": {"uv": [6, 7, 11, 8], "texture": "#0"}
			}
		},
		{
			"from": [4.5, 6, 3.25],
			"to": [7, 6.5, 3.75],
			"rotation": {"angle": 0, "axis": "y", "origin": [14, 0, 7.5]},
			"faces": {
				"north": {"uv": [11, 2, 16, 3], "texture": "#0"},
				"east": {"uv": [6, 7, 7, 8], "texture": "#0"},
				"south": {"uv": [10, 3, 15, 4], "texture": "#0"},
				"west": {"uv": [6, 7, 7, 8], "texture": "#0"},
				"up": {"uv": [6, 7, 11, 8], "texture": "#0"},
				"down": {"uv": [6, 7, 11, 8], "texture": "#0"}
			}
		},
		{
			"from": [4, 6.5, 3.25],
			"to": [6.5, 7, 3.75],
			"rotation": {"angle": 0, "axis": "y", "origin": [14, 0, 7.5]},
			"faces": {
				"north": {"uv": [11, 2, 16, 3], "texture": "#0"},
				"east": {"uv": [6, 7, 7, 8], "texture": "#0"},
				"south": {"uv": [10, 3, 15, 4], "texture": "#0"},
				"west": {"uv": [6, 7, 7, 8], "texture": "#0"},
				"up": {"uv": [6, 7, 11, 8], "texture": "#0"},
				"down": {"uv": [6, 7, 11, 8], "texture": "#0"}
			}
		},
		{
			"from": [4, 7, 3.25],
			"to": [6, 7.5, 3.75],
			"rotation": {"angle": 0, "axis": "y", "origin": [14, 0, 7.5]},
			"faces": {
				"north": {"uv": [12, 1, 16, 2], "texture": "#0"},
				"east": {"uv": [12, 1, 13, 2], "texture": "#0"},
				"south": {"uv": [12, 1, 16, 2], "texture": "#0"},
				"west": {"uv": [12, 1, 13, 2], "texture": "#0"},
				"up": {"uv": [12, 1, 16, 2], "texture": "#0"}
			}
		},
		{
			"from": [4, 7.5, 3.25],
			"to": [5.5, 8, 3.75],
			"rotation": {"angle": 0, "axis": "y", "origin": [14, 0, 7.5]},
			"faces": {
				"north": {"uv": [16, 0, 13, 1], "texture": "#0"},
				"east": {"uv": [16, 0, 13, 1], "texture": "#0"},
				"south": {"uv": [16, 0, 13, 1], "texture": "#0"},
				"west": {"uv": [16, 0, 13, 1], "texture": "#0"},
				"up": {"uv": [16, 0, 13, 1], "texture": "#0"}
			}
		},
		{
			"from": [10, 4, 3.25],
			"to": [11, 5, 3.75],
			"rotation": {"angle": 0, "axis": "y", "origin": [14, 0, 7.5]},
			"faces": {
				"north": {"uv": [2, 6, 4, 8], "texture": "#0"},
				"east": {"uv": [2, 6, 4, 7], "texture": "#0"},
				"south": {"uv": [4, 6, 2, 8], "texture": "#0"},
				"west": {"uv": [2, 6, 4, 7], "texture": "#0"},
				"up": {"uv": [2, 6, 4, 7], "texture": "#0"},
				"down": {"uv": [2, 6, 4, 7], "texture": "#0"}
			}
		},
		{
			"from": [8, 2.5, 3.25],
			"to": [10, 3, 3.75],
			"rotation": {"angle": 0, "axis": "y", "origin": [14, 0, 7.5]},
			"faces": {
				"north": {"uv": [4, 10, 8, 11], "texture": "#0"},
				"east": {"uv": [4, 10, 5, 11], "texture": "#0"},
				"south": {"uv": [8, 10, 4, 11], "texture": "#0"},
				"west": {"uv": [7, 10, 8, 11], "texture": "#0"}
			}
		},
		{
			"from": [10, 1, 3.25],
			"to": [10.5, 1.5, 3.75],
			"rotation": {"angle": 0, "axis": "y", "origin": [14, 0, 7.5]},
			"faces": {
				"north": {"uv": [3, 13, 4, 14], "texture": "#0"},
				"south": {"uv": [3, 13, 4, 14], "texture": "#0"},
				"west": {"uv": [3, 13, 4, 14], "texture": "#0"},
				"down": {"uv": [3, 13, 4, 14], "texture": "#0"}
			}
		},
		{
			"from": [9.5, 4, 3.25],
			"to": [10, 4.5, 3.75],
			"rotation": {"angle": 0, "axis": "y", "origin": [14, 0, 7.5]},
			"faces": {
				"north": {"uv": [4, 7, 5, 8], "texture": "#0"},
				"south": {"uv": [4, 7, 5, 8], "texture": "#0"},
				"west": {"uv": [4, 7, 5, 8], "texture": "#0"},
				"up": {"uv": [4, 7, 5, 8], "texture": "#0"}
			}
		},
		{
			"from": [3.75, 14.5, 9],
			"to": [4.25, 15, 11.5],
			"rotation": {"angle": 0, "axis": "y", "origin": [6, 8, 7.5]},
			"faces": {
				"north": {"uv": [6, 7, 7, 8], "texture": "#0"},
				"east": {"uv": [10, 3, 15, 4], "texture": "#0"},
				"south": {"uv": [6, 7, 7, 8], "texture": "#0"},
				"west": {"uv": [11, 2, 16, 3], "texture": "#0"},
				"up": {"uv": [6, 7, 11, 8], "rotation": 270, "texture": "#0"},
				"down": {"uv": [6, 7, 11, 8], "rotation": 90, "texture": "#0"}
			}
		},
		{
			"from": [3.75, 8, 3.5],
			"to": [4.25, 9.5, 5],
			"rotation": {"angle": 0, "axis": "y", "origin": [6, 8, 7.5]},
			"faces": {
				"north": {"uv": [0, 13, 1, 16], "texture": "#0"},
				"east": {"uv": [0, 13, 3, 16], "rotation": 270, "texture": "#0"},
				"south": {"uv": [2, 13, 3, 16], "texture": "#0"},
				"west": {"uv": [0, 13, 3, 16], "texture": "#0"},
				"up": {"uv": [0, 13, 3, 14], "rotation": 90, "texture": "#0"},
				"down": {"uv": [0, 15, 3, 16], "rotation": 90, "texture": "#0"}
			}
		},
		{
			"from": [3.75, 9.5, 4.5],
			"to": [4.25, 10, 6],
			"rotation": {"angle": 0, "axis": "y", "origin": [6, 8, 7.5]},
			"faces": {
				"north": {"uv": [2, 12, 3, 13], "texture": "#0"},
				"east": {"uv": [2, 12, 5, 13], "texture": "#0"},
				"south": {"uv": [4, 12, 5, 13], "texture": "#0"},
				"west": {"uv": [2, 12, 5, 13], "texture": "#0"},
				"up": {"uv": [2, 12, 5, 13], "rotation": 270, "texture": "#0"},
				"down": {"uv": [2, 12, 5, 13], "rotation": 90, "texture": "#0"}
			}
		},
		{
			"from": [3.75, 9.5, 6.5],
			"to": [4.25, 10, 8.5],
			"rotation": {"angle": 0, "axis": "y", "origin": [6, 8, 7.5]},
			"faces": {
				"north": {"uv": [6, 12, 10, 13], "texture": "#0"},
				"east": {"uv": [10, 12, 6, 13], "texture": "#0"},
				"south": {"uv": [6, 12, 7, 13], "texture": "#0"},
				"west": {"uv": [6, 12, 10, 13], "texture": "#0"},
				"up": {"uv": [6, 12, 10, 13], "rotation": 270, "texture": "#0"},
				"down": {"uv": [6, 12, 10, 13], "rotation": 90, "texture": "#0"}
			}
		},
		{
			"from": [3.75, 9, 7.5],
			"to": [4.25, 9.5, 8.5],
			"rotation": {"angle": 0, "axis": "y", "origin": [6, 8, 7.5]},
			"faces": {
				"north": {"uv": [8, 13, 10, 14], "texture": "#0"},
				"east": {"uv": [8, 13, 10, 14], "texture": "#0"},
				"south": {"uv": [8, 13, 10, 14], "texture": "#0"},
				"west": {"uv": [8, 13, 10, 14], "texture": "#0"},
				"down": {"uv": [8, 13, 10, 14], "rotation": 90, "texture": "#0"}
			}
		},
		{
			"from": [3.75, 10, 5],
			"to": [4.25, 10.5, 8],
			"rotation": {"angle": 0, "axis": "y", "origin": [6, 8, 7.5]},
			"faces": {
				"north": {"uv": [3, 11, 4, 12], "texture": "#0"},
				"east": {"uv": [9, 11, 3, 12], "texture": "#0"},
				"south": {"uv": [8, 11, 9, 12], "texture": "#0"},
				"west": {"uv": [3, 11, 9, 12], "texture": "#0"},
				"up": {"uv": [9, 11, 3, 12], "rotation": 270, "texture": "#0"},
				"down": {"uv": [3, 11, 9, 12], "rotation": 90, "texture": "#0"}
			}
		},
		{
			"from": [3.75, 11, 5],
			"to": [4.25, 11.5, 8],
			"rotation": {"angle": 0, "axis": "y", "origin": [6, 8, 7.5]},
			"faces": {
				"north": {"uv": [3, 9, 4, 10], "texture": "#0"},
				"east": {"uv": [9, 9, 3, 10], "texture": "#0"},
				"south": {"uv": [8, 9, 9, 10], "texture": "#0"},
				"west": {"uv": [3, 9, 9, 10], "texture": "#0"},
				"down": {"uv": [3, 9, 9, 10], "rotation": 90, "texture": "#0"}
			}
		},
		{
			"from": [3.75, 11.5, 5],
			"to": [4.25, 12, 8.5],
			"rotation": {"angle": 0, "axis": "y", "origin": [6, 8, 7.5]},
			"faces": {
				"north": {"uv": [3, 8, 4, 9], "texture": "#0"},
				"east": {"uv": [10, 8, 3, 9], "texture": "#0"},
				"south": {"uv": [9, 8, 10, 9], "texture": "#0"},
				"west": {"uv": [3, 8, 10, 9], "texture": "#0"},
				"up": {"uv": [10, 8, 3, 9], "rotation": 270, "texture": "#0"},
				"down": {"uv": [3, 8, 10, 9], "rotation": 90, "texture": "#0"}
			}
		},
		{
			"from": [3.75, 12, 6.5],
			"to": [4.25, 12.5, 9],
			"rotation": {"angle": 0, "axis": "y", "origin": [6, 8, 7.5]},
			"faces": {
				"north": {"uv": [6, 7, 7, 8], "texture": "#0"},
				"east": {"uv": [7, 6, 12, 7], "texture": "#0"},
				"south": {"uv": [6, 7, 7, 8], "texture": "#0"},
				"west": {"uv": [7, 6, 12, 7], "texture": "#0"},
				"up": {"uv": [6, 7, 11, 8], "rotation": 270, "texture": "#0"},
				"down": {"uv": [6, 7, 11, 8], "rotation": 90, "texture": "#0"}
			}
		},
		{
			"from": [3.75, 12.5, 7],
			"to": [4.25, 13, 9.5],
			"rotation": {"angle": 0, "axis": "y", "origin": [6, 8, 7.5]},
			"faces": {
				"north": {"uv": [6, 7, 7, 8], "texture": "#0"},
				"east": {"uv": [6, 7, 11, 8], "texture": "#0"},
				"south": {"uv": [6, 7, 7, 8], "texture": "#0"},
				"west": {"uv": [7, 6, 12, 7], "texture": "#0"},
				"up": {"uv": [6, 7, 11, 8], "rotation": 270, "texture": "#0"},
				"down": {"uv": [6, 7, 11, 8], "rotation": 90, "texture": "#0"}
			}
		},
		{
			"from": [3.75, 13, 7.5],
			"to": [4.25, 13.5, 10],
			"rotation": {"angle": 0, "axis": "y", "origin": [6, 8, 7.5]},
			"faces": {
				"north": {"uv": [6, 7, 7, 8], "texture": "#0"},
				"east": {"uv": [6, 7, 11, 8], "texture": "#0"},
				"south": {"uv": [6, 7, 7, 8], "texture": "#0"},
				"west": {"uv": [7, 6, 12, 7], "texture": "#0"},
				"up": {"uv": [6, 7, 11, 8], "rotation": 270, "texture": "#0"},
				"down": {"uv": [6, 7, 11, 8], "rotation": 90, "texture": "#0"}
			}
		},
		{
			"from": [3.75, 13.5, 8],
			"to": [4.25, 14, 10.5],
			"rotation": {"angle": 0, "axis": "y", "origin": [6, 8, 7.5]},
			"faces": {
				"north": {"uv": [6, 7, 7, 8], "texture": "#0"},
				"east": {"uv": [10, 3, 15, 4], "texture": "#0"},
				"south": {"uv": [6, 7, 7, 8], "texture": "#0"},
				"west": {"uv": [10, 3, 15, 4], "texture": "#0"},
				"up": {"uv": [6, 7, 11, 8], "rotation": 270, "texture": "#0"},
				"down": {"uv": [6, 7, 11, 8], "rotation": 90, "texture": "#0"}
			}
		},
		{
			"from": [3.75, 14, 8.5],
			"to": [4.25, 14.5, 11],
			"rotation": {"angle": 0, "axis": "y", "origin": [6, 8, 7.5]},
			"faces": {
				"north": {"uv": [6, 7, 7, 8], "texture": "#0"},
				"east": {"uv": [10, 3, 15, 4], "texture": "#0"},
				"south": {"uv": [6, 7, 7, 8], "texture": "#0"},
				"west": {"uv": [11, 2, 16, 3], "texture": "#0"},
				"up": {"uv": [6, 7, 11, 8], "rotation": 270, "texture": "#0"},
				"down": {"uv": [6, 7, 11, 8], "rotation": 90, "texture": "#0"}
			}
		},
		{
			"from": [3.75, 15, 9.5],
			"to": [4.25, 15.5, 11.5],
			"rotation": {"angle": 0, "axis": "y", "origin": [6, 8, 7.5]},
			"faces": {
				"north": {"uv": [12, 1, 13, 2], "texture": "#0"},
				"east": {"uv": [12, 1, 16, 2], "texture": "#0"},
				"south": {"uv": [12, 1, 13, 2], "texture": "#0"},
				"west": {"uv": [12, 1, 16, 2], "texture": "#0"},
				"up": {"uv": [12, 1, 16, 2], "rotation": 270, "texture": "#0"}
			}
		},
		{
			"from": [3.75, 15.5, 10],
			"to": [4.25, 16, 11.5],
			"rotation": {"angle": 0, "axis": "y", "origin": [6, 8, 7.5]},
			"faces": {
				"north": {"uv": [16, 0, 13, 1], "texture": "#0"},
				"east": {"uv": [16, 0, 13, 1], "texture": "#0"},
				"south": {"uv": [16, 0, 13, 1], "texture": "#0"},
				"west": {"uv": [16, 0, 13, 1], "texture": "#0"},
				"up": {"uv": [16, 0, 13, 1], "rotation": 270, "texture": "#0"}
			}
		},
		{
			"from": [3.75, 12, 4.5],
			"to": [4.25, 13, 5.5],
			"rotation": {"angle": 0, "axis": "y", "origin": [6, 8, 7.5]},
			"faces": {
				"north": {"uv": [2, 6, 4, 7], "texture": "#0"},
				"east": {"uv": [4, 6, 2, 8], "texture": "#0"},
				"south": {"uv": [2, 6, 4, 7], "texture": "#0"},
				"west": {"uv": [2, 6, 4, 8], "texture": "#0"},
				"up": {"uv": [2, 6, 4, 7], "rotation": 270, "texture": "#0"},
				"down": {"uv": [2, 6, 4, 7], "rotation": 90, "texture": "#0"}
			}
		},
		{
			"from": [3.75, 10.5, 5.5],
			"to": [4.25, 11, 7.5],
			"rotation": {"angle": 0, "axis": "y", "origin": [6, 8, 7.5]},
			"faces": {
				"north": {"uv": [4, 10, 5, 11], "texture": "#0"},
				"east": {"uv": [8, 10, 4, 11], "texture": "#0"},
				"south": {"uv": [7, 10, 8, 11], "texture": "#0"},
				"west": {"uv": [4, 10, 8, 11], "texture": "#0"}
			}
		},
		{
			"from": [3.75, 9, 5],
			"to": [4.25, 9.5, 5.5],
			"rotation": {"angle": 0, "axis": "y", "origin": [6, 8, 7.5]},
			"faces": {
				"east": {"uv": [3, 13, 4, 14], "texture": "#0"},
				"south": {"uv": [3, 13, 4, 14], "texture": "#0"},
				"west": {"uv": [3, 13, 4, 14], "texture": "#0"},
				"down": {"uv": [3, 13, 4, 14], "rotation": 90, "texture": "#0"}
			}
		},
		{
			"from": [3.75, 12, 5.5],
			"to": [4.25, 12.5, 6],
			"rotation": {"angle": 0, "axis": "y", "origin": [6, 8, 7.5]},
			"faces": {
				"east": {"uv": [4, 7, 5, 8], "texture": "#0"},
				"south": {"uv": [4, 7, 5, 8], "texture": "#0"},
				"west": {"uv": [4, 7, 5, 8], "texture": "#0"},
				"up": {"uv": [4, 7, 5, 8], "rotation": 270, "texture": "#0"}
			}
		},
		{
			"from": [11.75, 30.5, 3.5],
			"to": [12.25, 31, 6],
			"rotation": {"angle": 0, "axis": "y", "origin": [14, 16, 7.5]},
			"faces": {
				"north": {"uv": [6, 7, 7, 8], "texture": "#0"},
				"east": {"uv": [11, 2, 16, 3], "texture": "#0"},
				"south": {"uv": [6, 7, 7, 8], "texture": "#0"},
				"west": {"uv": [10, 3, 15, 4], "texture": "#0"},
				"up": {"uv": [6, 7, 11, 8], "rotation": 90, "texture": "#0"},
				"down": {"uv": [6, 7, 11, 8], "rotation": 270, "texture": "#0"}
			}
		},
		{
			"from": [11.75, 24, 10],
			"to": [12.25, 25.5, 11.5],
			"rotation": {"angle": 0, "axis": "y", "origin": [14, 16, 7.5]},
			"faces": {
				"north": {"uv": [2, 13, 3, 16], "texture": "#0"},
				"east": {"uv": [0, 13, 3, 16], "texture": "#0"},
				"south": {"uv": [0, 13, 1, 16], "texture": "#0"},
				"west": {"uv": [0, 13, 3, 16], "rotation": 270, "texture": "#0"},
				"up": {"uv": [0, 13, 3, 14], "rotation": 270, "texture": "#0"},
				"down": {"uv": [0, 15, 3, 16], "rotation": 270, "texture": "#0"}
			}
		},
		{
			"from": [11.75, 25.5, 9],
			"to": [12.25, 26, 10.5],
			"rotation": {"angle": 0, "axis": "y", "origin": [14, 16, 7.5]},
			"faces": {
				"north": {"uv": [4, 12, 5, 13], "texture": "#0"},
				"east": {"uv": [2, 12, 5, 13], "texture": "#0"},
				"south": {"uv": [2, 12, 3, 13], "texture": "#0"},
				"west": {"uv": [2, 12, 5, 13], "texture": "#0"},
				"up": {"uv": [2, 12, 5, 13], "rotation": 90, "texture": "#0"},
				"down": {"uv": [2, 12, 5, 13], "rotation": 270, "texture": "#0"}
			}
		},
		{
			"from": [11.75, 25.5, 6.5],
			"to": [12.25, 26, 8.5],
			"rotation": {"angle": 0, "axis": "y", "origin": [14, 16, 7.5]},
			"faces": {
				"north": {"uv": [6, 12, 7, 13], "texture": "#0"},
				"east": {"uv": [6, 12, 10, 13], "texture": "#0"},
				"south": {"uv": [6, 12, 10, 13], "texture": "#0"},
				"west": {"uv": [10, 12, 6, 13], "texture": "#0"},
				"up": {"uv": [6, 12, 10, 13], "rotation": 90, "texture": "#0"},
				"down": {"uv": [6, 12, 10, 13], "rotation": 270, "texture": "#0"}
			}
		},
		{
			"from": [11.75, 25, 6.5],
			"to": [12.25, 25.5, 7.5],
			"rotation": {"angle": 0, "axis": "y", "origin": [14, 16, 7.5]},
			"faces": {
				"north": {"uv": [8, 13, 10, 14], "texture": "#0"},
				"east": {"uv": [8, 13, 10, 14], "texture": "#0"},
				"south": {"uv": [8, 13, 10, 14], "texture": "#0"},
				"west": {"uv": [8, 13, 10, 14], "texture": "#0"},
				"down": {"uv": [8, 13, 10, 14], "rotation": 270, "texture": "#0"}
			}
		},
		{
			"from": [11.75, 26, 7],
			"to": [12.25, 26.5, 10],
			"rotation": {"angle": 0, "axis": "y", "origin": [14, 16, 7.5]},
			"faces": {
				"north": {"uv": [8, 11, 9, 12], "texture": "#0"},
				"east": {"uv": [3, 11, 9, 12], "texture": "#0"},
				"south": {"uv": [3, 11, 4, 12], "texture": "#0"},
				"west": {"uv": [9, 11, 3, 12], "texture": "#0"},
				"up": {"uv": [9, 11, 3, 12], "rotation": 90, "texture": "#0"},
				"down": {"uv": [3, 11, 9, 12], "rotation": 270, "texture": "#0"}
			}
		},
		{
			"from": [11.75, 27, 7],
			"to": [12.25, 27.5, 10],
			"rotation": {"angle": 0, "axis": "y", "origin": [14, 16, 7.5]},
			"faces": {
				"north": {"uv": [8, 9, 9, 10], "texture": "#0"},
				"east": {"uv": [3, 9, 9, 10], "texture": "#0"},
				"south": {"uv": [3, 9, 4, 10], "texture": "#0"},
				"west": {"uv": [9, 9, 3, 10], "texture": "#0"},
				"down": {"uv": [3, 9, 9, 10], "rotation": 270, "texture": "#0"}
			}
		},
		{
			"from": [11.75, 27.5, 6.5],
			"to": [12.25, 28, 10],
			"rotation": {"angle": 0, "axis": "y", "origin": [14, 16, 7.5]},
			"faces": {
				"north": {"uv": [9, 8, 10, 9], "texture": "#0"},
				"east": {"uv": [3, 8, 10, 9], "texture": "#0"},
				"south": {"uv": [3, 8, 4, 9], "texture": "#0"},
				"west": {"uv": [10, 8, 3, 9], "texture": "#0"},
				"up": {"uv": [10, 8, 3, 9], "rotation": 90, "texture": "#0"},
				"down": {"uv": [3, 8, 10, 9], "rotation": 270, "texture": "#0"}
			}
		},
		{
			"from": [11.75, 28, 6],
			"to": [12.25, 28.5, 8.5],
			"rotation": {"angle": 0, "axis": "y", "origin": [14, 16, 7.5]},
			"faces": {
				"north": {"uv": [6, 7, 7, 8], "texture": "#0"},
				"east": {"uv": [7, 6, 12, 7], "texture": "#0"},
				"south": {"uv": [6, 7, 7, 8], "texture": "#0"},
				"west": {"uv": [7, 6, 12, 7], "texture": "#0"},
				"up": {"uv": [6, 7, 11, 8], "rotation": 90, "texture": "#0"},
				"down": {"uv": [6, 7, 11, 8], "rotation": 270, "texture": "#0"}
			}
		},
		{
			"from": [11.75, 28.5, 5.5],
			"to": [12.25, 29, 8],
			"rotation": {"angle": 0, "axis": "y", "origin": [14, 16, 7.5]},
			"faces": {
				"north": {"uv": [6, 7, 7, 8], "texture": "#0"},
				"east": {"uv": [7, 6, 12, 7], "texture": "#0"},
				"south": {"uv": [6, 7, 7, 8], "texture": "#0"},
				"west": {"uv": [6, 7, 11, 8], "texture": "#0"},
				"up": {"uv": [6, 7, 11, 8], "rotation": 90, "texture": "#0"},
				"down": {"uv": [6, 7, 11, 8], "rotation": 270, "texture": "#0"}
			}
		},
		{
			"from": [11.75, 29, 5],
			"to": [12.25, 29.5, 7.5],
			"rotation": {"angle": 0, "axis": "y", "origin": [14, 16, 7.5]},
			"faces": {
				"north": {"uv": [6, 7, 7, 8], "texture": "#0"},
				"east": {"uv": [7, 6, 12, 7], "texture": "#0"},
				"south": {"uv": [6, 7, 7, 8], "texture": "#0"},
				"west": {"uv": [6, 7, 11, 8], "texture": "#0"},
				"up": {"uv": [6, 7, 11, 8], "rotation": 90, "texture": "#0"},
				"down": {"uv": [6, 7, 11, 8], "rotation": 270, "texture": "#0"}
			}
		},
		{
			"from": [11.75, 29.5, 4.5],
			"to": [12.25, 30, 7],
			"rotation": {"angle": 0, "axis": "y", "origin": [14, 16, 7.5]},
			"faces": {
				"north": {"uv": [6, 7, 7, 8], "texture": "#0"},
				"east": {"uv": [10, 3, 15, 4], "texture": "#0"},
				"south": {"uv": [6, 7, 7, 8], "texture": "#0"},
				"west": {"uv": [10, 3, 15, 4], "texture": "#0"},
				"up": {"uv": [6, 7, 11, 8], "rotation": 90, "texture": "#0"},
				"down": {"uv": [6, 7, 11, 8], "rotation": 270, "texture": "#0"}
			}
		},
		{
			"from": [11.75, 30, 4],
			"to": [12.25, 30.5, 6.5],
			"rotation": {"angle": 0, "axis": "y", "origin": [14, 16, 7.5]},
			"faces": {
				"north": {"uv": [6, 7, 7, 8], "texture": "#0"},
				"east": {"uv": [11, 2, 16, 3], "texture": "#0"},
				"south": {"uv": [6, 7, 7, 8], "texture": "#0"},
				"west": {"uv": [10, 3, 15, 4], "texture": "#0"},
				"up": {"uv": [6, 7, 11, 8], "rotation": 90, "texture": "#0"},
				"down": {"uv": [6, 7, 11, 8], "rotation": 270, "texture": "#0"}
			}
		},
		{
			"from": [11.75, 31, 3.5],
			"to": [12.25, 31.5, 5.5],
			"rotation": {"angle": 0, "axis": "y", "origin": [14, 16, 7.5]},
			"faces": {
				"north": {"uv": [12, 1, 13, 2], "texture": "#0"},
				"east": {"uv": [12, 1, 16, 2], "texture": "#0"},
				"south": {"uv": [12, 1, 13, 2], "texture": "#0"},
				"west": {"uv": [12, 1, 16, 2], "texture": "#0"},
				"up": {"uv": [12, 1, 16, 2], "rotation": 90, "texture": "#0"}
			}
		},
		{
			"from": [11.75, 31.5, 3.5],
			"to": [12.25, 32, 5],
			"rotation": {"angle": 0, "axis": "y", "origin": [14, 16, 7.5]},
			"faces": {
				"north": {"uv": [16, 0, 13, 1], "texture": "#0"},
				"east": {"uv": [16, 0, 13, 1], "texture": "#0"},
				"south": {"uv": [16, 0, 13, 1], "texture": "#0"},
				"west": {"uv": [16, 0, 13, 1], "texture": "#0"},
				"up": {"uv": [16, 0, 13, 1], "rotation": 90, "texture": "#0"}
			}
		},
		{
			"from": [11.75, 28, 9.5],
			"to": [12.25, 29, 10.5],
			"rotation": {"angle": 0, "axis": "y", "origin": [14, 16, 7.5]},
			"faces": {
				"north": {"uv": [2, 6, 4, 7], "texture": "#0"},
				"east": {"uv": [2, 6, 4, 8], "texture": "#0"},
				"south": {"uv": [2, 6, 4, 7], "texture": "#0"},
				"west": {"uv": [4, 6, 2, 8], "texture": "#0"},
				"up": {"uv": [2, 6, 4, 7], "rotation": 90, "texture": "#0"},
				"down": {"uv": [2, 6, 4, 7], "rotation": 270, "texture": "#0"}
			}
		},
		{
			"from": [11.75, 26.5, 7.5],
			"to": [12.25, 27, 9.5],
			"rotation": {"angle": 0, "axis": "y", "origin": [14, 16, 7.5]},
			"faces": {
				"north": {"uv": [7, 10, 8, 11], "texture": "#0"},
				"east": {"uv": [4, 10, 8, 11], "texture": "#0"},
				"south": {"uv": [4, 10, 5, 11], "texture": "#0"},
				"west": {"uv": [8, 10, 4, 11], "texture": "#0"}
			}
		},
		{
			"from": [11.75, 25, 9.5],
			"to": [12.25, 25.5, 10],
			"rotation": {"angle": 0, "axis": "y", "origin": [14, 16, 7.5]},
			"faces": {
				"north": {"uv": [3, 13, 4, 14], "texture": "#0"},
				"east": {"uv": [3, 13, 4, 14], "texture": "#0"},
				"west": {"uv": [3, 13, 4, 14], "texture": "#0"},
				"down": {"uv": [3, 13, 4, 14], "rotation": 270, "texture": "#0"}
			}
		},
		{
			"from": [11.75, 28, 9],
			"to": [12.25, 28.5, 9.5],
			"rotation": {"angle": 0, "axis": "y", "origin": [14, 16, 7.5]},
			"faces": {
				"north": {"uv": [4, 7, 5, 8], "texture": "#0"},
				"east": {"uv": [4, 7, 5, 8], "texture": "#0"},
				"west": {"uv": [4, 7, 5, 8], "texture": "#0"},
				"up": {"uv": [4, 7, 5, 8], "rotation": 90, "texture": "#0"}
			}
		},
		{
			"from": [4, 16, 11.25],
			"to": [5.5, 17.5, 11.75],
			"rotation": {"angle": 0, "axis": "y", "origin": [14, 16, 7.5]},
			"faces": {
				"north": {"uv": [0, 13, 3, 16], "rotation": 270, "texture": "#0"},
				"east": {"uv": [2, 13, 3, 16], "texture": "#0"},
				"south": {"uv": [0, 13, 3, 16], "texture": "#0"},
				"west": {"uv": [0, 13, 1, 16], "texture": "#0"},
				"up": {"uv": [0, 13, 3, 14], "texture": "#0"},
				"down": {"uv": [0, 15, 3, 16], "rotation": 180, "texture": "#0"}
			}
		},
		{
			"from": [5, 17.5, 11.25],
			"to": [6.5, 18, 11.75],
			"rotation": {"angle": 0, "axis": "y", "origin": [14, 16, 7.5]},
			"faces": {
				"north": {"uv": [2, 12, 5, 13], "texture": "#0"},
				"east": {"uv": [4, 12, 5, 13], "texture": "#0"},
				"south": {"uv": [2, 12, 5, 13], "texture": "#0"},
				"west": {"uv": [2, 12, 3, 13], "texture": "#0"},
				"up": {"uv": [2, 12, 5, 13], "rotation": 180, "texture": "#0"},
				"down": {"uv": [2, 12, 5, 13], "rotation": 180, "texture": "#0"}
			}
		},
		{
			"from": [7, 17.5, 11.25],
			"to": [9, 18, 11.75],
			"rotation": {"angle": 0, "axis": "y", "origin": [14, 16, 7.5]},
			"faces": {
				"north": {"uv": [10, 12, 6, 13], "texture": "#0"},
				"east": {"uv": [6, 12, 7, 13], "texture": "#0"},
				"south": {"uv": [6, 12, 10, 13], "texture": "#0"},
				"west": {"uv": [6, 12, 10, 13], "texture": "#0"},
				"up": {"uv": [6, 12, 10, 13], "rotation": 180, "texture": "#0"},
				"down": {"uv": [6, 12, 10, 13], "rotation": 180, "texture": "#0"}
			}
		},
		{
			"from": [8, 17, 11.25],
			"to": [9, 17.5, 11.75],
			"rotation": {"angle": 0, "axis": "y", "origin": [14, 16, 7.5]},
			"faces": {
				"north": {"uv": [8, 13, 10, 14], "texture": "#0"},
				"east": {"uv": [8, 13, 10, 14], "texture": "#0"},
				"south": {"uv": [8, 13, 10, 14], "texture": "#0"},
				"west": {"uv": [8, 13, 10, 14], "texture": "#0"},
				"down": {"uv": [8, 13, 10, 14], "rotation": 180, "texture": "#0"}
			}
		},
		{
			"from": [5.5, 18, 11.25],
			"to": [8.5, 18.5, 11.75],
			"rotation": {"angle": 0, "axis": "y", "origin": [14, 16, 7.5]},
			"faces": {
				"north": {"uv": [9, 11, 3, 12], "texture": "#0"},
				"east": {"uv": [8, 11, 9, 12], "texture": "#0"},
				"south": {"uv": [3, 11, 9, 12], "texture": "#0"},
				"west": {"uv": [3, 11, 4, 12], "texture": "#0"},
				"up": {"uv": [9, 11, 3, 12], "rotation": 180, "texture": "#0"},
				"down": {"uv": [3, 11, 9, 12], "rotation": 180, "texture": "#0"}
			}
		},
		{
			"from": [5.5, 19, 11.25],
			"to": [8.5, 19.5, 11.75],
			"rotation": {"angle": 0, "axis": "y", "origin": [14, 16, 7.5]},
			"faces": {
				"north": {"uv": [9, 9, 3, 10], "texture": "#0"},
				"east": {"uv": [8, 9, 9, 10], "texture": "#0"},
				"south": {"uv": [3, 9, 9, 10], "texture": "#0"},
				"west": {"uv": [3, 9, 4, 10], "texture": "#0"},
				"down": {"uv": [3, 9, 9, 10], "rotation": 180, "texture": "#0"}
			}
		},
		{
			"from": [5.5, 19.5, 11.25],
			"to": [9, 20, 11.75],
			"rotation": {"angle": 0, "axis": "y", "origin": [14, 16, 7.5]},
			"faces": {
				"north": {"uv": [10, 8, 3, 9], "texture": "#0"},
				"east": {"uv": [9, 8, 10, 9], "texture": "#0"},
				"south": {"uv": [3, 8, 10, 9], "texture": "#0"},
				"west": {"uv": [3, 8, 4, 9], "texture": "#0"},
				"up": {"uv": [10, 8, 3, 9], "rotation": 180, "texture": "#0"},
				"down": {"uv": [3, 8, 10, 9], "rotation": 180, "texture": "#0"}
			}
		},
		{
			"from": [7, 20, 11.25],
			"to": [9.5, 20.5, 11.75],
			"rotation": {"angle": 0, "axis": "y", "origin": [14, 16, 7.5]},
			"faces": {
				"north": {"uv": [7, 6, 12, 7], "texture": "#0"},
				"east": {"uv": [6, 7, 7, 8], "texture": "#0"},
				"south": {"uv": [7, 6, 12, 7], "texture": "#0"},
				"west": {"uv": [6, 7, 7, 8], "texture": "#0"},
				"up": {"uv": [6, 7, 11, 8], "rotation": 180, "texture": "#0"},
				"down": {"uv": [6, 7, 11, 8], "rotation": 180, "texture": "#0"}
			}
		},
		{
			"from": [7.5, 20.5, 11.25],
			"to": [10, 21, 11.75],
			"rotation": {"angle": 0, "axis": "y", "origin": [14, 16, 7.5]},
			"faces": {
				"north": {"uv": [6, 7, 11, 8], "texture": "#0"},
				"east": {"uv": [6, 7, 7, 8], "texture": "#0"},
				"south": {"uv": [7, 6, 12, 7], "texture": "#0"},
				"west": {"uv": [6, 7, 7, 8], "texture": "#0"},
				"up": {"uv": [6, 7, 11, 8], "rotation": 180, "texture": "#0"},
				"down": {"uv": [6, 7, 11, 8], "rotation": 180, "texture": "#0"}
			}
		},
		{
			"from": [8, 21, 11.25],
			"to": [10.5, 21.5, 11.75],
			"rotation": {"angle": 0, "axis": "y", "origin": [14, 16, 7.5]},
			"faces": {
				"north": {"uv": [6, 7, 11, 8], "texture": "#0"},
				"east": {"uv": [6, 7, 7, 8], "texture": "#0"},
				"south": {"uv": [7, 6, 12, 7], "texture": "#0"},
				"west": {"uv": [6, 7, 7, 8], "texture": "#0"},
				"up": {"uv": [6, 7, 11, 8], "rotation": 180, "texture": "#0"},
				"down": {"uv": [6, 7, 11, 8], "rotation": 180, "texture": "#0"}
			}
		},
		{
			"from": [8.5, 21.5, 11.25],
			"to": [11, 22, 11.75],
			"rotation": {"angle": 0, "axis": "y", "origin": [14, 16, 7.5]},
			"faces": {
				"north": {"uv": [10, 3, 15, 4], "texture": "#0"},
				"east": {"uv": [6, 7, 7, 8], "texture": "#0"},
				"south": {"uv": [10, 3, 15, 4], "texture": "#0"},
				"west": {"uv": [6, 7, 7, 8], "texture": "#0"},
				"up": {"uv": [6, 7, 11, 8], "rotation": 180, "texture": "#0"},
				"down": {"uv": [6, 7, 11, 8], "rotation": 180, "texture": "#0"}
			}
		},
		{
			"from": [9, 22, 11.25],
			"to": [11.5, 22.5, 11.75],
			"rotation": {"angle": 0, "axis": "y", "origin": [14, 16, 7.5]},
			"faces": {
				"north": {"uv": [10, 3, 15, 4], "texture": "#0"},
				"east": {"uv": [6, 7, 7, 8], "texture": "#0"},
				"south": {"uv": [11, 2, 16, 3], "texture": "#0"},
				"west": {"uv": [6, 7, 7, 8], "texture": "#0"},
				"up": {"uv": [6, 7, 11, 8], "rotation": 180, "texture": "#0"},
				"down": {"uv": [6, 7, 11, 8], "rotation": 180, "texture": "#0"}
			}
		},
		{
			"from": [9.5, 22.5, 11.25],
			"to": [12, 23, 11.75],
			"rotation": {"angle": 0, "axis": "y", "origin": [14, 16, 7.5]},
			"faces": {
				"north": {"uv": [10, 3, 15, 4], "texture": "#0"},
				"east": {"uv": [6, 7, 7, 8], "texture": "#0"},
				"south": {"uv": [11, 2, 16, 3], "texture": "#0"},
				"west": {"uv": [6, 7, 7, 8], "texture": "#0"},
				"up": {"uv": [6, 7, 11, 8], "rotation": 180, "texture": "#0"},
				"down": {"uv": [6, 7, 11, 8], "rotation": 180, "texture": "#0"}
			}
		},
		{
			"from": [10, 23, 11.25],
			"to": [12, 23.5, 11.75],
			"rotation": {"angle": 0, "axis": "y", "origin": [14, 16, 7.5]},
			"faces": {
				"north": {"uv": [12, 1, 16, 2], "texture": "#0"},
				"east": {"uv": [12, 1, 13, 2], "texture": "#0"},
				"south": {"uv": [12, 1, 16, 2], "texture": "#0"},
				"west": {"uv": [12, 1, 13, 2], "texture": "#0"},
				"up": {"uv": [12, 1, 16, 2], "rotation": 180, "texture": "#0"}
			}
		},
		{
			"from": [10.5, 23.5, 11.25],
			"to": [12, 24, 11.75],
			"rotation": {"angle": 0, "axis": "y", "origin": [14, 16, 7.5]},
			"faces": {
				"north": {"uv": [16, 0, 13, 1], "texture": "#0"},
				"east": {"uv": [16, 0, 13, 1], "texture": "#0"},
				"south": {"uv": [16, 0, 13, 1], "texture": "#0"},
				"west": {"uv": [16, 0, 13, 1], "texture": "#0"},
				"up": {"uv": [16, 0, 13, 1], "rotation": 180, "texture": "#0"}
			}
		},
		{
			"from": [5, 20, 11.25],
			"to": [6, 21, 11.75],
			"rotation": {"angle": 0, "axis": "y", "origin": [14, 16, 7.5]},
			"faces": {
				"north": {"uv": [4, 6, 2, 8], "texture": "#0"},
				"east": {"uv": [2, 6, 4, 7], "texture": "#0"},
				"south": {"uv": [2, 6, 4, 8], "texture": "#0"},
				"west": {"uv": [2, 6, 4, 7], "texture": "#0"},
				"up": {"uv": [2, 6, 4, 7], "rotation": 180, "texture": "#0"},
				"down": {"uv": [2, 6, 4, 7], "rotation": 180, "texture": "#0"}
			}
		},
		{
			"from": [6, 18.5, 11.25],
			"to": [8, 19, 11.75],
			"rotation": {"angle": 0, "axis": "y", "origin": [14, 16, 7.5]},
			"faces": {
				"north": {"uv": [8, 10, 4, 11], "texture": "#0"},
				"east": {"uv": [7, 10, 8, 11], "texture": "#0"},
				"south": {"uv": [4, 10, 8, 11], "texture": "#0"},
				"west": {"uv": [4, 10, 5, 11], "texture": "#0"}
			}
		},
		{
			"from": [5.5, 17, 11.25],
			"to": [6, 17.5, 11.75],
			"rotation": {"angle": 0, "axis": "y", "origin": [14, 16, 7.5]},
			"faces": {
				"north": {"uv": [3, 13, 4, 14], "texture": "#0"},
				"east": {"uv": [3, 13, 4, 14], "texture": "#0"},
				"south": {"uv": [3, 13, 4, 14], "texture": "#0"},
				"down": {"uv": [3, 13, 4, 14], "rotation": 180, "texture": "#0"}
			}
		},
		{
			"from": [6, 20, 11.25],
			"to": [6.5, 20.5, 11.75],
			"rotation": {"angle": 0, "axis": "y", "origin": [14, 16, 7.5]},
			"faces": {
				"north": {"uv": [4, 7, 5, 8], "texture": "#0"},
				"east": {"uv": [4, 7, 5, 8], "texture": "#0"},
				"south": {"uv": [4, 7, 5, 8], "texture": "#0"},
				"up": {"uv": [4, 7, 5, 8], "rotation": 180, "texture": "#0"}
			}
		},
		{
			"from": [4.75, 30.5, 9],
			"to": [5.25, 31, 11.5],
			"rotation": {"angle": 0, "axis": "y", "origin": [14, 0, 7.5]},
			"faces": {
				"north": {"uv": [6, 7, 7, 8], "texture": "#0"},
				"east": {"uv": [10, 3, 15, 4], "texture": "#0"},
				"south": {"uv": [6, 7, 7, 8], "texture": "#0"},
				"west": {"uv": [11, 2, 16, 3], "texture": "#0"},
				"up": {"uv": [6, 7, 11, 8], "rotation": 270, "texture": "#0"},
				"down": {"uv": [6, 7, 11, 8], "rotation": 90, "texture": "#0"}
			}
		},
		{
			"from": [4.75, 24, 3.5],
			"to": [5.25, 25.5, 5],
			"rotation": {"angle": 0, "axis": "y", "origin": [14, 0, 7.5]},
			"faces": {
				"north": {"uv": [0, 13, 1, 16], "texture": "#0"},
				"east": {"uv": [0, 13, 3, 16], "rotation": 270, "texture": "#0"},
				"south": {"uv": [2, 13, 3, 16], "texture": "#0"},
				"west": {"uv": [0, 13, 3, 16], "texture": "#0"},
				"up": {"uv": [0, 13, 3, 14], "rotation": 90, "texture": "#0"},
				"down": {"uv": [0, 15, 3, 16], "rotation": 90, "texture": "#0"}
			}
		},
		{
			"from": [4.75, 25.5, 4.5],
			"to": [5.25, 26, 6],
			"rotation": {"angle": 0, "axis": "y", "origin": [14, 0, 7.5]},
			"faces": {
				"north": {"uv": [2, 12, 3, 13], "texture": "#0"},
				"east": {"uv": [2, 12, 5, 13], "texture": "#0"},
				"south": {"uv": [4, 12, 5, 13], "texture": "#0"},
				"west": {"uv": [2, 12, 5, 13], "texture": "#0"},
				"up": {"uv": [2, 12, 5, 13], "rotation": 270, "texture": "#0"},
				"down": {"uv": [2, 12, 5, 13], "rotation": 90, "texture": "#0"}
			}
		},
		{
			"from": [4.75, 25.5, 6.5],
			"to": [5.25, 26, 8.5],
			"rotation": {"angle": 0, "axis": "y", "origin": [14, 0, 7.5]},
			"faces": {
				"north": {"uv": [6, 12, 10, 13], "texture": "#0"},
				"east": {"uv": [10, 12, 6, 13], "texture": "#0"},
				"south": {"uv": [6, 12, 7, 13], "texture": "#0"},
				"west": {"uv": [6, 12, 10, 13], "texture": "#0"},
				"up": {"uv": [6, 12, 10, 13], "rotation": 270, "texture": "#0"},
				"down": {"uv": [6, 12, 10, 13], "rotation": 90, "texture": "#0"}
			}
		},
		{
			"from": [4.75, 25, 7.5],
			"to": [5.25, 25.5, 8.5],
			"rotation": {"angle": 0, "axis": "y", "origin": [14, 0, 7.5]},
			"faces": {
				"north": {"uv": [8, 13, 10, 14], "texture": "#0"},
				"east": {"uv": [8, 13, 10, 14], "texture": "#0"},
				"south": {"uv": [8, 13, 10, 14], "texture": "#0"},
				"west": {"uv": [8, 13, 10, 14], "texture": "#0"},
				"down": {"uv": [8, 13, 10, 14], "rotation": 90, "texture": "#0"}
			}
		},
		{
			"from": [4.75, 26, 5],
			"to": [5.25, 26.5, 8],
			"rotation": {"angle": 0, "axis": "y", "origin": [14, 0, 7.5]},
			"faces": {
				"north": {"uv": [3, 11, 4, 12], "texture": "#0"},
				"east": {"uv": [9, 11, 3, 12], "texture": "#0"},
				"south": {"uv": [8, 11, 9, 12], "texture": "#0"},
				"west": {"uv": [3, 11, 9, 12], "texture": "#0"},
				"up": {"uv": [9, 11, 3, 12], "rotation": 270, "texture": "#0"},
				"down": {"uv": [3, 11, 9, 12], "rotation": 90, "texture": "#0"}
			}
		},
		{
			"from": [4.75, 27, 5],
			"to": [5.25, 27.5, 8],
			"rotation": {"angle": 0, "axis": "y", "origin": [14, 0, 7.5]},
			"faces": {
				"north": {"uv": [3, 9, 4, 10], "texture": "#0"},
				"east": {"uv": [9, 9, 3, 10], "texture": "#0"},
				"south": {"uv": [8, 9, 9, 10], "texture": "#0"},
				"west": {"uv": [3, 9, 9, 10], "texture": "#0"},
				"down": {"uv": [3, 9, 9, 10], "rotation": 90, "texture": "#0"}
			}
		},
		{
			"from": [4.75, 27.5, 5],
			"to": [5.25, 28, 8.5],
			"rotation": {"angle": 0, "axis": "y", "origin": [14, 0, 7.5]},
			"faces": {
				"north": {"uv": [3, 8, 4, 9], "texture": "#0"},
				"east": {"uv": [10, 8, 3, 9], "texture": "#0"},
				"south": {"uv": [9, 8, 10, 9], "texture": "#0"},
				"west": {"uv": [3, 8, 10, 9], "texture": "#0"},
				"up": {"uv": [10, 8, 3, 9], "rotation": 270, "texture": "#0"},
				"down": {"uv": [3, 8, 10, 9], "rotation": 90, "texture": "#0"}
			}
		},
		{
			"from": [4.75, 28, 6.5],
			"to": [5.25, 28.5, 9],
			"rotation": {"angle": 0, "axis": "y", "origin": [14, 0, 7.5]},
			"faces": {
				"north": {"uv": [6, 7, 7, 8], "texture": "#0"},
				"east": {"uv": [7, 6, 12, 7], "texture": "#0"},
				"south": {"uv": [6, 7, 7, 8], "texture": "#0"},
				"west": {"uv": [7, 6, 12, 7], "texture": "#0"},
				"up": {"uv": [6, 7, 11, 8], "rotation": 270, "texture": "#0"},
				"down": {"uv": [6, 7, 11, 8], "rotation": 90, "texture": "#0"}
			}
		},
		{
			"from": [4.75, 28.5, 7],
			"to": [5.25, 29, 9.5],
			"rotation": {"angle": 0, "axis": "y", "origin": [14, 0, 7.5]},
			"faces": {
				"north": {"uv": [6, 7, 7, 8], "texture": "#0"},
				"east": {"uv": [6, 7, 11, 8], "texture": "#0"},
				"south": {"uv": [6, 7, 7, 8], "texture": "#0"},
				"west": {"uv": [7, 6, 12, 7], "texture": "#0"},
				"up": {"uv": [6, 7, 11, 8], "rotation": 270, "texture": "#0"},
				"down": {"uv": [6, 7, 11, 8], "rotation": 90, "texture": "#0"}
			}
		},
		{
			"from": [4.75, 29, 7.5],
			"to": [5.25, 29.5, 10],
			"rotation": {"angle": 0, "axis": "y", "origin": [14, 0, 7.5]},
			"faces": {
				"north": {"uv": [6, 7, 7, 8], "texture": "#0"},
				"east": {"uv": [6, 7, 11, 8], "texture": "#0"},
				"south": {"uv": [6, 7, 7, 8], "texture": "#0"},
				"west": {"uv": [7, 6, 12, 7], "texture": "#0"},
				"up": {"uv": [6, 7, 11, 8], "rotation": 270, "texture": "#0"},
				"down": {"uv": [6, 7, 11, 8], "rotation": 90, "texture": "#0"}
			}
		},
		{
			"from": [4.75, 29.5, 8],
			"to": [5.25, 30, 10.5],
			"rotation": {"angle": 0, "axis": "y", "origin": [14, 0, 7.5]},
			"faces": {
				"north": {"uv": [6, 7, 7, 8], "texture": "#0"},
				"east": {"uv": [10, 3, 15, 4], "texture": "#0"},
				"south": {"uv": [6, 7, 7, 8], "texture": "#0"},
				"west": {"uv": [10, 3, 15, 4], "texture": "#0"},
				"up": {"uv": [6, 7, 11, 8], "rotation": 270, "texture": "#0"},
				"down": {"uv": [6, 7, 11, 8], "rotation": 90, "texture": "#0"}
			}
		},
		{
			"from": [4.75, 30, 8.5],
			"to": [5.25, 30.5, 11],
			"rotation": {"angle": 0, "axis": "y", "origin": [14, 0, 7.5]},
			"faces": {
				"north": {"uv": [6, 7, 7, 8], "texture": "#0"},
				"east": {"uv": [10, 3, 15, 4], "texture": "#0"},
				"south": {"uv": [6, 7, 7, 8], "texture": "#0"},
				"west": {"uv": [11, 2, 16, 3], "texture": "#0"},
				"up": {"uv": [6, 7, 11, 8], "rotation": 270, "texture": "#0"},
				"down": {"uv": [6, 7, 11, 8], "rotation": 90, "texture": "#0"}
			}
		},
		{
			"from": [4.75, 31, 9.5],
			"to": [5.25, 31.5, 11.5],
			"rotation": {"angle": 0, "axis": "y", "origin": [14, 0, 7.5]},
			"faces": {
				"north": {"uv": [12, 1, 13, 2], "texture": "#0"},
				"east": {"uv": [12, 1, 16, 2], "texture": "#0"},
				"south": {"uv": [12, 1, 13, 2], "texture": "#0"},
				"west": {"uv": [12, 1, 16, 2], "texture": "#0"},
				"up": {"uv": [12, 1, 16, 2], "rotation": 270, "texture": "#0"}
			}
		},
		{
			"from": [4.75, 31.5, 10],
			"to": [5.25, 32, 11.5],
			"rotation": {"angle": 0, "axis": "y", "origin": [14, 0, 7.5]},
			"faces": {
				"north": {"uv": [16, 0, 13, 1], "texture": "#0"},
				"east": {"uv": [16, 0, 13, 1], "texture": "#0"},
				"south": {"uv": [16, 0, 13, 1], "texture": "#0"},
				"west": {"uv": [16, 0, 13, 1], "texture": "#0"},
				"up": {"uv": [16, 0, 13, 1], "rotation": 270, "texture": "#0"}
			}
		},
		{
			"from": [4.75, 28, 4.5],
			"to": [5.25, 29, 5.5],
			"rotation": {"angle": 0, "axis": "y", "origin": [14, 0, 7.5]},
			"faces": {
				"north": {"uv": [2, 6, 4, 7], "texture": "#0"},
				"east": {"uv": [4, 6, 2, 8], "texture": "#0"},
				"south": {"uv": [2, 6, 4, 7], "texture": "#0"},
				"west": {"uv": [2, 6, 4, 8], "texture": "#0"},
				"up": {"uv": [2, 6, 4, 7], "rotation": 270, "texture": "#0"},
				"down": {"uv": [2, 6, 4, 7], "rotation": 90, "texture": "#0"}
			}
		},
		{
			"from": [4.75, 26.5, 5.5],
			"to": [5.25, 27, 7.5],
			"rotation": {"angle": 0, "axis": "y", "origin": [14, 0, 7.5]},
			"faces": {
				"north": {"uv": [4, 10, 5, 11], "texture": "#0"},
				"east": {"uv": [8, 10, 4, 11], "texture": "#0"},
				"south": {"uv": [7, 10, 8, 11], "texture": "#0"},
				"west": {"uv": [4, 10, 8, 11], "texture": "#0"}
			}
		},
		{
			"from": [4.75, 25, 5],
			"to": [5.25, 25.5, 5.5],
			"rotation": {"angle": 0, "axis": "y", "origin": [14, 0, 7.5]},
			"faces": {
				"east": {"uv": [3, 13, 4, 14], "texture": "#0"},
				"south": {"uv": [3, 13, 4, 14], "texture": "#0"},
				"west": {"uv": [3, 13, 4, 14], "texture": "#0"},
				"down": {"uv": [3, 13, 4, 14], "rotation": 90, "texture": "#0"}
			}
		},
		{
			"from": [4.75, 28, 5.5],
			"to": [5.25, 28.5, 6],
			"rotation": {"angle": 0, "axis": "y", "origin": [14, 0, 7.5]},
			"faces": {
				"east": {"uv": [4, 7, 5, 8], "texture": "#0"},
				"south": {"uv": [4, 7, 5, 8], "texture": "#0"},
				"west": {"uv": [4, 7, 5, 8], "texture": "#0"},
				"up": {"uv": [4, 7, 5, 8], "rotation": 270, "texture": "#0"}
			}
		},
		{
			"from": [11.5, 16, 3.25],
			"to": [13, 17.5, 3.75],
			"rotation": {"angle": 0, "axis": "y", "origin": [14, 0, 7.5]},
			"faces": {
				"north": {"uv": [0, 13, 3, 16], "texture": "#0"},
				"east": {"uv": [0, 13, 1, 16], "texture": "#0"},
				"south": {"uv": [0, 13, 3, 16], "rotation": 270, "texture": "#0"},
				"west": {"uv": [2, 13, 3, 16], "texture": "#0"},
				"up": {"uv": [0, 13, 3, 14], "rotation": 180, "texture": "#0"},
				"down": {"uv": [0, 15, 3, 16], "texture": "#0"}
			}
		},
		{
			"from": [10.5, 17.5, 3.25],
			"to": [12, 18, 3.75],
			"rotation": {"angle": 0, "axis": "y", "origin": [14, 0, 7.5]},
			"faces": {
				"north": {"uv": [2, 12, 5, 13], "texture": "#0"},
				"east": {"uv": [2, 12, 3, 13], "texture": "#0"},
				"south": {"uv": [2, 12, 5, 13], "texture": "#0"},
				"west": {"uv": [4, 12, 5, 13], "texture": "#0"},
				"up": {"uv": [2, 12, 5, 13], "texture": "#0"},
				"down": {"uv": [2, 12, 5, 13], "texture": "#0"}
			}
		},
		{
			"from": [8, 17.5, 3.25],
			"to": [10, 18, 3.75],
			"rotation": {"angle": 0, "axis": "y", "origin": [14, 0, 7.5]},
			"faces": {
				"north": {"uv": [6, 12, 10, 13], "texture": "#0"},
				"east": {"uv": [6, 12, 10, 13], "texture": "#0"},
				"south": {"uv": [10, 12, 6, 13], "texture": "#0"},
				"west": {"uv": [6, 12, 7, 13], "texture": "#0"},
				"up": {"uv": [6, 12, 10, 13], "texture": "#0"},
				"down": {"uv": [6, 12, 10, 13], "texture": "#0"}
			}
		},
		{
			"from": [8, 17, 3.25],
			"to": [9, 17.5, 3.75],
			"rotation": {"angle": 0, "axis": "y", "origin": [14, 0, 7.5]},
			"faces": {
				"north": {"uv": [8, 13, 10, 14], "texture": "#0"},
				"east": {"uv": [8, 13, 10, 14], "texture": "#0"},
				"south": {"uv": [8, 13, 10, 14], "texture": "#0"},
				"west": {"uv": [8, 13, 10, 14], "texture": "#0"},
				"down": {"uv": [8, 13, 10, 14], "texture": "#0"}
			}
		},
		{
			"from": [8.5, 18, 3.25],
			"to": [11.5, 18.5, 3.75],
			"rotation": {"angle": 0, "axis": "y", "origin": [14, 0, 7.5]},
			"faces": {
				"north": {"uv": [3, 11, 9, 12], "texture": "#0"},
				"east": {"uv": [3, 11, 4, 12], "texture": "#0"},
				"south": {"uv": [9, 11, 3, 12], "texture": "#0"},
				"west": {"uv": [8, 11, 9, 12], "texture": "#0"},
				"up": {"uv": [9, 11, 3, 12], "texture": "#0"},
				"down": {"uv": [3, 11, 9, 12], "texture": "#0"}
			}
		},
		{
			"from": [8.5, 19, 3.25],
			"to": [11.5, 19.5, 3.75],
			"rotation": {"angle": 0, "axis": "y", "origin": [14, 0, 7.5]},
			"faces": {
				"north": {"uv": [3, 9, 9, 10], "texture": "#0"},
				"east": {"uv": [3, 9, 4, 10], "texture": "#0"},
				"south": {"uv": [9, 9, 3, 10], "texture": "#0"},
				"west": {"uv": [8, 9, 9, 10], "texture": "#0"},
				"down": {"uv": [3, 9, 9, 10], "texture": "#0"}
			}
		},
		{
			"from": [8, 19.5, 3.25],
			"to": [11.5, 20, 3.75],
			"rotation": {"angle": 0, "axis": "y", "origin": [14, 0, 7.5]},
			"faces": {
				"north": {"uv": [3, 8, 10, 9], "texture": "#0"},
				"east": {"uv": [3, 8, 4, 9], "texture": "#0"},
				"south": {"uv": [10, 8, 3, 9], "texture": "#0"},
				"west": {"uv": [9, 8, 10, 9], "texture": "#0"},
				"up": {"uv": [10, 8, 3, 9], "texture": "#0"},
				"down": {"uv": [3, 8, 10, 9], "texture": "#0"}
			}
		},
		{
			"from": [7.5, 20, 3.25],
			"to": [10, 20.5, 3.75],
			"rotation": {"angle": 0, "axis": "y", "origin": [14, 0, 7.5]},
			"faces": {
				"north": {"uv": [7, 6, 12, 7], "texture": "#0"},
				"east": {"uv": [6, 7, 7, 8], "texture": "#0"},
				"south": {"uv": [7, 6, 12, 7], "texture": "#0"},
				"west": {"uv": [6, 7, 7, 8], "texture": "#0"},
				"up": {"uv": [6, 7, 11, 8], "texture": "#0"},
				"down": {"uv": [6, 7, 11, 8], "texture": "#0"}
			}
		},
		{
			"from": [7, 20.5, 3.25],
			"to": [9.5, 21, 3.75],
			"rotation": {"angle": 0, "axis": "y", "origin": [14, 0, 7.5]},
			"faces": {
				"north": {"uv": [7, 6, 12, 7], "texture": "#0"},
				"east": {"uv": [6, 7, 7, 8], "texture": "#0"},
				"south": {"uv": [6, 7, 11, 8], "texture": "#0"},
				"west": {"uv": [6, 7, 7, 8], "texture": "#0"},
				"up": {"uv": [6, 7, 11, 8], "texture": "#0"},
				"down": {"uv": [6, 7, 11, 8], "texture": "#0"}
			}
		},
		{
			"from": [6.5, 21, 3.25],
			"to": [9, 21.5, 3.75],
			"rotation": {"angle": 0, "axis": "y", "origin": [14, 0, 7.5]},
			"faces": {
				"north": {"uv": [7, 6, 12, 7], "texture": "#0"},
				"east": {"uv": [6, 7, 7, 8], "texture": "#0"},
				"south": {"uv": [6, 7, 11, 8], "texture": "#0"},
				"west": {"uv": [6, 7, 7, 8], "texture": "#0"},
				"up": {"uv": [6, 7, 11, 8], "texture": "#0"},
				"down": {"uv": [6, 7, 11, 8], "texture": "#0"}
			}
		},
		{
			"from": [6, 21.5, 3.25],
			"to": [8.5, 22, 3.75],
			"rotation": {"angle": 0, "axis": "y", "origin": [14, 0, 7.5]},
			"faces": {
				"north": {"uv": [10, 3, 15, 4], "texture": "#0"},
				"east": {"uv": [6, 7, 7, 8], "texture": "#0"},
				"south": {"uv": [10, 3, 15, 4], "texture": "#0"},
				"west": {"uv": [6, 7, 7, 8], "texture": "#0"},
				"up": {"uv": [6, 7, 11, 8], "texture": "#0"},
				"down": {"uv": [6, 7, 11, 8], "texture": "#0"}
			}
		},
		{
			"from": [5.5, 22, 3.25],
			"to": [8, 22.5, 3.75],
			"rotation": {"angle": 0, "axis": "y", "origin": [14, 0, 7.5]},
			"faces": {
				"north": {"uv": [11, 2, 16, 3], "texture": "#0"},
				"east": {"uv": [6, 7, 7, 8], "texture": "#0"},
				"south": {"uv": [10, 3, 15, 4], "texture": "#0"},
				"west": {"uv": [6, 7, 7, 8], "texture": "#0"},
				"up": {"uv": [6, 7, 11, 8], "texture": "#0"},
				"down": {"uv": [6, 7, 11, 8], "texture": "#0"}
			}
		},
		{
			"from": [5, 22.5, 3.25],
			"to": [7.5, 23, 3.75],
			"rotation": {"angle": 0, "axis": "y", "origin": [14, 0, 7.5]},
			"faces": {
				"north": {"uv": [11, 2, 16, 3], "texture": "#0"},
				"east": {"uv": [6, 7, 7, 8], "texture": "#0"},
				"south": {"uv": [10, 3, 15, 4], "texture": "#0"},
				"west": {"uv": [6, 7, 7, 8], "texture": "#0"},
				"up": {"uv": [6, 7, 11, 8], "texture": "#0"},
				"down": {"uv": [6, 7, 11, 8], "texture": "#0"}
			}
		},
		{
			"from": [5, 23, 3.25],
			"to": [7, 23.5, 3.75],
			"rotation": {"angle": 0, "axis": "y", "origin": [14, 0, 7.5]},
			"faces": {
				"north": {"uv": [12, 1, 16, 2], "texture": "#0"},
				"east": {"uv": [12, 1, 13, 2], "texture": "#0"},
				"south": {"uv": [12, 1, 16, 2], "texture": "#0"},
				"west": {"uv": [12, 1, 13, 2], "texture": "#0"},
				"up": {"uv": [12, 1, 16, 2], "texture": "#0"}
			}
		},
		{
			"from": [5, 23.5, 3.25],
			"to": [6.5, 24, 3.75],
			"rotation": {"angle": 0, "axis": "y", "origin": [14, 0, 7.5]},
			"faces": {
				"north": {"uv": [16, 0, 13, 1], "texture": "#0"},
				"east": {"uv": [16, 0, 13, 1], "texture": "#0"},
				"south": {"uv": [16, 0, 13, 1], "texture": "#0"},
				"west": {"uv": [16, 0, 13, 1], "texture": "#0"},
				"up": {"uv": [16, 0, 13, 1], "texture": "#0"}
			}
		},
		{
			"from": [11, 20, 3.25],
			"to": [12, 21, 3.75],
			"rotation": {"angle": 0, "axis": "y", "origin": [14, 0, 7.5]},
			"faces": {
				"north": {"uv": [2, 6, 4, 8], "texture": "#0"},
				"east": {"uv": [2, 6, 4, 7], "texture": "#0"},
				"south": {"uv": [4, 6, 2, 8], "texture": "#0"},
				"west": {"uv": [2, 6, 4, 7], "texture": "#0"},
				"up": {"uv": [2, 6, 4, 7], "texture": "#0"},
				"down": {"uv": [2, 6, 4, 7], "texture": "#0"}
			}
		},
		{
			"from": [9, 18.5, 3.25],
			"to": [11, 19, 3.75],
			"rotation": {"angle": 0, "axis": "y", "origin": [14, 0, 7.5]},
			"faces": {
				"north": {"uv": [4, 10, 8, 11], "texture": "#0"},
				"east": {"uv": [4, 10, 5, 11], "texture": "#0"},
				"south": {"uv": [8, 10, 4, 11], "texture": "#0"},
				"west": {"uv": [7, 10, 8, 11], "texture": "#0"}
			}
		},
		{
			"from": [11, 17, 3.25],
			"to": [11.5, 17.5, 3.75],
			"rotation": {"angle": 0, "axis": "y", "origin": [14, 0, 7.5]},
			"faces": {
				"north": {"uv": [3, 13, 4, 14], "texture": "#0"},
				"south": {"uv": [3, 13, 4, 14], "texture": "#0"},
				"west": {"uv": [3, 13, 4, 14], "texture": "#0"},
				"down": {"uv": [3, 13, 4, 14], "texture": "#0"}
			}
		},
		{
			"from": [10.5, 20, 3.25],
			"to": [11, 20.5, 3.75],
			"rotation": {"angle": 0, "axis": "y", "origin": [14, 0, 7.5]},
			"faces": {
				"north": {"uv": [4, 7, 5, 8], "texture": "#0"},
				"south": {"uv": [4, 7, 5, 8], "texture": "#0"},
				"west": {"uv": [4, 7, 5, 8], "texture": "#0"},
				"up": {"uv": [4, 7, 5, 8], "texture": "#0"}
			}
		},
		{
			"from": [5, 0, 11.25],
			"to": [6.5, 1.5, 11.75],
			"rotation": {"angle": 0, "axis": "y", "origin": [14, 0, 7.5]},
			"faces": {
				"north": {"uv": [0, 13, 3, 16], "rotation": 270, "texture": "#0"},
				"east": {"uv": [2, 13, 3, 16], "texture": "#0"},
				"south": {"uv": [0, 13, 3, 16], "texture": "#0"},
				"west": {"uv": [0, 13, 1, 16], "texture": "#0"},
				"up": {"uv": [0, 13, 3, 14], "texture": "#0"},
				"down": {"uv": [0, 15, 3, 16], "rotation": 180, "texture": "#0"}
			}
		},
		{
			"from": [6, 1.5, 11.25],
			"to": [7.5, 2, 11.75],
			"rotation": {"angle": 0, "axis": "y", "origin": [14, 0, 7.5]},
			"faces": {
				"north": {"uv": [2, 12, 5, 13], "texture": "#0"},
				"east": {"uv": [4, 12, 5, 13], "texture": "#0"},
				"south": {"uv": [2, 12, 5, 13], "texture": "#0"},
				"west": {"uv": [2, 12, 3, 13], "texture": "#0"},
				"up": {"uv": [2, 12, 5, 13], "rotation": 180, "texture": "#0"},
				"down": {"uv": [2, 12, 5, 13], "rotation": 180, "texture": "#0"}
			}
		},
		{
			"from": [8, 1.5, 11.25],
			"to": [10, 2, 11.75],
			"rotation": {"angle": 0, "axis": "y", "origin": [14, 0, 7.5]},
			"faces": {
				"north": {"uv": [10, 12, 6, 13], "texture": "#0"},
				"east": {"uv": [6, 12, 7, 13], "texture": "#0"},
				"south": {"uv": [6, 12, 10, 13], "texture": "#0"},
				"west": {"uv": [6, 12, 10, 13], "texture": "#0"},
				"up": {"uv": [6, 12, 10, 13], "rotation": 180, "texture": "#0"},
				"down": {"uv": [6, 12, 10, 13], "rotation": 180, "texture": "#0"}
			}
		},
		{
			"from": [9, 1, 11.25],
			"to": [10, 1.5, 11.75],
			"rotation": {"angle": 0, "axis": "y", "origin": [14, 0, 7.5]},
			"faces": {
				"north": {"uv": [8, 13, 10, 14], "texture": "#0"},
				"east": {"uv": [8, 13, 10, 14], "texture": "#0"},
				"south": {"uv": [8, 13, 10, 14], "texture": "#0"},
				"west": {"uv": [8, 13, 10, 14], "texture": "#0"},
				"down": {"uv": [8, 13, 10, 14], "rotation": 180, "texture": "#0"}
			}
		},
		{
			"from": [6.5, 2, 11.25],
			"to": [9.5, 2.5, 11.75],
			"rotation": {"angle": 0, "axis": "y", "origin": [14, 0, 7.5]},
			"faces": {
				"north": {"uv": [9, 11, 3, 12], "texture": "#0"},
				"east": {"uv": [8, 11, 9, 12], "texture": "#0"},
				"south": {"uv": [3, 11, 9, 12], "texture": "#0"},
				"west": {"uv": [3, 11, 4, 12], "texture": "#0"},
				"up": {"uv": [9, 11, 3, 12], "rotation": 180, "texture": "#0"},
				"down": {"uv": [3, 11, 9, 12], "rotation": 180, "texture": "#0"}
			}
		},
		{
			"from": [6.5, 3, 11.25],
			"to": [9.5, 3.5, 11.75],
			"rotation": {"angle": 0, "axis": "y", "origin": [14, 0, 7.5]},
			"faces": {
				"north": {"uv": [9, 9, 3, 10], "texture": "#0"},
				"east": {"uv": [8, 9, 9, 10], "texture": "#0"},
				"south": {"uv": [3, 9, 9, 10], "texture": "#0"},
				"west": {"uv": [3, 9, 4, 10], "texture": "#0"},
				"down": {"uv": [3, 9, 9, 10], "rotation": 180, "texture": "#0"}
			}
		},
		{
			"from": [6.5, 3.5, 11.25],
			"to": [10, 4, 11.75],
			"rotation": {"angle": 0, "axis": "y", "origin": [14, 0, 7.5]},
			"faces": {
				"north": {"uv": [10, 8, 3, 9], "texture": "#0"},
				"east": {"uv": [9, 8, 10, 9], "texture": "#0"},
				"south": {"uv": [3, 8, 10, 9], "texture": "#0"},
				"west": {"uv": [3, 8, 4, 9], "texture": "#0"},
				"up": {"uv": [10, 8, 3, 9], "rotation": 180, "texture": "#0"},
				"down": {"uv": [3, 8, 10, 9], "rotation": 180, "texture": "#0"}
			}
		},
		{
			"from": [8, 4, 11.25],
			"to": [10.5, 4.5, 11.75],
			"rotation": {"angle": 0, "axis": "y", "origin": [14, 0, 7.5]},
			"faces": {
				"north": {"uv": [7, 6, 12, 7], "texture": "#0"},
				"east": {"uv": [6, 7, 7, 8], "texture": "#0"},
				"south": {"uv": [7, 6, 12, 7], "texture": "#0"},
				"west": {"uv": [6, 7, 7, 8], "texture": "#0"},
				"up": {"uv": [6, 7, 11, 8], "rotation": 180, "texture": "#0"},
				"down": {"uv": [6, 7, 11, 8], "rotation": 180, "texture": "#0"}
			}
		},
		{
			"from": [8.5, 4.5, 11.25],
			"to": [11, 5, 11.75],
			"rotation": {"angle": 0, "axis": "y", "origin": [14, 0, 7.5]},
			"faces": {
				"north": {"uv": [6, 7, 11, 8], "texture": "#0"},
				"east": {"uv": [6, 7, 7, 8], "texture": "#0"},
				"south": {"uv": [7, 6, 12, 7], "texture": "#0"},
				"west": {"uv": [6, 7, 7, 8], "texture": "#0"},
				"up": {"uv": [6, 7, 11, 8], "rotation": 180, "texture": "#0"},
				"down": {"uv": [6, 7, 11, 8], "rotation": 180, "texture": "#0"}
			}
		},
		{
			"from": [9, 5, 11.25],
			"to": [11.5, 5.5, 11.75],
			"rotation": {"angle": 0, "axis": "y", "origin": [14, 0, 7.5]},
			"faces": {
				"north": {"uv": [6, 7, 11, 8], "texture": "#0"},
				"east": {"uv": [6, 7, 7, 8], "texture": "#0"},
				"south": {"uv": [7, 6, 12, 7], "texture": "#0"},
				"west": {"uv": [6, 7, 7, 8], "texture": "#0"},
				"up": {"uv": [6, 7, 11, 8], "rotation": 180, "texture": "#0"},
				"down": {"uv": [6, 7, 11, 8], "rotation": 180, "texture": "#0"}
			}
		},
		{
			"from": [9.5, 5.5, 11.25],
			"to": [12, 6, 11.75],
			"rotation": {"angle": 0, "axis": "y", "origin": [14, 0, 7.5]},
			"faces": {
				"north": {"uv": [10, 3, 15, 4], "texture": "#0"},
				"east": {"uv": [6, 7, 7, 8], "texture": "#0"},
				"south": {"uv": [10, 3, 15, 4], "texture": "#0"},
				"west": {"uv": [6, 7, 7, 8], "texture": "#0"},
				"up": {"uv": [6, 7, 11, 8], "rotation": 180, "texture": "#0"},
				"down": {"uv": [6, 7, 11, 8], "rotation": 180, "texture": "#0"}
			}
		},
		{
			"from": [10, 6, 11.25],
			"to": [12.5, 6.5, 11.75],
			"rotation": {"angle": 0, "axis": "y", "origin": [14, 0, 7.5]},
			"faces": {
				"north": {"uv": [10, 3, 15, 4], "texture": "#0"},
				"east": {"uv": [6, 7, 7, 8], "texture": "#0"},
				"south": {"uv": [11, 2, 16, 3], "texture": "#0"},
				"west": {"uv": [6, 7, 7, 8], "texture": "#0"},
				"up": {"uv": [6, 7, 11, 8], "rotation": 180, "texture": "#0"},
				"down": {"uv": [6, 7, 11, 8], "rotation": 180, "texture": "#0"}
			}
		},
		{
			"from": [10.5, 6.5, 11.25],
			"to": [13, 7, 11.75],
			"rotation": {"angle": 0, "axis": "y", "origin": [14, 0, 7.5]},
			"faces": {
				"north": {"uv": [10, 3, 15, 4], "texture": "#0"},
				"east": {"uv": [6, 7, 7, 8], "texture": "#0"},
				"south": {"uv": [11, 2, 16, 3], "texture": "#0"},
				"west": {"uv": [6, 7, 7, 8], "texture": "#0"},
				"up": {"uv": [6, 7, 11, 8], "rotation": 180, "texture": "#0"},
				"down": {"uv": [6, 7, 11, 8], "rotation": 180, "texture": "#0"}
			}
		},
		{
			"from": [11, 7, 11.25],
			"to": [13, 7.5, 11.75],
			"rotation": {"angle": 0, "axis": "y", "origin": [14, 0, 7.5]},
			"faces": {
				"north": {"uv": [12, 1, 16, 2], "texture": "#0"},
				"east": {"uv": [12, 1, 13, 2], "texture": "#0"},
				"south": {"uv": [12, 1, 16, 2], "texture": "#0"},
				"west": {"uv": [12, 1, 13, 2], "texture": "#0"},
				"up": {"uv": [12, 1, 16, 2], "rotation": 180, "texture": "#0"}
			}
		},
		{
			"from": [11.5, 7.5, 11.25],
			"to": [13, 8, 11.75],
			"rotation": {"angle": 0, "axis": "y", "origin": [14, 0, 7.5]},
			"faces": {
				"north": {"uv": [16, 0, 13, 1], "texture": "#0"},
				"east": {"uv": [16, 0, 13, 1], "texture": "#0"},
				"south": {"uv": [16, 0, 13, 1], "texture": "#0"},
				"west": {"uv": [16, 0, 13, 1], "texture": "#0"},
				"up": {"uv": [16, 0, 13, 1], "rotation": 180, "texture": "#0"}
			}
		},
		{
			"from": [6, 4, 11.25],
			"to": [7, 5, 11.75],
			"rotation": {"angle": 0, "axis": "y", "origin": [14, 0, 7.5]},
			"faces": {
				"north": {"uv": [4, 6, 2, 8], "texture": "#0"},
				"east": {"uv": [2, 6, 4, 7], "texture": "#0"},
				"south": {"uv": [2, 6, 4, 8], "texture": "#0"},
				"west": {"uv": [2, 6, 4, 7], "texture": "#0"},
				"up": {"uv": [2, 6, 4, 7], "rotation": 180, "texture": "#0"},
				"down": {"uv": [2, 6, 4, 7], "rotation": 180, "texture": "#0"}
			}
		},
		{
			"from": [7, 2.5, 11.25],
			"to": [9, 3, 11.75],
			"rotation": {"angle": 0, "axis": "y", "origin": [14, 0, 7.5]},
			"faces": {
				"north": {"uv": [8, 10, 4, 11], "texture": "#0"},
				"east": {"uv": [7, 10, 8, 11], "texture": "#0"},
				"south": {"uv": [4, 10, 8, 11], "texture": "#0"},
				"west": {"uv": [4, 10, 5, 11], "texture": "#0"}
			}
		},
		{
			"from": [6.5, 1, 11.25],
			"to": [7, 1.5, 11.75],
			"rotation": {"angle": 0, "axis": "y", "origin": [14, 0, 7.5]},
			"faces": {
				"north": {"uv": [3, 13, 4, 14], "texture": "#0"},
				"east": {"uv": [3, 13, 4, 14], "texture": "#0"},
				"south": {"uv": [3, 13, 4, 14], "texture": "#0"},
				"down": {"uv": [3, 13, 4, 14], "rotation": 180, "texture": "#0"}
			}
		},
		{
			"from": [7, 4, 11.25],
			"to": [7.5, 4.5, 11.75],
			"rotation": {"angle": 0, "axis": "y", "origin": [14, 0, 7.5]},
			"faces": {
				"north": {"uv": [4, 7, 5, 8], "texture": "#0"},
				"east": {"uv": [4, 7, 5, 8], "texture": "#0"},
				"south": {"uv": [4, 7, 5, 8], "texture": "#0"},
				"up": {"uv": [4, 7, 5, 8], "rotation": 180, "texture": "#0"}
			}
		},
		{
			"from": [12.75, 12, 9],
			"to": [13.25, 12.5, 9.5],
			"rotation": {"angle": 0, "axis": "y", "origin": [14, 0, 7.5]},
			"faces": {
				"north": {"uv": [4, 7, 5, 8], "texture": "#0"},
				"east": {"uv": [4, 7, 5, 8], "texture": "#0"},
				"west": {"uv": [4, 7, 5, 8], "texture": "#0"},
				"up": {"uv": [4, 7, 5, 8], "rotation": 90, "texture": "#0"}
			}
		},
		{
			"from": [12.75, 9, 9.5],
			"to": [13.25, 9.5, 10],
			"rotation": {"angle": 0, "axis": "y", "origin": [14, 0, 7.5]},
			"faces": {
				"north": {"uv": [3, 13, 4, 14], "texture": "#0"},
				"east": {"uv": [3, 13, 4, 14], "texture": "#0"},
				"west": {"uv": [3, 13, 4, 14], "texture": "#0"},
				"down": {"uv": [3, 13, 4, 14], "rotation": 270, "texture": "#0"}
			}
		},
		{
			"from": [12.75, 10.5, 7.5],
			"to": [13.25, 11, 9.5],
			"rotation": {"angle": 0, "axis": "y", "origin": [14, 0, 7.5]},
			"faces": {
				"north": {"uv": [7, 10, 8, 11], "texture": "#0"},
				"east": {"uv": [4, 10, 8, 11], "texture": "#0"},
				"south": {"uv": [4, 10, 5, 11], "texture": "#0"},
				"west": {"uv": [8, 10, 4, 11], "texture": "#0"}
			}
		},
		{
			"from": [12.75, 12, 9.5],
			"to": [13.25, 13, 10.5],
			"rotation": {"angle": 0, "axis": "y", "origin": [14, 0, 7.5]},
			"faces": {
				"north": {"uv": [2, 6, 4, 7], "texture": "#0"},
				"east": {"uv": [2, 6, 4, 8], "texture": "#0"},
				"south": {"uv": [2, 6, 4, 7], "texture": "#0"},
				"west": {"uv": [4, 6, 2, 8], "texture": "#0"},
				"up": {"uv": [2, 6, 4, 7], "rotation": 90, "texture": "#0"},
				"down": {"uv": [2, 6, 4, 7], "rotation": 270, "texture": "#0"}
			}
		},
		{
			"from": [12.75, 15.5, 3.5],
			"to": [13.25, 16, 5],
			"rotation": {"angle": 0, "axis": "y", "origin": [14, 0, 7.5]},
			"faces": {
				"north": {"uv": [16, 0, 13, 1], "texture": "#0"},
				"east": {"uv": [16, 0, 13, 1], "texture": "#0"},
				"south": {"uv": [16, 0, 13, 1], "texture": "#0"},
				"west": {"uv": [16, 0, 13, 1], "texture": "#0"},
				"up": {"uv": [16, 0, 13, 1], "rotation": 90, "texture": "#0"}
			}
		},
		{
			"from": [12.75, 15, 3.5],
			"to": [13.25, 15.5, 5.5],
			"rotation": {"angle": 0, "axis": "y", "origin": [14, 0, 7.5]},
			"faces": {
				"north": {"uv": [12, 1, 13, 2], "texture": "#0"},
				"east": {"uv": [12, 1, 16, 2], "texture": "#0"},
				"south": {"uv": [12, 1, 13, 2], "texture": "#0"},
				"west": {"uv": [12, 1, 16, 2], "texture": "#0"},
				"up": {"uv": [12, 1, 16, 2], "rotation": 90, "texture": "#0"}
			}
		},
		{
			"from": [12.75, 14, 4],
			"to": [13.25, 14.5, 6.5],
			"rotation": {"angle": 0, "axis": "y", "origin": [14, 0, 7.5]},
			"faces": {
				"north": {"uv": [6, 7, 7, 8], "texture": "#0"},
				"east": {"uv": [11, 2, 16, 3], "texture": "#0"},
				"south": {"uv": [6, 7, 7, 8], "texture": "#0"},
				"west": {"uv": [10, 3, 15, 4], "texture": "#0"},
				"up": {"uv": [6, 7, 11, 8], "rotation": 90, "texture": "#0"},
				"down": {"uv": [6, 7, 11, 8], "rotation": 270, "texture": "#0"}
			}
		},
		{
			"from": [12.75, 13.5, 4.5],
			"to": [13.25, 14, 7],
			"rotation": {"angle": 0, "axis": "y", "origin": [14, 0, 7.5]},
			"faces": {
				"north": {"uv": [6, 7, 7, 8], "texture": "#0"},
				"east": {"uv": [10, 3, 15, 4], "texture": "#0"},
				"south": {"uv": [6, 7, 7, 8], "texture": "#0"},
				"west": {"uv": [10, 3, 15, 4], "texture": "#0"},
				"up": {"uv": [6, 7, 11, 8], "rotation": 90, "texture": "#0"},
				"down": {"uv": [6, 7, 11, 8], "rotation": 270, "texture": "#0"}
			}
		},
		{
			"from": [12.75, 13, 5],
			"to": [13.25, 13.5, 7.5],
			"rotation": {"angle": 0, "axis": "y", "origin": [14, 0, 7.5]},
			"faces": {
				"north": {"uv": [6, 7, 7, 8], "texture": "#0"},
				"east": {"uv": [7, 6, 12, 7], "texture": "#0"},
				"south": {"uv": [6, 7, 7, 8], "texture": "#0"},
				"west": {"uv": [6, 7, 11, 8], "texture": "#0"},
				"up": {"uv": [6, 7, 11, 8], "rotation": 90, "texture": "#0"},
				"down": {"uv": [6, 7, 11, 8], "rotation": 270, "texture": "#0"}
			}
		},
		{
			"from": [12.75, 12.5, 5.5],
			"to": [13.25, 13, 8],
			"rotation": {"angle": 0, "axis": "y", "origin": [14, 0, 7.5]},
			"faces": {
				"north": {"uv": [6, 7, 7, 8], "texture": "#0"},
				"east": {"uv": [7, 6, 12, 7], "texture": "#0"},
				"south": {"uv": [6, 7, 7, 8], "texture": "#0"},
				"west": {"uv": [6, 7, 11, 8], "texture": "#0"},
				"up": {"uv": [6, 7, 11, 8], "rotation": 90, "texture": "#0"},
				"down": {"uv": [6, 7, 11, 8], "rotation": 270, "texture": "#0"}
			}
		},
		{
			"from": [12.75, 12, 6],
			"to": [13.25, 12.5, 8.5],
			"rotation": {"angle": 0, "axis": "y", "origin": [14, 0, 7.5]},
			"faces": {
				"north": {"uv": [6, 7, 7, 8], "texture": "#0"},
				"east": {"uv": [7, 6, 12, 7], "texture": "#0"},
				"south": {"uv": [6, 7, 7, 8], "texture": "#0"},
				"west": {"uv": [7, 6, 12, 7], "texture": "#0"},
				"up": {"uv": [6, 7, 11, 8], "rotation": 90, "texture": "#0"},
				"down": {"uv": [6, 7, 11, 8], "rotation": 270, "texture": "#0"}
			}
		},
		{
			"from": [12.75, 11.5, 6.5],
			"to": [13.25, 12, 10],
			"rotation": {"angle": 0, "axis": "y", "origin": [14, 0, 7.5]},
			"faces": {
				"north": {"uv": [9, 8, 10, 9], "texture": "#0"},
				"east": {"uv": [3, 8, 10, 9], "texture": "#0"},
				"south": {"uv": [3, 8, 4, 9], "texture": "#0"},
				"west": {"uv": [10, 8, 3, 9], "texture": "#0"},
				"up": {"uv": [10, 8, 3, 9], "rotation": 90, "texture": "#0"},
				"down": {"uv": [3, 8, 10, 9], "rotation": 270, "texture": "#0"}
			}
		},
		{
			"from": [12.75, 11, 7],
			"to": [13.25, 11.5, 10],
			"rotation": {"angle": 0, "axis": "y", "origin": [14, 0, 7.5]},
			"faces": {
				"north": {"uv": [8, 9, 9, 10], "texture": "#0"},
				"east": {"uv": [3, 9, 9, 10], "texture": "#0"},
				"south": {"uv": [3, 9, 4, 10], "texture": "#0"},
				"west": {"uv": [9, 9, 3, 10], "texture": "#0"},
				"down": {"uv": [3, 9, 9, 10], "rotation": 270, "texture": "#0"}
			}
		},
		{
			"from": [12.75, 10, 7],
			"to": [13.25, 10.5, 10],
			"rotation": {"angle": 0, "axis": "y", "origin": [14, 0, 7.5]},
			"faces": {
				"north": {"uv": [8, 11, 9, 12], "texture": "#0"},
				"east": {"uv": [3, 11, 9, 12], "texture": "#0"},
				"south": {"uv": [3, 11, 4, 12], "texture": "#0"},
				"west": {"uv": [9, 11, 3, 12], "texture": "#0"},
				"up": {"uv": [9, 11, 3, 12], "rotation": 90, "texture": "#0"},
				"down": {"uv": [3, 11, 9, 12], "rotation": 270, "texture": "#0"}
			}
		},
		{
			"from": [12.75, 9, 6.5],
			"to": [13.25, 9.5, 7.5],
			"rotation": {"angle": 0, "axis": "y", "origin": [14, 0, 7.5]},
			"faces": {
				"north": {"uv": [8, 13, 10, 14], "texture": "#0"},
				"east": {"uv": [8, 13, 10, 14], "texture": "#0"},
				"south": {"uv": [8, 13, 10, 14], "texture": "#0"},
				"west": {"uv": [8, 13, 10, 14], "texture": "#0"},
				"down": {"uv": [8, 13, 10, 14], "rotation": 270, "texture": "#0"}
			}
		},
		{
			"from": [12.75, 9.5, 6.5],
			"to": [13.25, 10, 8.5],
			"rotation": {"angle": 0, "axis": "y", "origin": [14, 0, 7.5]},
			"faces": {
				"north": {"uv": [6, 12, 7, 13], "texture": "#0"},
				"east": {"uv": [6, 12, 10, 13], "texture": "#0"},
				"south": {"uv": [6, 12, 10, 13], "texture": "#0"},
				"west": {"uv": [10, 12, 6, 13], "texture": "#0"},
				"up": {"uv": [6, 12, 10, 13], "rotation": 90, "texture": "#0"},
				"down": {"uv": [6, 12, 10, 13], "rotation": 270, "texture": "#0"}
			}
		},
		{
			"from": [12.75, 9.5, 9],
			"to": [13.25, 10, 10.5],
			"rotation": {"angle": 0, "axis": "y", "origin": [14, 0, 7.5]},
			"faces": {
				"north": {"uv": [4, 12, 5, 13], "texture": "#0"},
				"east": {"uv": [2, 12, 5, 13], "texture": "#0"},
				"south": {"uv": [2, 12, 3, 13], "texture": "#0"},
				"west": {"uv": [2, 12, 5, 13], "texture": "#0"},
				"up": {"uv": [2, 12, 5, 13], "rotation": 90, "texture": "#0"},
				"down": {"uv": [2, 12, 5, 13], "rotation": 270, "texture": "#0"}
			}
		},
		{
			"from": [12.75, 8, 10],
			"to": [13.25, 9.5, 11.5],
			"rotation": {"angle": 0, "axis": "y", "origin": [14, 0, 7.5]},
			"faces": {
				"north": {"uv": [2, 13, 3, 16], "texture": "#0"},
				"east": {"uv": [0, 13, 3, 16], "texture": "#0"},
				"south": {"uv": [0, 13, 1, 16], "texture": "#0"},
				"west": {"uv": [0, 13, 3, 16], "rotation": 270, "texture": "#0"},
				"up": {"uv": [0, 13, 3, 14], "rotation": 270, "texture": "#0"},
				"down": {"uv": [0, 15, 3, 16], "rotation": 270, "texture": "#0"}
			}
		},
		{
			"from": [12.75, 14.5, 3.5],
			"to": [13.25, 15, 6],
			"rotation": {"angle": 0, "axis": "y", "origin": [14, 0, 7.5]},
			"faces": {
				"north": {"uv": [6, 7, 7, 8], "texture": "#0"},
				"east": {"uv": [11, 2, 16, 3], "texture": "#0"},
				"south": {"uv": [6, 7, 7, 8], "texture": "#0"},
				"west": {"uv": [10, 3, 15, 4], "texture": "#0"},
				"up": {"uv": [6, 7, 11, 8], "rotation": 90, "texture": "#0"},
				"down": {"uv": [6, 7, 11, 8], "rotation": 270, "texture": "#0"}
			}
		}
	],
	"display": {
		"thirdperson_righthand": {
			"rotation": [45, -90, 45],
			"translation": [0, 3.25, 1.5],
			"scale": [0.6, 0.6, 0.6]
		},
		"thirdperson_lefthand": {
			"rotation": [45, -90, 45],
			"translation": [0, 3.25, 1.5],
			"scale": [0.6, 0.6, 0.6]
		},
		"firstperson_righthand": {
			"rotation": [34, -90, 45],
			"translation": [-0.5, 4.25, 2.5],
			"scale": [0.4, 0.4, 0.4]
		},
		"firstperson_lefthand": {
			"rotation": [34, -90, 45],
			"translation": [-0.5, 4.25, 2.5],
			"scale": [0.4, 0.4, 0.4]
		},
		"ground": {
			"translation": [0, 4.5, 0]
		},
		"gui": {
			"rotation": [-180, 41, -135],
			"translation": [-2.5, -3.25, 0],
			"scale": [0.5, 0.5, 0.5]
		}
	}
}