{
	"credit": "Made with Blockbench",
        "gui_light": "front",
	"textures": {
		"0": "./netherite_sword",
		"particle": "./netherite_sword"
	},
	"elements": [
		{
			"from": [11, 0, 7],
			"to": [14, 3, 8],
			"faces": {
				"north": {"uv": [0, 13, 3, 16], "texture": "#0"},
				"east": {"uv": [0, 13, 1, 16], "texture": "#0"},
				"south": {"uv": [0, 13, 3, 16], "rotation": 270, "texture": "#0"},
				"west": {"uv": [2, 13, 3, 16], "texture": "#0"},
				"up": {"uv": [0, 13, 3, 14], "rotation": 180, "texture": "#0"},
				"down": {"uv": [0, 15, 3, 16], "texture": "#0"}
			}
		},
		{
			"from": [9, 3, 7],
			"to": [12, 4, 8],
			"faces": {
				"north": {"uv": [2, 12, 5, 13], "texture": "#0"},
				"east": {"uv": [2, 12, 3, 13], "texture": "#0"},
				"south": {"uv": [2, 12, 5, 13], "texture": "#0"},
				"west": {"uv": [4, 12, 5, 13], "texture": "#0"},
				"up": {"uv": [2, 12, 5, 13], "texture": "#0"},
				"down": {"uv": [2, 12, 5, 13], "texture": "#0"}
			}
		},
		{
			"from": [4, 3, 7],
			"to": [8, 4, 8],
			"faces": {
				"north": {"uv": [6, 12, 10, 13], "texture": "#0"},
				"east": {"uv": [6, 12, 10, 13], "texture": "#0"},
				"south": {"uv": [10, 12, 6, 13], "texture": "#0"},
				"west": {"uv": [6, 12, 7, 13], "texture": "#0"},
				"up": {"uv": [6, 12, 10, 13], "texture": "#0"},
				"down": {"uv": [6, 12, 10, 13], "texture": "#0"}
			}
		},
		{
			"from": [4, 2, 7],
			"to": [6, 3, 8],
			"faces": {
				"north": {"uv": [8, 13, 10, 14], "texture": "#0"},
				"east": {"uv": [8, 13, 10, 14], "texture": "#0"},
				"south": {"uv": [8, 13, 10, 14], "texture": "#0"},
				"west": {"uv": [8, 13, 10, 14], "texture": "#0"},
				"down": {"uv": [8, 13, 10, 14], "texture": "#0"}
			}
		},
		{
			"from": [5, 4, 7],
			"to": [11, 5, 8],
			"faces": {
				"north": {"uv": [3, 11, 9, 12], "texture": "#0"},
				"east": {"uv": [3, 11, 4, 12], "texture": "#0"},
				"south": {"uv": [9, 11, 3, 12], "texture": "#0"},
				"west": {"uv": [8, 11, 9, 12], "texture": "#0"},
				"up": {"uv": [9, 11, 3, 12], "texture": "#0"},
				"down": {"uv": [3, 11, 9, 12], "texture": "#0"}
			}
		},
		{
			"from": [5, 6, 7],
			"to": [11, 7, 8],
			"faces": {
				"north": {"uv": [3, 9, 9, 10], "texture": "#0"},
				"east": {"uv": [3, 9, 4, 10], "texture": "#0"},
				"south": {"uv": [9, 9, 3, 10], "texture": "#0"},
				"west": {"uv": [8, 9, 9, 10], "texture": "#0"},
				"down": {"uv": [3, 9, 9, 10], "texture": "#0"}
			}
		},
		{
			"from": [4, 7, 7],
			"to": [11, 8, 8],
			"faces": {
				"north": {"uv": [3, 8, 10, 9], "texture": "#0"},
				"east": {"uv": [3, 8, 4, 9], "texture": "#0"},
				"south": {"uv": [10, 8, 3, 9], "texture": "#0"},
				"west": {"uv": [9, 8, 10, 9], "texture": "#0"},
				"up": {"uv": [10, 8, 3, 9], "texture": "#0"},
				"down": {"uv": [3, 8, 10, 9], "texture": "#0"}
			}
		},
		{
			"from": [3, 8, 7],
			"to": [8, 9, 8],
			"faces": {
				"north": {"uv": [6, 7, 11, 8], "texture": "#0"},
				"east": {"uv": [6, 7, 7, 8], "texture": "#0"},
				"south": {"uv": [11, 7, 6, 8], "texture": "#0"},
				"west": {"uv": [10, 7, 11, 8], "texture": "#0"},
				"up": {"uv": [11, 7, 6, 8], "texture": "#0"},
				"down": {"uv": [6, 7, 11, 8], "texture": "#0"}
			}
		},
		{
			"from": [5, 9, 7],
			"to": [7, 10, 8],
			"faces": {
				"north": {"uv": [7, 6, 9, 7], "texture": "#0"},
				"east": {"uv": [7, 6, 8, 7], "texture": "#0"},
				"south": {"uv": [9, 6, 7, 7], "texture": "#0"},
				"west": {"uv": [0, 3, 1, 4], "texture": "#0"},
				"up": {"uv": [9, 6, 7, 7], "texture": "#0"},
				"down": {"uv": [9, 6, 7, 7], "texture": "#0"}
			}
		},
		{
			"from": [4.2, 10, 7],
			"to": [6.2, 11, 8],
			"faces": {
				"north": {"uv": [8, 5, 10, 6], "texture": "#0"},
				"east": {"uv": [8, 5, 9, 6], "texture": "#0"},
				"south": {"uv": [10, 5, 8, 6], "texture": "#0"},
				"west": {"uv": [0, 3, 1, 4], "texture": "#0"},
				"up": {"uv": [10, 5, 8, 6], "texture": "#0"},
				"down": {"uv": [2, 4, 0, 5], "texture": "#0"}
			}
		},
		{
			"from": [3.4, 11, 7],
			"to": [5.4, 12, 8],
			"faces": {
				"north": {"uv": [9, 4, 11, 5], "texture": "#0"},
				"east": {"uv": [9, 4, 10, 5], "texture": "#0"},
				"south": {"uv": [11, 4, 9, 5], "texture": "#0"},
				"west": {"uv": [0, 3, 1, 4], "texture": "#0"},
				"up": {"uv": [11, 4, 9, 5], "texture": "#0"},
				"down": {"uv": [2, 4, 0, 5], "texture": "#0"}
			}
		},
		{
			"from": [2.6, 12, 7],
			"to": [4.6, 13, 8],
			"faces": {
				"north": {"uv": [10, 3, 12, 4], "texture": "#0"},
				"east": {"uv": [10, 3, 11, 4], "texture": "#0"},
				"south": {"uv": [12, 3, 10, 4], "texture": "#0"},
				"west": {"uv": [0, 3, 1, 4], "texture": "#0"},
				"up": {"uv": [12, 3, 10, 4], "texture": "#0"},
				"down": {"uv": [2, 4, 0, 5], "texture": "#0"}
			}
		},
		{
			"from": [1.8, 13, 7],
			"to": [3.8, 14, 8],
			"faces": {
				"north": {"uv": [10, 3, 12, 4], "texture": "#0"},
				"east": {"uv": [10, 3, 11, 4], "texture": "#0"},
				"south": {"uv": [12, 3, 10, 4], "texture": "#0"},
				"west": {"uv": [0, 3, 1, 4], "texture": "#0"},
				"up": {"uv": [12, 3, 10, 4], "texture": "#0"},
				"down": {"uv": [0, 3, -2, 4], "texture": "#0"}
			}
		},
		{
			"from": [2, 9, 7],
			"to": [4, 10, 8],
			"faces": {
				"north": {"uv": [10, 6, 12, 7], "texture": "#0"},
				"east": {"uv": [1, 3, 2, 4], "texture": "#0"},
				"south": {"uv": [12, 6, 10, 7], "texture": "#0"},
				"west": {"uv": [11, 6, 12, 7], "texture": "#0"},
				"up": {"uv": [2, 4, 0, 5], "texture": "#0"},
				"down": {"uv": [12, 6, 10, 7], "texture": "#0"}
			}
		},
		{
			"from": [1, 10, 7],
			"to": [3, 11, 8],
			"faces": {
				"north": {"uv": [11, 5, 13, 6], "texture": "#0"},
				"east": {"uv": [1, 3, 2, 4], "texture": "#0"},
				"south": {"uv": [13, 5, 11, 6], "texture": "#0"},
				"west": {"uv": [12, 5, 13, 6], "texture": "#0"},
				"up": {"uv": [2, 4, 0, 5], "texture": "#0"},
				"down": {"uv": [13, 5, 11, 6], "texture": "#0"}
			}
		},
		{
			"from": [0, 11, 7],
			"to": [2, 12, 8],
			"faces": {
				"north": {"uv": [12, 4, 14, 5], "texture": "#0"},
				"east": {"uv": [1, 3, 2, 4], "texture": "#0"},
				"south": {"uv": [14, 4, 12, 5], "texture": "#0"},
				"west": {"uv": [13, 4, 14, 5], "texture": "#0"},
				"up": {"uv": [2, 4, 0, 5], "texture": "#0"},
				"down": {"uv": [14, 4, 12, 5], "texture": "#0"}
			}
		},
		{
			"from": [-1, 12, 7],
			"to": [1, 13, 8],
			"faces": {
				"north": {"uv": [13, 3, 15, 4], "texture": "#0"},
				"east": {"uv": [1, 3, 2, 4], "texture": "#0"},
				"south": {"uv": [15, 3, 13, 4], "texture": "#0"},
				"west": {"uv": [14, 3, 15, 4], "texture": "#0"},
				"up": {"uv": [2, 4, 0, 5], "texture": "#0"},
				"down": {"uv": [15, 3, 13, 4], "texture": "#0"}
			}
		},
		{
			"from": [-2, 13, 7],
			"to": [0, 14, 8],
			"faces": {
				"north": {"uv": [13, 3, 15, 4], "texture": "#0"},
				"east": {"uv": [1, 3, 2, 4], "texture": "#0"},
				"south": {"uv": [15, 3, 13, 4], "texture": "#0"},
				"west": {"uv": [14, 3, 15, 4], "texture": "#0"},
				"up": {"uv": [15, 3, 13, 4], "texture": "#0"},
				"down": {"uv": [15, 3, 13, 4], "texture": "#0"}
			}
		},
		{
			"from": [-1.5, 14, 7],
			"to": [-0.5, 15, 8],
			"faces": {
				"north": {"uv": [15, 2, 16, 3], "texture": "#0"},
				"east": {"uv": [15, 2, 16, 3], "texture": "#0"},
				"south": {"uv": [15, 2, 16, 3], "texture": "#0"},
				"west": {"uv": [15, 2, 16, 3], "texture": "#0"},
				"up": {"uv": [15, 2, 16, 3], "texture": "#0"},
				"down": {"uv": [15, 2, 16, 3], "texture": "#0"}
			}
		},
		{
			"from": [1.2, 15, 7],
			"to": [2.2, 16, 8],
			"faces": {
				"north": {"uv": [13, 0, 14, 1], "texture": "#0"},
				"east": {"uv": [13, 0, 14, 1], "texture": "#0"},
				"south": {"uv": [13, 0, 14, 1], "texture": "#0"},
				"west": {"uv": [13, 0, 14, 1], "texture": "#0"},
				"up": {"uv": [13, 0, 14, 1], "texture": "#0"},
				"down": {"uv": [14, 0, 15, 1], "texture": "#0"}
			}
		},
		{
			"from": [2, 14, 7],
			"to": [3, 15, 8],
			"faces": {
				"north": {"uv": [12, 1, 13, 2], "texture": "#0"},
				"east": {"uv": [12, 1, 13, 2], "texture": "#0"},
				"south": {"uv": [12, 1, 13, 2], "texture": "#0"},
				"west": {"uv": [12, 1, 13, 2], "texture": "#0"},
				"up": {"uv": [12, 1, 13, 2], "texture": "#0"},
				"down": {"uv": [0, 3, 1, 4], "texture": "#0"}
			}
		},
		{
			"from": [2.6, 13.05, 6.9],
			"to": [3.4, 13.85, 8.1],
			"faces": {
				"north": {"uv": [4, 1, 7, 4], "texture": "#0"},
				"east": {"uv": [4, 1, 7, 4], "texture": "#0"},
				"south": {"uv": [4, 1, 7, 4], "texture": "#0"},
				"west": {"uv": [4, 1, 7, 4], "texture": "#0"},
				"up": {"uv": [4, 1, 7, 4], "texture": "#0"},
				"down": {"uv": [4, 1, 7, 4], "texture": "#0"}
			}
		},
		{
			"from": [0.1, 11.75, 6.9],
			"to": [0.9, 12.55, 8.1],
			"faces": {
				"north": {"uv": [4, 1, 7, 4], "texture": "#0"},
				"east": {"uv": [4, 1, 7, 4], "texture": "#0"},
				"south": {"uv": [4, 1, 7, 4], "texture": "#0"},
				"west": {"uv": [4, 1, 7, 4], "texture": "#0"},
				"up": {"uv": [4, 1, 7, 4], "texture": "#0"},
				"down": {"uv": [4, 1, 7, 4], "texture": "#0"}
			}
		},
		{
			"from": [10, 8, 7],
			"to": [12, 10, 8],
			"faces": {
				"north": {"uv": [2, 6, 4, 8], "texture": "#0"},
				"east": {"uv": [2, 6, 4, 7], "texture": "#0"},
				"south": {"uv": [4, 6, 2, 8], "texture": "#0"},
				"west": {"uv": [2, 6, 4, 7], "texture": "#0"},
				"up": {"uv": [2, 6, 4, 7], "texture": "#0"},
				"down": {"uv": [2, 6, 4, 7], "texture": "#0"}
			}
		},
		{
			"from": [6, 5, 7],
			"to": [10, 6, 8],
			"faces": {
				"north": {"uv": [4, 10, 8, 11], "texture": "#0"},
				"east": {"uv": [4, 10, 5, 11], "texture": "#0"},
				"south": {"uv": [8, 10, 4, 11], "texture": "#0"},
				"west": {"uv": [7, 10, 8, 11], "texture": "#0"}
			}
		},
		{
			"from": [10, 2, 7],
			"to": [11, 3, 8],
			"faces": {
				"north": {"uv": [3, 13, 4, 14], "texture": "#0"},
				"south": {"uv": [3, 13, 4, 14], "texture": "#0"},
				"west": {"uv": [3, 13, 4, 14], "texture": "#0"},
				"down": {"uv": [3, 13, 4, 14], "texture": "#0"}
			}
		},
		{
			"from": [9, 8, 7],
			"to": [10, 9, 8],
			"faces": {
				"north": {"uv": [4, 7, 5, 8], "texture": "#0"},
				"south": {"uv": [4, 7, 5, 8], "texture": "#0"},
				"west": {"uv": [4, 7, 5, 8], "texture": "#0"},
				"up": {"uv": [4, 7, 5, 8], "texture": "#0"}
			}
		},
		{
			"from": [2, 11, 7.3],
			"to": [2.4, 11.4, 7.7],
			"faces": {
				"north": {"uv": [0, 1, 1, 2], "texture": "#0"},
				"east": {"uv": [0, 1, 1, 2], "texture": "#0"},
				"south": {"uv": [0, 1, 1, 2], "texture": "#0"},
				"west": {"uv": [0, 1, 1, 2], "texture": "#0"},
				"up": {"uv": [0, 1, 1, 2], "texture": "#0"},
				"down": {"uv": [0, 1, 1, 2], "texture": "#0"}
			}
		},
		{
			"from": [2.3, 11.3, 7.4],
			"to": [2.6, 11.6, 7.6],
			"faces": {
				"north": {"uv": [0, 1, 1, 2], "texture": "#0"},
				"east": {"uv": [0, 1, 1, 2], "texture": "#0"},
				"south": {"uv": [0, 1, 1, 2], "texture": "#0"},
				"west": {"uv": [0, 1, 1, 2], "texture": "#0"},
				"up": {"uv": [0, 1, 1, 2], "texture": "#0"},
				"down": {"uv": [0, 1, 1, 2], "texture": "#0"}
			}
		},
		{
			"from": [2.5, 11.5, 7.45],
			"to": [2.7, 11.7, 7.55],
			"faces": {
				"north": {"uv": [0, 1, 1, 2], "texture": "#0"},
				"east": {"uv": [0, 1, 1, 2], "texture": "#0"},
				"south": {"uv": [0, 1, 1, 2], "texture": "#0"},
				"west": {"uv": [0, 1, 1, 2], "texture": "#0"},
				"up": {"uv": [0, 1, 1, 2], "texture": "#0"},
				"down": {"uv": [0, 1, 1, 2], "texture": "#0"}
			}
		},
		{
			"from": [1.5, 12.5, 7.45],
			"to": [1.7, 12.7, 7.55],
			"faces": {
				"north": {"uv": [0, 1, 1, 2], "texture": "#0"},
				"east": {"uv": [0, 1, 1, 2], "texture": "#0"},
				"south": {"uv": [0, 1, 1, 2], "texture": "#0"},
				"west": {"uv": [0, 1, 1, 2], "texture": "#0"},
				"up": {"uv": [0, 1, 1, 2], "texture": "#0"},
				"down": {"uv": [0, 1, 1, 2], "texture": "#0"}
			}
		},
		{
			"from": [1, 12, 7.3],
			"to": [1.4, 12.4, 7.7],
			"faces": {
				"north": {"uv": [0, 1, 1, 2], "texture": "#0"},
				"east": {"uv": [0, 1, 1, 2], "texture": "#0"},
				"south": {"uv": [0, 1, 1, 2], "texture": "#0"},
				"west": {"uv": [0, 1, 1, 2], "texture": "#0"},
				"up": {"uv": [0, 1, 1, 2], "texture": "#0"},
				"down": {"uv": [0, 1, 1, 2], "texture": "#0"}
			}
		},
		{
			"from": [1.3, 12.3, 7.4],
			"to": [1.6, 12.6, 7.6],
			"faces": {
				"north": {"uv": [0, 1, 1, 2], "texture": "#0"},
				"east": {"uv": [0, 1, 1, 2], "texture": "#0"},
				"south": {"uv": [0, 1, 1, 2], "texture": "#0"},
				"west": {"uv": [0, 1, 1, 2], "texture": "#0"},
				"up": {"uv": [0, 1, 1, 2], "texture": "#0"},
				"down": {"uv": [0, 1, 1, 2], "texture": "#0"}
			}
		},
		{
			"from": [0.5, 13.5, 7.45],
			"to": [0.7, 13.7, 7.55],
			"faces": {
				"north": {"uv": [0, 1, 1, 2], "texture": "#0"},
				"east": {"uv": [0, 1, 1, 2], "texture": "#0"},
				"south": {"uv": [0, 1, 1, 2], "texture": "#0"},
				"west": {"uv": [0, 1, 1, 2], "texture": "#0"},
				"up": {"uv": [0, 1, 1, 2], "texture": "#0"},
				"down": {"uv": [0, 1, 1, 2], "texture": "#0"}
			}
		},
		{
			"from": [0, 13, 7.3],
			"to": [0.4, 13.4, 7.7],
			"faces": {
				"north": {"uv": [0, 1, 1, 2], "texture": "#0"},
				"east": {"uv": [0, 1, 1, 2], "texture": "#0"},
				"south": {"uv": [0, 1, 1, 2], "texture": "#0"},
				"west": {"uv": [0, 1, 1, 2], "texture": "#0"},
				"up": {"uv": [0, 1, 1, 2], "texture": "#0"},
				"down": {"uv": [0, 1, 1, 2], "texture": "#0"}
			}
		},
		{
			"from": [0.3, 13.3, 7.4],
			"to": [0.6, 13.6, 7.6],
			"faces": {
				"north": {"uv": [0, 1, 1, 2], "texture": "#0"},
				"east": {"uv": [0, 1, 1, 2], "texture": "#0"},
				"south": {"uv": [0, 1, 1, 2], "texture": "#0"},
				"west": {"uv": [0, 1, 1, 2], "texture": "#0"},
				"up": {"uv": [0, 1, 1, 2], "texture": "#0"},
				"down": {"uv": [0, 1, 1, 2], "texture": "#0"}
			}
		},
		{
			"from": [3.5, 10.5, 7.45],
			"to": [3.7, 10.7, 7.55],
			"faces": {
				"north": {"uv": [0, 1, 1, 2], "texture": "#0"},
				"east": {"uv": [0, 1, 1, 2], "texture": "#0"},
				"south": {"uv": [0, 1, 1, 2], "texture": "#0"},
				"west": {"uv": [0, 1, 1, 2], "texture": "#0"},
				"up": {"uv": [0, 1, 1, 2], "texture": "#0"},
				"down": {"uv": [0, 1, 1, 2], "texture": "#0"}
			}
		},
		{
			"from": [3, 10, 7.3],
			"to": [3.4, 10.4, 7.7],
			"faces": {
				"north": {"uv": [0, 1, 1, 2], "texture": "#0"},
				"east": {"uv": [0, 1, 1, 2], "texture": "#0"},
				"south": {"uv": [0, 1, 1, 2], "texture": "#0"},
				"west": {"uv": [0, 1, 1, 2], "texture": "#0"},
				"up": {"uv": [0, 1, 1, 2], "texture": "#0"},
				"down": {"uv": [0, 1, 1, 2], "texture": "#0"}
			}
		},
		{
			"from": [3.3, 10.3, 7.4],
			"to": [3.6, 10.6, 7.6],
			"faces": {
				"north": {"uv": [0, 1, 1, 2], "texture": "#0"},
				"east": {"uv": [0, 1, 1, 2], "texture": "#0"},
				"south": {"uv": [0, 1, 1, 2], "texture": "#0"},
				"west": {"uv": [0, 1, 1, 2], "texture": "#0"},
				"up": {"uv": [0, 1, 1, 2], "texture": "#0"},
				"down": {"uv": [0, 1, 1, 2], "texture": "#0"}
			}
		},
		{
			"from": [4, 9.2, 7.4],
			"to": [4.3, 9.5, 7.6],
			"faces": {
				"north": {"uv": [0, 1, 1, 2], "texture": "#0"},
				"east": {"uv": [0, 1, 1, 2], "texture": "#0"},
				"south": {"uv": [0, 1, 1, 2], "texture": "#0"},
				"west": {"uv": [0, 1, 1, 2], "texture": "#0"},
				"up": {"uv": [0, 1, 1, 2], "texture": "#0"},
				"down": {"uv": [0, 1, 1, 2], "texture": "#0"}
			}
		},
		{
			"from": [3.7, 8.9, 7.3],
			"to": [4.1, 9.3, 7.7],
			"faces": {
				"north": {"uv": [0, 1, 1, 2], "texture": "#0"},
				"east": {"uv": [0, 1, 1, 2], "texture": "#0"},
				"south": {"uv": [0, 1, 1, 2], "texture": "#0"},
				"west": {"uv": [0, 1, 1, 2], "texture": "#0"},
				"up": {"uv": [0, 1, 1, 2], "texture": "#0"},
				"down": {"uv": [0, 1, 1, 2], "texture": "#0"}
			}
		},
		{
			"from": [4.2, 9.4, 7.45],
			"to": [4.4, 9.6, 7.55],
			"faces": {
				"north": {"uv": [0, 1, 1, 2], "texture": "#0"},
				"east": {"uv": [0, 1, 1, 2], "texture": "#0"},
				"south": {"uv": [0, 1, 1, 2], "texture": "#0"},
				"west": {"uv": [0, 1, 1, 2], "texture": "#0"},
				"up": {"uv": [0, 1, 1, 2], "texture": "#0"},
				"down": {"uv": [0, 1, 1, 2], "texture": "#0"}
			}
		},
		{
			"from": [3.73333, 10.13333, 7.45],
			"to": [3.93333, 10.33333, 7.55],
			"rotation": {"angle": 0, "axis": "z", "origin": [3.41667, 10.41667, 7.5]},
			"faces": {
				"north": {"uv": [0, 1, 1, 2], "rotation": 180, "texture": "#0"},
				"east": {"uv": [0, 1, 1, 2], "rotation": 180, "texture": "#0"},
				"south": {"uv": [0, 1, 1, 2], "rotation": 180, "texture": "#0"},
				"west": {"uv": [0, 1, 1, 2], "rotation": 180, "texture": "#0"},
				"up": {"uv": [0, 1, 1, 2], "rotation": 180, "texture": "#0"},
				"down": {"uv": [0, 1, 1, 2], "rotation": 180, "texture": "#0"}
			}
		},
		{
			"from": [4.03333, 10.43333, 7.3],
			"to": [4.43333, 10.83333, 7.7],
			"rotation": {"angle": 0, "axis": "z", "origin": [3.41667, 10.41667, 7.5]},
			"faces": {
				"north": {"uv": [0, 1, 1, 2], "rotation": 180, "texture": "#0"},
				"east": {"uv": [0, 1, 1, 2], "rotation": 180, "texture": "#0"},
				"south": {"uv": [0, 1, 1, 2], "rotation": 180, "texture": "#0"},
				"west": {"uv": [0, 1, 1, 2], "rotation": 180, "texture": "#0"},
				"up": {"uv": [0, 1, 1, 2], "rotation": 180, "texture": "#0"},
				"down": {"uv": [0, 1, 1, 2], "rotation": 180, "texture": "#0"}
			}
		},
		{
			"from": [3.83333, 10.23333, 7.4],
			"to": [4.13333, 10.53333, 7.6],
			"rotation": {"angle": 0, "axis": "z", "origin": [3.41667, 10.41667, 7.5]},
			"faces": {
				"north": {"uv": [0, 1, 1, 2], "rotation": 180, "texture": "#0"},
				"east": {"uv": [0, 1, 1, 2], "rotation": 180, "texture": "#0"},
				"south": {"uv": [0, 1, 1, 2], "rotation": 180, "texture": "#0"},
				"west": {"uv": [0, 1, 1, 2], "rotation": 180, "texture": "#0"},
				"up": {"uv": [0, 1, 1, 2], "rotation": 180, "texture": "#0"},
				"down": {"uv": [0, 1, 1, 2], "rotation": 180, "texture": "#0"}
			}
		},
		{
			"from": [2.83333, 11.23333, 7.45],
			"to": [3.03333, 11.43333, 7.55],
			"rotation": {"angle": 0, "axis": "z", "origin": [3.41667, 10.41667, 7.5]},
			"faces": {
				"north": {"uv": [0, 1, 1, 2], "rotation": 180, "texture": "#0"},
				"east": {"uv": [0, 1, 1, 2], "rotation": 180, "texture": "#0"},
				"south": {"uv": [0, 1, 1, 2], "rotation": 180, "texture": "#0"},
				"west": {"uv": [0, 1, 1, 2], "rotation": 180, "texture": "#0"},
				"up": {"uv": [0, 1, 1, 2], "rotation": 180, "texture": "#0"},
				"down": {"uv": [0, 1, 1, 2], "rotation": 180, "texture": "#0"}
			}
		},
		{
			"from": [3.13333, 11.53333, 7.3],
			"to": [3.53333, 11.93333, 7.7],
			"rotation": {"angle": 0, "axis": "z", "origin": [3.41667, 10.41667, 7.5]},
			"faces": {
				"north": {"uv": [0, 1, 1, 2], "rotation": 180, "texture": "#0"},
				"east": {"uv": [0, 1, 1, 2], "rotation": 180, "texture": "#0"},
				"south": {"uv": [0, 1, 1, 2], "rotation": 180, "texture": "#0"},
				"west": {"uv": [0, 1, 1, 2], "rotation": 180, "texture": "#0"},
				"up": {"uv": [0, 1, 1, 2], "rotation": 180, "texture": "#0"},
				"down": {"uv": [0, 1, 1, 2], "rotation": 180, "texture": "#0"}
			}
		},
		{
			"from": [2.93333, 11.33333, 7.4],
			"to": [3.23333, 11.63333, 7.6],
			"rotation": {"angle": 0, "axis": "z", "origin": [3.41667, 10.41667, 7.5]},
			"faces": {
				"north": {"uv": [0, 1, 1, 2], "rotation": 180, "texture": "#0"},
				"east": {"uv": [0, 1, 1, 2], "rotation": 180, "texture": "#0"},
				"south": {"uv": [0, 1, 1, 2], "rotation": 180, "texture": "#0"},
				"west": {"uv": [0, 1, 1, 2], "rotation": 180, "texture": "#0"},
				"up": {"uv": [0, 1, 1, 2], "rotation": 180, "texture": "#0"},
				"down": {"uv": [0, 1, 1, 2], "rotation": 180, "texture": "#0"}
			}
		},
		{
			"from": [1.93333, 12.33333, 7.45],
			"to": [2.13333, 12.53333, 7.55],
			"rotation": {"angle": 0, "axis": "z", "origin": [3.41667, 10.41667, 7.5]},
			"faces": {
				"north": {"uv": [0, 1, 1, 2], "rotation": 180, "texture": "#0"},
				"east": {"uv": [0, 1, 1, 2], "rotation": 180, "texture": "#0"},
				"south": {"uv": [0, 1, 1, 2], "rotation": 180, "texture": "#0"},
				"west": {"uv": [0, 1, 1, 2], "rotation": 180, "texture": "#0"},
				"up": {"uv": [0, 1, 1, 2], "rotation": 180, "texture": "#0"},
				"down": {"uv": [0, 1, 1, 2], "rotation": 180, "texture": "#0"}
			}
		},
		{
			"from": [2.23333, 12.63333, 7.3],
			"to": [2.63333, 13.03333, 7.7],
			"rotation": {"angle": 0, "axis": "z", "origin": [3.41667, 10.41667, 7.5]},
			"faces": {
				"north": {"uv": [0, 1, 1, 2], "rotation": 180, "texture": "#0"},
				"east": {"uv": [0, 1, 1, 2], "rotation": 180, "texture": "#0"},
				"south": {"uv": [0, 1, 1, 2], "rotation": 180, "texture": "#0"},
				"west": {"uv": [0, 1, 1, 2], "rotation": 180, "texture": "#0"},
				"up": {"uv": [0, 1, 1, 2], "rotation": 180, "texture": "#0"},
				"down": {"uv": [0, 1, 1, 2], "rotation": 180, "texture": "#0"}
			}
		},
		{
			"from": [2.03333, 12.43333, 7.4],
			"to": [2.33333, 12.73333, 7.6],
			"rotation": {"angle": 0, "axis": "z", "origin": [3.41667, 10.41667, 7.5]},
			"faces": {
				"north": {"uv": [0, 1, 1, 2], "rotation": 180, "texture": "#0"},
				"east": {"uv": [0, 1, 1, 2], "rotation": 180, "texture": "#0"},
				"south": {"uv": [0, 1, 1, 2], "rotation": 180, "texture": "#0"},
				"west": {"uv": [0, 1, 1, 2], "rotation": 180, "texture": "#0"},
				"up": {"uv": [0, 1, 1, 2], "rotation": 180, "texture": "#0"},
				"down": {"uv": [0, 1, 1, 2], "rotation": 180, "texture": "#0"}
			}
		},
		{
			"from": [1.23333, 13.23333, 7.45],
			"to": [1.43333, 13.43333, 7.55],
			"rotation": {"angle": 0, "axis": "z", "origin": [3.41667, 10.41667, 7.5]},
			"faces": {
				"north": {"uv": [0, 1, 1, 2], "rotation": 180, "texture": "#0"},
				"east": {"uv": [0, 1, 1, 2], "rotation": 180, "texture": "#0"},
				"south": {"uv": [0, 1, 1, 2], "rotation": 180, "texture": "#0"},
				"west": {"uv": [0, 1, 1, 2], "rotation": 180, "texture": "#0"},
				"up": {"uv": [0, 1, 1, 2], "rotation": 180, "texture": "#0"},
				"down": {"uv": [0, 1, 1, 2], "rotation": 180, "texture": "#0"}
			}
		},
		{
			"from": [1.53333, 13.53333, 7.3],
			"to": [1.93333, 13.93333, 7.7],
			"rotation": {"angle": 0, "axis": "z", "origin": [3.41667, 10.41667, 7.5]},
			"faces": {
				"north": {"uv": [0, 1, 1, 2], "rotation": 180, "texture": "#0"},
				"east": {"uv": [0, 1, 1, 2], "rotation": 180, "texture": "#0"},
				"south": {"uv": [0, 1, 1, 2], "rotation": 180, "texture": "#0"},
				"west": {"uv": [0, 1, 1, 2], "rotation": 180, "texture": "#0"},
				"up": {"uv": [0, 1, 1, 2], "rotation": 180, "texture": "#0"},
				"down": {"uv": [0, 1, 1, 2], "rotation": 180, "texture": "#0"}
			}
		},
		{
			"from": [1.33333, 13.33333, 7.4],
			"to": [1.63333, 13.63333, 7.6],
			"rotation": {"angle": 0, "axis": "z", "origin": [3.41667, 10.41667, 7.5]},
			"faces": {
				"north": {"uv": [0, 1, 1, 2], "rotation": 180, "texture": "#0"},
				"east": {"uv": [0, 1, 1, 2], "rotation": 180, "texture": "#0"},
				"south": {"uv": [0, 1, 1, 2], "rotation": 180, "texture": "#0"},
				"west": {"uv": [0, 1, 1, 2], "rotation": 180, "texture": "#0"},
				"up": {"uv": [0, 1, 1, 2], "rotation": 180, "texture": "#0"},
				"down": {"uv": [0, 1, 1, 2], "rotation": 180, "texture": "#0"}
			}
		},
		{
			"from": [4.53333, 9.33333, 7.45],
			"to": [4.73333, 9.53333, 7.55],
			"rotation": {"angle": 0, "axis": "z", "origin": [3.41667, 10.41667, 7.5]},
			"faces": {
				"north": {"uv": [0, 1, 1, 2], "rotation": 180, "texture": "#0"},
				"east": {"uv": [0, 1, 1, 2], "rotation": 180, "texture": "#0"},
				"south": {"uv": [0, 1, 1, 2], "rotation": 180, "texture": "#0"},
				"west": {"uv": [0, 1, 1, 2], "rotation": 180, "texture": "#0"},
				"up": {"uv": [0, 1, 1, 2], "rotation": 180, "texture": "#0"},
				"down": {"uv": [0, 1, 1, 2], "rotation": 180, "texture": "#0"}
			}
		},
		{
			"from": [4.83333, 9.63333, 7.3],
			"to": [5.23333, 10.03333, 7.7],
			"rotation": {"angle": 0, "axis": "z", "origin": [3.41667, 10.41667, 7.5]},
			"faces": {
				"north": {"uv": [0, 1, 1, 2], "rotation": 180, "texture": "#0"},
				"east": {"uv": [0, 1, 1, 2], "rotation": 180, "texture": "#0"},
				"south": {"uv": [0, 1, 1, 2], "rotation": 180, "texture": "#0"},
				"west": {"uv": [0, 1, 1, 2], "rotation": 180, "texture": "#0"},
				"up": {"uv": [0, 1, 1, 2], "rotation": 180, "texture": "#0"},
				"down": {"uv": [0, 1, 1, 2], "rotation": 180, "texture": "#0"}
			}
		},
		{
			"from": [4.63333, 9.43333, 7.4],
			"to": [4.93333, 9.73333, 7.6],
			"rotation": {"angle": 0, "axis": "z", "origin": [3.41667, 10.41667, 7.5]},
			"faces": {
				"north": {"uv": [0, 1, 1, 2], "rotation": 180, "texture": "#0"},
				"east": {"uv": [0, 1, 1, 2], "rotation": 180, "texture": "#0"},
				"south": {"uv": [0, 1, 1, 2], "rotation": 180, "texture": "#0"},
				"west": {"uv": [0, 1, 1, 2], "rotation": 180, "texture": "#0"},
				"up": {"uv": [0, 1, 1, 2], "rotation": 180, "texture": "#0"},
				"down": {"uv": [0, 1, 1, 2], "rotation": 180, "texture": "#0"}
			}
		},
		{
			"from": [4, 9, 7],
			"to": [5, 9.1, 8],
			"faces": {
				"north": {"uv": [12, 7, 13, 8], "texture": "#0"},
				"east": {"uv": [12, 7, 13, 8], "texture": "#0"},
				"south": {"uv": [12, 7, 13, 8], "texture": "#0"},
				"west": {"uv": [12, 7, 13, 8], "texture": "#0"},
				"up": {"uv": [12, 7, 15, 10], "texture": "#0"},
				"down": {"uv": [12, 7, 13, 8], "texture": "#0"}
			}
		},
		{
			"from": [4, 8.7, 6.91],
			"to": [5, 9.1, 7],
			"faces": {
				"north": {"uv": [12, 7, 15, 9], "texture": "#0"},
				"east": {"uv": [12, 7, 13, 8], "texture": "#0"},
				"south": {"uv": [12, 7, 13, 8], "texture": "#0"},
				"west": {"uv": [12, 7, 13, 8], "texture": "#0"},
				"up": {"uv": [12, 7, 15, 9], "texture": "#0"},
				"down": {"uv": [12, 7, 13, 8], "texture": "#0"}
			}
		},
		{
			"from": [5, 5.1, 6.9],
			"to": [6, 8.74, 7],
			"rotation": {"angle": 22.5, "axis": "z", "origin": [4.575, 6.25, 7.5]},
			"faces": {
				"north": {"uv": [12, 7, 15, 14], "texture": "#0"},
				"east": {"uv": [12, 7, 13, 14], "texture": "#0"},
				"south": {"uv": [12, 7, 15, 14], "texture": "#0"},
				"west": {"uv": [12, 7, 13, 14], "texture": "#0"},
				"up": {"uv": [12, 7, 15, 14], "texture": "#0"},
				"down": {"uv": [12, 7, 15, 14], "texture": "#0"}
			}
		},
		{
			"from": [5.3, 4.5, 6.9],
			"to": [6, 5.1, 7],
			"rotation": {"angle": 22.5, "axis": "z", "origin": [4.575, 6.25, 7.5]},
			"faces": {
				"north": {"uv": [12, 14, 13, 15], "texture": "#0"},
				"east": {"uv": [12, 14, 13, 15], "texture": "#0"},
				"south": {"uv": [12, 14, 13, 15], "texture": "#0"},
				"west": {"uv": [12, 14, 13, 15], "texture": "#0"},
				"up": {"uv": [12, 14, 13, 15], "texture": "#0"},
				"down": {"uv": [12, 14, 13, 15], "texture": "#0"}
			}
		},
		{
			"from": [4, 8.7, 8],
			"to": [5, 9.1, 8.09],
			"rotation": {"angle": 0, "axis": "y", "origin": [5.07406, 7.62369, 7.91125]},
			"faces": {
				"north": {"uv": [13, 7, 12, 8], "texture": "#0"},
				"east": {"uv": [13, 7, 12, 8], "texture": "#0"},
				"south": {"uv": [15, 7, 12, 9], "texture": "#0"},
				"west": {"uv": [13, 7, 12, 8], "texture": "#0"},
				"up": {"uv": [12, 9, 15, 7], "texture": "#0"},
				"down": {"uv": [12, 8, 13, 7], "texture": "#0"}
			}
		},
		{
			"from": [4.5123, 5.39555, 8],
			"to": [5.5123, 9.03555, 8.1],
			"rotation": {"angle": 22.5, "axis": "z", "origin": [5.07406, 7.62369, 7.91125]},
			"faces": {
				"north": {"uv": [15, 7, 12, 14], "texture": "#0"},
				"east": {"uv": [13, 7, 12, 14], "texture": "#0"},
				"south": {"uv": [15, 7, 12, 14], "texture": "#0"},
				"west": {"uv": [13, 7, 12, 14], "texture": "#0"},
				"up": {"uv": [12, 14, 15, 7], "texture": "#0"},
				"down": {"uv": [12, 14, 15, 7], "texture": "#0"}
			}
		},
		{
			"from": [4.8123, 4.79555, 8],
			"to": [5.5123, 5.39555, 8.1],
			"rotation": {"angle": 22.5, "axis": "z", "origin": [5.07406, 7.62369, 7.91125]},
			"faces": {
				"north": {"uv": [13, 14, 12, 15], "texture": "#0"},
				"east": {"uv": [13, 14, 12, 15], "texture": "#0"},
				"south": {"uv": [13, 14, 12, 15], "texture": "#0"},
				"west": {"uv": [13, 14, 12, 15], "texture": "#0"},
				"up": {"uv": [12, 15, 13, 14], "texture": "#0"},
				"down": {"uv": [12, 15, 13, 14], "texture": "#0"}
			}
		}
	],
	"display": {
		"thirdperson_righthand": {
			"rotation": [90, -90, 45],
			"translation": [0, 3.25, 1.5],
			"scale": [0.85, 0.85, 0.85]
		},
		"thirdperson_lefthand": {
			"rotation": [0, -90, 45],
			"translation": [0, 2.75, -0.75],
			"scale": [0.85, 0.85, 0.85]
		},
		"firstperson_righthand": {
			"rotation": [80, -90, 25],
			"translation": [0.13, 3.2, 1.13],
			"scale": [0.68, 0.68, 0.68]
		},
		"firstperson_lefthand": {
			"rotation": [33, 90, 25],
			"translation": [0.13, 3.2, 1.13],
			"scale": [0.68, 0.68, 0.68]
		},
		"ground": {
			"translation": [0, 4.5, 0]
		},
		"gui": {
			"rotation": [-180, 0, -180],
			"translation": [-2.5, -0.5, 0],
			"scale": [0.9, 0.9, 0.9]
		}
	}
}