{
	"credit": "Made with Blockbench",
        "gui_light": "front",
	"textures": {
		"0": "item/netherite_sword",
		"1": "./blue_portal",
		"2": "./orange_portal",
		"particle": "item/netherite_sword"
	},
	"elements": [
		{
			"from": [11, 0, 7],
			"to": [14, 3, 8],
			"faces": {
				"north": {"uv": [0, 13, 3, 16], "texture": "#0"},
				"east": {"uv": [0, 13, 1, 16], "texture": "#0"},
				"south": {"uv": [0, 13, 3, 16], "rotation": 270, "texture": "#0"},
				"west": {"uv": [2, 13, 3, 16], "texture": "#0"},
				"up": {"uv": [0, 13, 3, 14], "rotation": 180, "texture": "#0"},
				"down": {"uv": [0, 15, 3, 16], "texture": "#0"}
			}
		},
		{
			"from": [9, 3, 7],
			"to": [12, 4, 8],
			"faces": {
				"north": {"uv": [2, 12, 5, 13], "texture": "#0"},
				"east": {"uv": [2, 12, 3, 13], "texture": "#0"},
				"south": {"uv": [2, 12, 5, 13], "texture": "#0"},
				"west": {"uv": [4, 12, 5, 13], "texture": "#0"},
				"up": {"uv": [2, 12, 5, 13], "texture": "#0"},
				"down": {"uv": [2, 12, 5, 13], "texture": "#0"}
			}
		},
		{
			"from": [4, 3, 7],
			"to": [8, 4, 8],
			"faces": {
				"north": {"uv": [6, 12, 10, 13], "texture": "#0"},
				"east": {"uv": [6, 12, 10, 13], "texture": "#0"},
				"south": {"uv": [10, 12, 6, 13], "texture": "#0"},
				"west": {"uv": [6, 12, 7, 13], "texture": "#0"},
				"up": {"uv": [6, 12, 10, 13], "texture": "#0"},
				"down": {"uv": [6, 12, 10, 13], "texture": "#0"}
			}
		},
		{
			"from": [4, 2, 7],
			"to": [6, 3, 8],
			"faces": {
				"north": {"uv": [8, 13, 10, 14], "texture": "#0"},
				"east": {"uv": [8, 13, 10, 14], "texture": "#0"},
				"south": {"uv": [8, 13, 10, 14], "texture": "#0"},
				"west": {"uv": [8, 13, 10, 14], "texture": "#0"},
				"down": {"uv": [8, 13, 10, 14], "texture": "#0"}
			}
		},
		{
			"from": [5, 4, 7],
			"to": [11, 5, 8],
			"faces": {
				"north": {"uv": [3, 11, 9, 12], "texture": "#0"},
				"east": {"uv": [3, 11, 4, 12], "texture": "#0"},
				"south": {"uv": [9, 11, 3, 12], "texture": "#0"},
				"west": {"uv": [8, 11, 9, 12], "texture": "#0"},
				"up": {"uv": [9, 11, 3, 12], "texture": "#0"},
				"down": {"uv": [3, 11, 9, 12], "texture": "#0"}
			}
		},
		{
			"from": [5, 6, 7],
			"to": [11, 7, 8],
			"faces": {
				"north": {"uv": [3, 9, 9, 10], "texture": "#0"},
				"east": {"uv": [3, 9, 4, 10], "texture": "#0"},
				"south": {"uv": [9, 9, 3, 10], "texture": "#0"},
				"west": {"uv": [8, 9, 9, 10], "texture": "#0"},
				"down": {"uv": [3, 9, 9, 10], "texture": "#0"}
			}
		},
		{
			"from": [4, 7, 7],
			"to": [11, 8, 8],
			"faces": {
				"north": {"uv": [3, 8, 10, 9], "texture": "#0"},
				"east": {"uv": [3, 8, 4, 9], "texture": "#0"},
				"south": {"uv": [10, 8, 3, 9], "texture": "#0"},
				"west": {"uv": [9, 8, 10, 9], "texture": "#0"},
				"up": {"uv": [10, 8, 3, 9], "texture": "#0"},
				"down": {"uv": [3, 8, 10, 9], "texture": "#0"}
			}
		},
		{
			"from": [3, 8, 7],
			"to": [8, 9, 8],
			"faces": {
				"north": {"uv": [7, 6, 12, 7], "texture": "#0"},
				"east": {"uv": [6, 7, 7, 8], "texture": "#0"},
				"south": {"uv": [7, 6, 12, 7], "texture": "#0"},
				"west": {"uv": [6, 7, 7, 8], "texture": "#0"},
				"up": {"uv": [6, 7, 11, 8], "texture": "#0"},
				"down": {"uv": [6, 7, 11, 8], "texture": "#0"}
			}
		},
		{
			"from": [2, 9, 7],
			"to": [7, 10, 8],
			"faces": {
				"north": {"uv": [7, 6, 12, 7], "texture": "#0"},
				"east": {"uv": [6, 7, 7, 8], "texture": "#0"},
				"south": {"uv": [6, 7, 11, 8], "texture": "#0"},
				"west": {"uv": [6, 7, 7, 8], "texture": "#0"},
				"up": {"uv": [6, 7, 11, 8], "texture": "#0"},
				"down": {"uv": [6, 7, 11, 8], "texture": "#0"}
			}
		},
		{
			"from": [1, 10, 7],
			"to": [6, 11, 8],
			"faces": {
				"north": {"uv": [7, 6, 12, 7], "texture": "#0"},
				"east": {"uv": [6, 7, 7, 8], "texture": "#0"},
				"south": {"uv": [6, 7, 11, 8], "texture": "#0"},
				"west": {"uv": [6, 7, 7, 8], "texture": "#0"},
				"down": {"uv": [6, 7, 11, 8], "texture": "#0"}
			}
		},
		{
			"from": [-3, 16, 7],
			"to": [2, 17, 8],
			"faces": {
				"north": {"uv": [10, 3, 15, 4], "texture": "#0"},
				"east": {"uv": [6, 7, 7, 8], "texture": "#0"},
				"south": {"uv": [10, 3, 15, 4], "texture": "#0"},
				"west": {"uv": [6, 7, 7, 8], "texture": "#0"},
				"up": {"uv": [6, 7, 11, 8], "texture": "#0"}
			}
		},
		{
			"from": [-4, 17, 7],
			"to": [1, 18, 8],
			"faces": {
				"north": {"uv": [11, 2, 16, 3], "texture": "#0"},
				"east": {"uv": [6, 7, 7, 8], "texture": "#0"},
				"south": {"uv": [10, 3, 15, 4], "texture": "#0"},
				"west": {"uv": [6, 7, 7, 8], "texture": "#0"},
				"up": {"uv": [6, 7, 11, 8], "texture": "#0"},
				"down": {"uv": [6, 7, 11, 8], "texture": "#0"}
			}
		},
		{
			"from": [-5, 18, 7],
			"to": [0, 19, 8],
			"faces": {
				"north": {"uv": [11, 2, 16, 3], "texture": "#0"},
				"east": {"uv": [6, 7, 7, 8], "texture": "#0"},
				"south": {"uv": [10, 3, 15, 4], "texture": "#0"},
				"west": {"uv": [6, 7, 7, 8], "texture": "#0"},
				"up": {"uv": [6, 7, 11, 8], "texture": "#0"},
				"down": {"uv": [6, 7, 11, 8], "texture": "#0"}
			}
		},
		{
			"from": [-5, 19, 7],
			"to": [-1, 20, 8],
			"faces": {
				"north": {"uv": [12, 1, 16, 2], "texture": "#0"},
				"east": {"uv": [12, 1, 13, 2], "texture": "#0"},
				"south": {"uv": [12, 1, 16, 2], "texture": "#0"},
				"west": {"uv": [12, 1, 13, 2], "texture": "#0"},
				"up": {"uv": [12, 1, 16, 2], "texture": "#0"}
			}
		},
		{
			"from": [-5, 20, 7],
			"to": [-2, 21, 8],
			"faces": {
				"north": {"uv": [16, 0, 13, 1], "texture": "#0"},
				"east": {"uv": [16, 0, 13, 1], "texture": "#0"},
				"south": {"uv": [16, 0, 13, 1], "texture": "#0"},
				"west": {"uv": [16, 0, 13, 1], "texture": "#0"},
				"up": {"uv": [16, 0, 13, 1], "texture": "#0"}
			}
		},
		{
			"from": [10, 8, 7],
			"to": [12, 10, 8],
			"faces": {
				"north": {"uv": [2, 6, 4, 8], "texture": "#0"},
				"east": {"uv": [2, 6, 4, 7], "texture": "#0"},
				"south": {"uv": [4, 6, 2, 8], "texture": "#0"},
				"west": {"uv": [2, 6, 4, 7], "texture": "#0"},
				"up": {"uv": [2, 6, 4, 7], "texture": "#0"},
				"down": {"uv": [2, 6, 4, 7], "texture": "#0"}
			}
		},
		{
			"from": [6, 5, 7],
			"to": [10, 6, 8],
			"faces": {
				"north": {"uv": [4, 10, 8, 11], "texture": "#0"},
				"east": {"uv": [4, 10, 5, 11], "texture": "#0"},
				"south": {"uv": [8, 10, 4, 11], "texture": "#0"},
				"west": {"uv": [7, 10, 8, 11], "texture": "#0"}
			}
		},
		{
			"from": [10, 2, 7],
			"to": [11, 3, 8],
			"faces": {
				"north": {"uv": [3, 13, 4, 14], "texture": "#0"},
				"south": {"uv": [3, 13, 4, 14], "texture": "#0"},
				"west": {"uv": [3, 13, 4, 14], "texture": "#0"},
				"down": {"uv": [3, 13, 4, 14], "texture": "#0"}
			}
		},
		{
			"from": [9, 8, 7],
			"to": [10, 9, 8],
			"faces": {
				"north": {"uv": [4, 7, 5, 8], "texture": "#0"},
				"south": {"uv": [4, 7, 5, 8], "texture": "#0"},
				"west": {"uv": [4, 7, 5, 8], "texture": "#0"},
				"up": {"uv": [4, 7, 5, 8], "texture": "#0"}
			}
		},
		{
			"name": "blue_portal_0",
			"from": [-2.10937, 11, 7],
			"to": [8.14063, 11.25, 9],
			"rotation": {"angle": 0, "axis": "y", "origin": [5.07031, 8.375, 7.82031]},
			"faces": {
				"north": {"uv": [4, 1, 4.33333, 14.66667], "rotation": 270, "texture": "#1"},
				"east": {"uv": [6.66667, 1, 4, 1.33333], "texture": "#1"},
				"south": {"uv": [6.33333, 1, 6.66667, 14.66667], "rotation": 90, "texture": "#1"},
				"west": {"uv": [4, 14.33333, 6.66667, 14.66667], "texture": "#1"},
				"up": {"uv": [4, 1, 6.66667, 14.66667], "rotation": 90, "texture": "#1"},
				"down": {"uv": [4, 14.66667, 6.66667, 1], "rotation": 270, "texture": "#1"}
			}
		},
		{
			"name": "blue_portal_1",
			"from": [-1.85937, 11, 6.75],
			"to": [7.89063, 11.25, 7],
			"rotation": {"angle": 0, "axis": "y", "origin": [5.07031, 8.375, 7.82031]},
			"faces": {
				"north": {"uv": [3.66667, 1.33333, 4, 14.33333], "rotation": 270, "texture": "#1"},
				"east": {"uv": [4, 1.33333, 3.66667, 1.66667], "texture": "#1"},
				"west": {"uv": [3.66667, 14, 4, 14.33333], "texture": "#1"},
				"up": {"uv": [3.66667, 1.33333, 4, 14.33333], "rotation": 90, "texture": "#1"},
				"down": {"uv": [3.66667, 14.33333, 4, 1.33333], "rotation": 270, "texture": "#1"}
			}
		},
		{
			"name": "blue_portal_2",
			"from": [-1.85937, 11, 9],
			"to": [7.89063, 11.25, 9.25],
			"rotation": {"angle": 0, "axis": "y", "origin": [5.07031, 8.375, 7.82031]},
			"faces": {
				"east": {"uv": [7, 1.33333, 6.66667, 1.66667], "texture": "#1"},
				"south": {"uv": [6.66667, 1.33333, 7, 14.33333], "rotation": 90, "texture": "#1"},
				"west": {"uv": [6.66667, 14, 7, 14.33333], "texture": "#1"},
				"up": {"uv": [6.66667, 1.33333, 7, 14.33333], "rotation": 90, "texture": "#1"},
				"down": {"uv": [6.66667, 14.33333, 7, 1.33333], "rotation": 270, "texture": "#1"}
			}
		},
		{
			"name": "blue_portal_3",
			"from": [-1.60937, 11, 6.5],
			"to": [7.64063, 11.25, 6.75],
			"rotation": {"angle": 0, "axis": "y", "origin": [5.07031, 8.375, 7.82031]},
			"faces": {
				"north": {"uv": [3.33333, 1.66667, 3.66667, 14], "rotation": 270, "texture": "#1"},
				"east": {"uv": [3.66667, 1.66667, 3.33333, 2], "texture": "#1"},
				"west": {"uv": [3.33333, 13.66667, 3.66667, 14], "texture": "#1"},
				"up": {"uv": [3.33333, 1.66667, 3.66667, 14], "rotation": 90, "texture": "#1"},
				"down": {"uv": [3.33333, 14, 3.66667, 1.66667], "rotation": 270, "texture": "#1"}
			}
		},
		{
			"name": "blue_portal_4",
			"from": [-1.60937, 11, 9.25],
			"to": [7.64063, 11.25, 9.5],
			"rotation": {"angle": 0, "axis": "y", "origin": [5.07031, 8.375, 7.82031]},
			"faces": {
				"east": {"uv": [7.33333, 1.66667, 7, 2], "texture": "#1"},
				"south": {"uv": [7, 1.66667, 7.33333, 14], "rotation": 90, "texture": "#1"},
				"west": {"uv": [7, 13.66667, 7.33333, 14], "texture": "#1"},
				"up": {"uv": [7, 1.66667, 7.33333, 14], "rotation": 90, "texture": "#1"},
				"down": {"uv": [7, 14, 7.33333, 1.66667], "rotation": 270, "texture": "#1"}
			}
		},
		{
			"name": "blue_portal_5",
			"from": [-1.35937, 11, 6.25],
			"to": [7.39063, 11.25, 6.5],
			"rotation": {"angle": 0, "axis": "y", "origin": [5.07031, 8.375, 7.82031]},
			"faces": {
				"north": {"uv": [3, 2, 3.33333, 13.66667], "rotation": 270, "texture": "#1"},
				"east": {"uv": [3.33333, 2, 3, 2.33333], "texture": "#1"},
				"west": {"uv": [3, 13.33333, 3.33333, 13.66667], "texture": "#1"},
				"up": {"uv": [3, 2, 3.33333, 13.66667], "rotation": 90, "texture": "#1"},
				"down": {"uv": [3, 13.66667, 3.33333, 2], "rotation": 270, "texture": "#1"}
			}
		},
		{
			"name": "blue_portal_6",
			"from": [-1.35937, 11, 9.5],
			"to": [7.39063, 11.25, 9.75],
			"rotation": {"angle": 0, "axis": "y", "origin": [5.07031, 8.375, 7.82031]},
			"faces": {
				"east": {"uv": [7.66667, 2, 7.33333, 2.33333], "texture": "#1"},
				"south": {"uv": [7.33333, 2, 7.66667, 13.66667], "rotation": 90, "texture": "#1"},
				"west": {"uv": [7.33333, 13.33333, 7.66667, 13.66667], "texture": "#1"},
				"up": {"uv": [7.33333, 2, 7.66667, 13.66667], "rotation": 90, "texture": "#1"},
				"down": {"uv": [7.33333, 13.66667, 7.66667, 2], "rotation": 270, "texture": "#1"}
			}
		},
		{
			"name": "blue_portal_7",
			"from": [-1.10937, 11, 6],
			"to": [7.14063, 11.25, 6.25],
			"rotation": {"angle": 0, "axis": "y", "origin": [5.07031, 8.375, 7.82031]},
			"faces": {
				"north": {"uv": [2.66667, 2.33333, 3, 13.33333], "rotation": 270, "texture": "#1"},
				"east": {"uv": [3, 2.33333, 2.66667, 2.66667], "texture": "#1"},
				"west": {"uv": [2.66667, 13, 3, 13.33333], "texture": "#1"},
				"up": {"uv": [2.66667, 2.33333, 3, 13.33333], "rotation": 90, "texture": "#1"},
				"down": {"uv": [2.66667, 13.33333, 3, 2.33333], "rotation": 270, "texture": "#1"}
			}
		},
		{
			"name": "blue_portal_8",
			"from": [-1.10937, 11, 9.75],
			"to": [7.14063, 11.25, 10],
			"rotation": {"angle": 0, "axis": "y", "origin": [5.07031, 8.375, 7.82031]},
			"faces": {
				"east": {"uv": [8, 2.33333, 7.66667, 2.66667], "texture": "#1"},
				"south": {"uv": [7.66667, 2.33333, 8, 13.33333], "rotation": 90, "texture": "#1"},
				"west": {"uv": [7.66667, 13, 8, 13.33333], "texture": "#1"},
				"up": {"uv": [7.66667, 2.33333, 8, 13.33333], "rotation": 90, "texture": "#1"},
				"down": {"uv": [7.66667, 13.33333, 8, 2.33333], "rotation": 270, "texture": "#1"}
			}
		},
		{
			"name": "blue_portal_9",
			"from": [-0.60937, 11, 5.75],
			"to": [6.64063, 11.25, 6],
			"rotation": {"angle": 0, "axis": "y", "origin": [5.07031, 8.375, 7.82031]},
			"faces": {
				"north": {"uv": [2.33333, 3, 2.66667, 12.66667], "rotation": 270, "texture": "#1"},
				"east": {"uv": [2.66667, 3, 2.33333, 3.33333], "texture": "#1"},
				"west": {"uv": [2.33333, 12.33333, 2.66667, 12.66667], "texture": "#1"},
				"up": {"uv": [2.33333, 3, 2.66667, 12.66667], "rotation": 90, "texture": "#1"},
				"down": {"uv": [2.33333, 12.66667, 2.66667, 3], "rotation": 270, "texture": "#1"}
			}
		},
		{
			"name": "blue_portal_10",
			"from": [-0.60937, 11, 10],
			"to": [6.64063, 11.25, 10.25],
			"rotation": {"angle": 0, "axis": "y", "origin": [5.07031, 8.375, 7.82031]},
			"faces": {
				"east": {"uv": [8.33333, 3, 8, 3.33333], "texture": "#1"},
				"south": {"uv": [8, 3, 8.33333, 12.66667], "rotation": 90, "texture": "#1"},
				"west": {"uv": [8, 12.33333, 8.33333, 12.66667], "texture": "#1"},
				"up": {"uv": [8, 3, 8.33333, 12.66667], "rotation": 90, "texture": "#1"},
				"down": {"uv": [8, 12.66667, 8.33333, 3], "rotation": 270, "texture": "#1"}
			}
		},
		{
			"name": "blue_portal_11",
			"from": [-0.35937, 11, 5.5],
			"to": [6.39063, 11.25, 5.75],
			"rotation": {"angle": 0, "axis": "y", "origin": [5.07031, 8.375, 7.82031]},
			"faces": {
				"north": {"uv": [2, 3.33333, 2.33333, 12.33333], "rotation": 270, "texture": "#1"},
				"east": {"uv": [2.33333, 3.33333, 2, 3.66667], "texture": "#1"},
				"west": {"uv": [2, 12, 2.33333, 12.33333], "texture": "#1"},
				"up": {"uv": [2, 3.33333, 2.33333, 12.33333], "rotation": 90, "texture": "#1"},
				"down": {"uv": [2, 12.33333, 2.33333, 3.33333], "rotation": 270, "texture": "#1"}
			}
		},
		{
			"name": "blue_portal_12",
			"from": [0.39063, 11, 10.25],
			"to": [6.39063, 11.25, 10.5],
			"rotation": {"angle": 0, "axis": "y", "origin": [5.07031, 8.375, 7.82031]},
			"faces": {
				"east": {"uv": [8.66667, 3.33333, 8.33333, 3.66667], "texture": "#1"},
				"south": {"uv": [8.33333, 3.33333, 8.66667, 11.33333], "rotation": 90, "texture": "#1"},
				"west": {"uv": [8.33333, 11, 8.66667, 11.33333], "texture": "#1"},
				"up": {"uv": [8.33333, 3.33333, 8.66667, 11.33333], "rotation": 90, "texture": "#1"},
				"down": {"uv": [8.33333, 11.33333, 8.66667, 3.33333], "rotation": 270, "texture": "#1"}
			}
		},
		{
			"name": "blue_portal_13",
			"from": [0.39063, 11, 5.25],
			"to": [6.14063, 11.25, 5.5],
			"rotation": {"angle": 0, "axis": "y", "origin": [5.07031, 8.375, 7.82031]},
			"faces": {
				"north": {"uv": [1.66667, 3.66667, 2, 11.33333], "rotation": 270, "texture": "#1"},
				"east": {"uv": [2, 3.66667, 1.66667, 4], "texture": "#1"},
				"west": {"uv": [1.66667, 11, 2, 11.33333], "texture": "#1"},
				"up": {"uv": [1.66667, 3.66667, 2, 11.33333], "rotation": 90, "texture": "#1"},
				"down": {"uv": [1.66667, 11.33333, 2, 3.66667], "rotation": 270, "texture": "#1"}
			}
		},
		{
			"name": "blue_portal_14",
			"from": [0.64063, 11, 5],
			"to": [5.39063, 11.25, 5.25],
			"rotation": {"angle": 0, "axis": "y", "origin": [5.07031, 8.375, 7.82031]},
			"faces": {
				"north": {"uv": [1.33333, 4.66667, 1.66667, 11], "rotation": 270, "texture": "#1"},
				"east": {"uv": [1.66667, 4.66667, 1.33333, 5], "texture": "#1"},
				"west": {"uv": [1.33333, 10.66667, 1.66667, 11], "texture": "#1"},
				"up": {"uv": [1.33333, 4.66667, 1.66667, 11], "rotation": 90, "texture": "#1"},
				"down": {"uv": [1.33333, 11, 1.66667, 4.66667], "rotation": 270, "texture": "#1"}
			}
		},
		{
			"name": "blue_portal_15",
			"from": [1.14063, 11, 10.5],
			"to": [5.39063, 11.25, 10.75],
			"rotation": {"angle": 0, "axis": "y", "origin": [5.07031, 8.375, 7.82031]},
			"faces": {
				"east": {"uv": [9, 4.66667, 8.66667, 5], "texture": "#1"},
				"south": {"uv": [8.66667, 4.66667, 9, 10.33333], "rotation": 90, "texture": "#1"},
				"west": {"uv": [8.66667, 10, 9, 10.33333], "texture": "#1"},
				"up": {"uv": [8.66667, 4.66667, 9, 10.33333], "rotation": 90, "texture": "#1"},
				"down": {"uv": [8.66667, 10.33333, 9, 4.66667], "rotation": 270, "texture": "#1"}
			}
		},
		{
			"name": "orange_portal_0",
			"from": [-5.65, 15.8, 6.64063],
			"to": [4.6, 16.05, 8.64063],
			"rotation": {"angle": 0, "axis": "y", "origin": [5.82031, 12.125, 7.82031]},
			"faces": {
				"north": {"uv": [6.33333, 1, 6.66667, 14.66667], "rotation": 90, "texture": "#2"},
				"east": {"uv": [4, 14.33333, 6.66667, 14.66667], "texture": "#2"},
				"south": {"uv": [4, 1, 4.33333, 14.66667], "rotation": 270, "texture": "#2"},
				"west": {"uv": [6.66667, 1, 4, 1.33333], "texture": "#2"},
				"up": {"uv": [4, 1, 6.66667, 14.66667], "rotation": 270, "texture": "#2"},
				"down": {"uv": [4, 14.66667, 6.66667, 1], "rotation": 90, "texture": "#2"}
			}
		},
		{
			"name": "orange_portal_1",
			"from": [-5.4, 15.8, 8.64063],
			"to": [4.35, 16.05, 8.89063],
			"rotation": {"angle": 0, "axis": "y", "origin": [5.82031, 12.125, 7.82031]},
			"faces": {
				"east": {"uv": [3.66667, 14, 4, 14.33333], "texture": "#2"},
				"south": {"uv": [3.66667, 1.33333, 4, 14.33333], "rotation": 270, "texture": "#2"},
				"west": {"uv": [4, 1.33333, 3.66667, 1.66667], "texture": "#2"},
				"up": {"uv": [3.66667, 1.33333, 4, 14.33333], "rotation": 270, "texture": "#2"},
				"down": {"uv": [3.66667, 14.33333, 4, 1.33333], "rotation": 90, "texture": "#2"}
			}
		},
		{
			"name": "orange_portal_2",
			"from": [-5.4, 15.8, 6.39063],
			"to": [4.35, 16.05, 6.64063],
			"rotation": {"angle": 0, "axis": "y", "origin": [5.82031, 12.125, 7.82031]},
			"faces": {
				"north": {"uv": [6.66667, 1.33333, 7, 14.33333], "rotation": 90, "texture": "#2"},
				"east": {"uv": [6.66667, 14, 7, 14.33333], "texture": "#2"},
				"west": {"uv": [7, 1.33333, 6.66667, 1.66667], "texture": "#2"},
				"up": {"uv": [6.66667, 1.33333, 7, 14.33333], "rotation": 270, "texture": "#2"},
				"down": {"uv": [6.66667, 14.33333, 7, 1.33333], "rotation": 90, "texture": "#2"}
			}
		},
		{
			"name": "orange_portal_3",
			"from": [-5.15, 15.8, 8.89063],
			"to": [4.1, 16.05, 9.14063],
			"rotation": {"angle": 0, "axis": "y", "origin": [5.82031, 12.125, 7.82031]},
			"faces": {
				"east": {"uv": [3.33333, 13.66667, 3.66667, 14], "texture": "#2"},
				"south": {"uv": [3.33333, 1.66667, 3.66667, 14], "rotation": 270, "texture": "#2"},
				"west": {"uv": [3.66667, 1.66667, 3.33333, 2], "texture": "#2"},
				"up": {"uv": [3.33333, 1.66667, 3.66667, 14], "rotation": 270, "texture": "#2"},
				"down": {"uv": [3.33333, 14, 3.66667, 1.66667], "rotation": 90, "texture": "#2"}
			}
		},
		{
			"name": "orange_portal_4",
			"from": [-5.15, 15.8, 6.14062],
			"to": [4.1, 16.05, 6.39063],
			"rotation": {"angle": 0, "axis": "y", "origin": [5.82031, 12.125, 7.82031]},
			"faces": {
				"north": {"uv": [7, 1.66667, 7.33333, 14], "rotation": 90, "texture": "#2"},
				"east": {"uv": [7, 13.66667, 7.33333, 14], "texture": "#2"},
				"west": {"uv": [7.33333, 1.66667, 7, 2], "texture": "#2"},
				"up": {"uv": [7, 1.66667, 7.33333, 14], "rotation": 270, "texture": "#2"},
				"down": {"uv": [7, 14, 7.33333, 1.66667], "rotation": 90, "texture": "#2"}
			}
		},
		{
			"name": "orange_portal_5",
			"from": [-4.9, 15.8, 9.14063],
			"to": [3.85, 16.05, 9.39063],
			"rotation": {"angle": 0, "axis": "y", "origin": [5.82031, 12.125, 7.82031]},
			"faces": {
				"east": {"uv": [3, 13.33333, 3.33333, 13.66667], "texture": "#2"},
				"south": {"uv": [3, 2, 3.33333, 13.66667], "rotation": 270, "texture": "#2"},
				"west": {"uv": [3.33333, 2, 3, 2.33333], "texture": "#2"},
				"up": {"uv": [3, 2, 3.33333, 13.66667], "rotation": 270, "texture": "#2"},
				"down": {"uv": [3, 13.66667, 3.33333, 2], "rotation": 90, "texture": "#2"}
			}
		},
		{
			"name": "orange_portal_6",
			"from": [-4.9, 15.8, 5.89063],
			"to": [3.85, 16.05, 6.14062],
			"rotation": {"angle": 0, "axis": "y", "origin": [5.82031, 12.125, 7.82031]},
			"faces": {
				"north": {"uv": [7.33333, 2, 7.66667, 13.66667], "rotation": 90, "texture": "#2"},
				"east": {"uv": [7.33333, 13.33333, 7.66667, 13.66667], "texture": "#2"},
				"west": {"uv": [7.66667, 2, 7.33333, 2.33333], "texture": "#2"},
				"up": {"uv": [7.33333, 2, 7.66667, 13.66667], "rotation": 270, "texture": "#2"},
				"down": {"uv": [7.33333, 13.66667, 7.66667, 2], "rotation": 90, "texture": "#2"}
			}
		},
		{
			"name": "orange_portal_7",
			"from": [-4.65, 15.8, 9.39063],
			"to": [3.6, 16.05, 9.64063],
			"rotation": {"angle": 0, "axis": "y", "origin": [5.82031, 12.125, 7.82031]},
			"faces": {
				"east": {"uv": [2.66667, 13, 3, 13.33333], "texture": "#2"},
				"south": {"uv": [2.66667, 2.33333, 3, 13.33333], "rotation": 270, "texture": "#2"},
				"west": {"uv": [3, 2.33333, 2.66667, 2.66667], "texture": "#2"},
				"up": {"uv": [2.66667, 2.33333, 3, 13.33333], "rotation": 270, "texture": "#2"},
				"down": {"uv": [2.66667, 13.33333, 3, 2.33333], "rotation": 90, "texture": "#2"}
			}
		},
		{
			"name": "orange_portal_8",
			"from": [-4.65, 15.8, 5.64063],
			"to": [3.6, 16.05, 5.89063],
			"rotation": {"angle": 0, "axis": "y", "origin": [5.82031, 12.125, 7.82031]},
			"faces": {
				"north": {"uv": [7.66667, 2.33333, 8, 13.33333], "rotation": 90, "texture": "#2"},
				"east": {"uv": [7.66667, 13, 8, 13.33333], "texture": "#2"},
				"west": {"uv": [8, 2.33333, 7.66667, 2.66667], "texture": "#2"},
				"up": {"uv": [7.66667, 2.33333, 8, 13.33333], "rotation": 270, "texture": "#2"},
				"down": {"uv": [7.66667, 13.33333, 8, 2.33333], "rotation": 90, "texture": "#2"}
			}
		},
		{
			"name": "orange_portal_9",
			"from": [-4.15, 15.8, 9.64063],
			"to": [3.1, 16.05, 9.89063],
			"rotation": {"angle": 0, "axis": "y", "origin": [5.82031, 12.125, 7.82031]},
			"faces": {
				"east": {"uv": [2.33333, 12.33333, 2.66667, 12.66667], "texture": "#2"},
				"south": {"uv": [2.33333, 3, 2.66667, 12.66667], "rotation": 270, "texture": "#2"},
				"west": {"uv": [2.66667, 3, 2.33333, 3.33333], "texture": "#2"},
				"up": {"uv": [2.33333, 3, 2.66667, 12.66667], "rotation": 270, "texture": "#2"},
				"down": {"uv": [2.33333, 12.66667, 2.66667, 3], "rotation": 90, "texture": "#2"}
			}
		},
		{
			"name": "orange_portal_10",
			"from": [-4.15, 15.8, 5.39063],
			"to": [3.1, 16.05, 5.64063],
			"rotation": {"angle": 0, "axis": "y", "origin": [5.82031, 12.125, 7.82031]},
			"faces": {
				"north": {"uv": [8, 3, 8.33333, 12.66667], "rotation": 90, "texture": "#2"},
				"east": {"uv": [8, 12.33333, 8.33333, 12.66667], "texture": "#2"},
				"west": {"uv": [8.33333, 3, 8, 3.33333], "texture": "#2"},
				"up": {"uv": [8, 3, 8.33333, 12.66667], "rotation": 270, "texture": "#2"},
				"down": {"uv": [8, 12.66667, 8.33333, 3], "rotation": 90, "texture": "#2"}
			}
		},
		{
			"name": "orange_portal_11",
			"from": [-3.9, 15.8, 9.89063],
			"to": [2.85, 16.05, 10.14063],
			"rotation": {"angle": 0, "axis": "y", "origin": [5.82031, 12.125, 7.82031]},
			"faces": {
				"east": {"uv": [2, 12, 2.33333, 12.33333], "texture": "#2"},
				"south": {"uv": [2, 3.33333, 2.33333, 12.33333], "rotation": 270, "texture": "#2"},
				"west": {"uv": [2.33333, 3.33333, 2, 3.66667], "texture": "#2"},
				"up": {"uv": [2, 3.33333, 2.33333, 12.33333], "rotation": 270, "texture": "#2"},
				"down": {"uv": [2, 12.33333, 2.33333, 3.33333], "rotation": 90, "texture": "#2"}
			}
		},
		{
			"name": "orange_portal_12",
			"from": [-3.9, 15.8, 5.14063],
			"to": [2.1, 16.05, 5.39063],
			"rotation": {"angle": 0, "axis": "y", "origin": [5.82031, 12.125, 7.82031]},
			"faces": {
				"north": {"uv": [8.33333, 3.33333, 8.66667, 11.33333], "rotation": 90, "texture": "#2"},
				"east": {"uv": [8.33333, 11, 8.66667, 11.33333], "texture": "#2"},
				"west": {"uv": [8.66667, 3.33333, 8.33333, 3.66667], "texture": "#2"},
				"up": {"uv": [8.33333, 3.33333, 8.66667, 11.33333], "rotation": 270, "texture": "#2"},
				"down": {"uv": [8.33333, 11.33333, 8.66667, 3.33333], "rotation": 90, "texture": "#2"}
			}
		},
		{
			"name": "orange_portal_13",
			"from": [-3.65, 15.8, 10.14063],
			"to": [2.1, 16.05, 10.39063],
			"rotation": {"angle": 0, "axis": "y", "origin": [5.82031, 12.125, 7.82031]},
			"faces": {
				"east": {"uv": [1.66667, 11, 2, 11.33333], "texture": "#2"},
				"south": {"uv": [1.66667, 3.66667, 2, 11.33333], "rotation": 270, "texture": "#2"},
				"west": {"uv": [2, 3.66667, 1.66667, 4], "texture": "#2"},
				"up": {"uv": [1.66667, 3.66667, 2, 11.33333], "rotation": 270, "texture": "#2"},
				"down": {"uv": [1.66667, 11.33333, 2, 3.66667], "rotation": 90, "texture": "#2"}
			}
		},
		{
			"name": "orange_portal_14",
			"from": [-2.9, 15.8, 10.39063],
			"to": [1.85, 16.05, 10.64063],
			"rotation": {"angle": 0, "axis": "y", "origin": [5.82031, 12.125, 7.82031]},
			"faces": {
				"east": {"uv": [1.33333, 10.66667, 1.66667, 11], "texture": "#2"},
				"south": {"uv": [1.33333, 4.66667, 1.66667, 11], "rotation": 270, "texture": "#2"},
				"west": {"uv": [1.66667, 4.66667, 1.33333, 5], "texture": "#2"},
				"up": {"uv": [1.33333, 4.66667, 1.66667, 11], "rotation": 270, "texture": "#2"},
				"down": {"uv": [1.33333, 11, 1.66667, 4.66667], "rotation": 90, "texture": "#2"}
			}
		},
		{
			"name": "orange_portal_15",
			"from": [-2.9, 15.8, 4.89063],
			"to": [1.35, 16.05, 5.14063],
			"rotation": {"angle": 0, "axis": "y", "origin": [5.82031, 12.125, 7.82031]},
			"faces": {
				"north": {"uv": [8.66667, 4.66667, 9, 10.33333], "rotation": 90, "texture": "#2"},
				"east": {"uv": [8.66667, 10, 9, 10.33333], "texture": "#2"},
				"west": {"uv": [9, 4.66667, 8.66667, 5], "texture": "#2"},
				"up": {"uv": [8.66667, 4.66667, 9, 10.33333], "rotation": 270, "texture": "#2"},
				"down": {"uv": [8.66667, 10.33333, 9, 4.66667], "rotation": 90, "texture": "#2"}
			}
		}
	],
	"display": {
		"thirdperson_righthand": {
			"rotation": [90, -90, 45],
			"translation": [0, 3.25, 1.5],
			"scale": [0.85, 0.85, 0.85]
		},
		"thirdperson_lefthand": {
			"rotation": [0, 90, 45],
			"translation": [0, 2.75, 1.25],
			"scale": [0.85, 0.85, 0.85]
		},
		"firstperson_righthand": {
			"rotation": [80, -90, 25],
			"translation": [0.13, 3.2, 1.13],
			"scale": [0.68, 0.68, 0.68]
		},
		"firstperson_lefthand": {
			"rotation": [33, 90, 25],
			"translation": [0.13, 3.2, 1.13],
			"scale": [0.68, 0.68, 0.68]
		},
		"ground": {
			"translation": [0, 4.5, 0]
		},
		"gui": {
			"rotation": [-180, 0, -180],
			"translation": [-3, -1.75, 0],
			"scale": [0.7, 0.7, 0.7]
		}
	},
	"groups": [0, 1, 2, 3, 4, 5, 6, 7, 8, 9, 10, 11, 12, 13, 14, 15, 16, 17, 18,
		{
			"name": "blue_portal",
			"origin": [8, 8, 8],
			"color": 0,
			"children": [19, 20, 21, 22, 23, 24, 25, 26, 27, 28, 29, 30, 31, 32, 33, 34]
		},
		{
			"name": "orange_portal",
			"origin": [8, 8, 8],
			"color": 0,
			"children": [35, 36, 37, 38, 39, 40, 41, 42, 43, 44, 45, 46, 47, 48, 49, 50]
		}
	]
}