{
	"credit": "Made with Blockbench",
        "gui_light": "front",
	"textures": {
		"0": "item/diamond_sword",
		"particle": "item/diamond_sword"
	},
	"elements": [
		{
			"from": [11, 0, 7],
			"to": [14, 3, 8],
			"rotation": {"angle": 0, "axis": "z", "origin": [6, 7.94737, 7.5]},
			"faces": {
				"north": {"uv": [0, 13, 3, 16], "texture": "#0"},
				"east": {"uv": [0, 13, 1, 16], "texture": "#0"},
				"south": {"uv": [0, 13, 3, 16], "rotation": 270, "texture": "#0"},
				"west": {"uv": [2, 13, 3, 16], "texture": "#0"},
				"up": {"uv": [0, 13, 3, 14], "rotation": 180, "texture": "#0"},
				"down": {"uv": [0, 15, 3, 16], "texture": "#0"}
			}
		},
		{
			"from": [9, 3, 7],
			"to": [12, 4, 8],
			"rotation": {"angle": 0, "axis": "z", "origin": [6, 7.94737, 7.5]},
			"faces": {
				"north": {"uv": [2, 12, 5, 13], "texture": "#0"},
				"east": {"uv": [2, 12, 3, 13], "texture": "#0"},
				"south": {"uv": [2, 12, 5, 13], "texture": "#0"},
				"west": {"uv": [4, 12, 5, 13], "texture": "#0"},
				"up": {"uv": [2, 12, 5, 13], "texture": "#0"},
				"down": {"uv": [2, 12, 5, 13], "texture": "#0"}
			}
		},
		{
			"from": [4, 3, 7],
			"to": [8, 4, 8],
			"rotation": {"angle": 0, "axis": "z", "origin": [6, 7.94737, 7.5]},
			"faces": {
				"north": {"uv": [6, 12, 10, 13], "texture": "#0"},
				"east": {"uv": [6, 12, 10, 13], "texture": "#0"},
				"south": {"uv": [10, 12, 6, 13], "texture": "#0"},
				"west": {"uv": [6, 12, 7, 13], "texture": "#0"},
				"up": {"uv": [6, 12, 10, 13], "texture": "#0"},
				"down": {"uv": [6, 12, 10, 13], "texture": "#0"}
			}
		},
		{
			"from": [4, 2, 7],
			"to": [6, 3, 8],
			"rotation": {"angle": 0, "axis": "z", "origin": [6, 7.94737, 7.5]},
			"faces": {
				"north": {"uv": [8, 13, 10, 14], "texture": "#0"},
				"east": {"uv": [8, 13, 10, 14], "texture": "#0"},
				"south": {"uv": [8, 13, 10, 14], "texture": "#0"},
				"west": {"uv": [8, 13, 10, 14], "texture": "#0"},
				"down": {"uv": [8, 13, 10, 14], "texture": "#0"}
			}
		},
		{
			"from": [5, 4, 7],
			"to": [11, 5, 8],
			"rotation": {"angle": 0, "axis": "z", "origin": [6, 7.94737, 7.5]},
			"faces": {
				"north": {"uv": [3, 11, 9, 12], "texture": "#0"},
				"east": {"uv": [3, 11, 4, 12], "texture": "#0"},
				"south": {"uv": [9, 11, 3, 12], "texture": "#0"},
				"west": {"uv": [8, 11, 9, 12], "texture": "#0"},
				"up": {"uv": [9, 11, 3, 12], "texture": "#0"},
				"down": {"uv": [3, 11, 9, 12], "texture": "#0"}
			}
		},
		{
			"from": [5, 6, 7],
			"to": [11, 7, 8],
			"rotation": {"angle": 0, "axis": "z", "origin": [6, 7.94737, 7.5]},
			"faces": {
				"north": {"uv": [3, 9, 9, 10], "texture": "#0"},
				"east": {"uv": [3, 9, 4, 10], "texture": "#0"},
				"south": {"uv": [9, 9, 3, 10], "texture": "#0"},
				"west": {"uv": [8, 9, 9, 10], "texture": "#0"},
				"down": {"uv": [3, 9, 9, 10], "texture": "#0"}
			}
		},
		{
			"from": [4, 7, 7],
			"to": [11, 8, 8],
			"rotation": {"angle": 0, "axis": "z", "origin": [6, 7.94737, 7.5]},
			"faces": {
				"north": {"uv": [3, 8, 10, 9], "texture": "#0"},
				"east": {"uv": [3, 8, 4, 9], "texture": "#0"},
				"south": {"uv": [10, 8, 3, 9], "texture": "#0"},
				"west": {"uv": [9, 8, 10, 9], "texture": "#0"},
				"up": {"uv": [10, 8, 3, 9], "texture": "#0"},
				"down": {"uv": [3, 8, 10, 9], "texture": "#0"}
			}
		},
		{
			"from": [3, 8, 7],
			"to": [8, 9, 8],
			"rotation": {"angle": 0, "axis": "z", "origin": [6, 7.94737, 7.5]},
			"faces": {
				"north": {"uv": [7, 6, 12, 7], "texture": "#0"},
				"east": {"uv": [6, 7, 7, 8], "texture": "#0"},
				"south": {"uv": [7, 6, 12, 7], "texture": "#0"},
				"west": {"uv": [6, 7, 7, 8], "texture": "#0"},
				"up": {"uv": [6, 7, 11, 8], "texture": "#0"},
				"down": {"uv": [6, 7, 11, 8], "texture": "#0"}
			}
		},
		{
			"from": [2, 9, 7],
			"to": [7, 10, 8],
			"rotation": {"angle": 0, "axis": "z", "origin": [6, 7.94737, 7.5]},
			"faces": {
				"north": {"uv": [7, 6, 12, 7], "texture": "#0"},
				"east": {"uv": [6, 7, 7, 8], "texture": "#0"},
				"south": {"uv": [6, 7, 11, 8], "texture": "#0"},
				"west": {"uv": [6, 7, 7, 8], "texture": "#0"},
				"up": {"uv": [6, 7, 11, 8], "texture": "#0"},
				"down": {"uv": [6, 7, 11, 8], "texture": "#0"}
			}
		},
		{
			"from": [1, 10, 7],
			"to": [6, 11, 8],
			"rotation": {"angle": 0, "axis": "z", "origin": [6, 7.94737, 7.5]},
			"faces": {
				"north": {"uv": [7, 6, 12, 7], "texture": "#0"},
				"east": {"uv": [6, 7, 7, 8], "texture": "#0"},
				"south": {"uv": [6, 7, 11, 8], "texture": "#0"},
				"west": {"uv": [6, 7, 7, 8], "texture": "#0"},
				"up": {"uv": [6, 7, 11, 8], "texture": "#0"},
				"down": {"uv": [6, 7, 11, 8], "texture": "#0"}
			}
		},
		{
			"from": [0, 11, 7],
			"to": [5, 12, 8],
			"rotation": {"angle": 0, "axis": "z", "origin": [6, 7.94737, 7.5]},
			"faces": {
				"north": {"uv": [10, 3, 15, 4], "texture": "#0"},
				"east": {"uv": [6, 7, 7, 8], "texture": "#0"},
				"south": {"uv": [10, 3, 15, 4], "texture": "#0"},
				"west": {"uv": [6, 7, 7, 8], "texture": "#0"},
				"up": {"uv": [6, 7, 11, 8], "texture": "#0"},
				"down": {"uv": [6, 7, 11, 8], "texture": "#0"}
			}
		},
		{
			"from": [-1, 12, 7],
			"to": [4, 13, 8],
			"rotation": {"angle": 0, "axis": "z", "origin": [6, 7.94737, 7.5]},
			"faces": {
				"north": {"uv": [11, 2, 16, 3], "texture": "#0"},
				"east": {"uv": [6, 7, 7, 8], "texture": "#0"},
				"south": {"uv": [10, 3, 15, 4], "texture": "#0"},
				"west": {"uv": [6, 7, 7, 8], "texture": "#0"},
				"up": {"uv": [6, 7, 11, 8], "texture": "#0"},
				"down": {"uv": [6, 7, 11, 8], "texture": "#0"}
			}
		},
		{
			"from": [-2, 13, 7],
			"to": [3, 14, 8],
			"rotation": {"angle": 0, "axis": "z", "origin": [6, 7.94737, 7.5]},
			"faces": {
				"north": {"uv": [11, 2, 16, 3], "texture": "#0"},
				"east": {"uv": [6, 7, 7, 8], "texture": "#0"},
				"south": {"uv": [10, 3, 15, 4], "texture": "#0"},
				"west": {"uv": [6, 7, 7, 8], "texture": "#0"},
				"up": {"uv": [6, 7, 11, 8], "texture": "#0"},
				"down": {"uv": [6, 7, 11, 8], "texture": "#0"}
			}
		},
		{
			"from": [-2, 14, 7],
			"to": [2, 15, 8],
			"rotation": {"angle": 0, "axis": "z", "origin": [6, 7.94737, 7.5]},
			"faces": {
				"north": {"uv": [12, 1, 16, 2], "texture": "#0"},
				"east": {"uv": [12, 1, 13, 2], "texture": "#0"},
				"south": {"uv": [12, 1, 16, 2], "texture": "#0"},
				"west": {"uv": [12, 1, 13, 2], "texture": "#0"},
				"up": {"uv": [12, 1, 16, 2], "texture": "#0"}
			}
		},
		{
			"from": [-2, 15, 7],
			"to": [1, 16, 8],
			"rotation": {"angle": 0, "axis": "z", "origin": [6, 7.94737, 7.5]},
			"faces": {
				"north": {"uv": [16, 0, 13, 1], "texture": "#0"},
				"east": {"uv": [16, 0, 13, 1], "texture": "#0"},
				"south": {"uv": [16, 0, 13, 1], "texture": "#0"},
				"west": {"uv": [16, 0, 13, 1], "texture": "#0"},
				"up": {"uv": [16, 0, 13, 1], "texture": "#0"}
			}
		},
		{
			"from": [10, 8, 7],
			"to": [12, 10, 8],
			"rotation": {"angle": 0, "axis": "z", "origin": [6, 7.94737, 7.5]},
			"faces": {
				"north": {"uv": [2, 6, 4, 8], "texture": "#0"},
				"east": {"uv": [2, 6, 4, 7], "texture": "#0"},
				"south": {"uv": [4, 6, 2, 8], "texture": "#0"},
				"west": {"uv": [2, 6, 4, 7], "texture": "#0"},
				"up": {"uv": [2, 6, 4, 7], "texture": "#0"},
				"down": {"uv": [2, 6, 4, 7], "texture": "#0"}
			}
		},
		{
			"from": [6, 5, 7],
			"to": [10, 6, 8],
			"rotation": {"angle": 0, "axis": "z", "origin": [6, 7.94737, 7.5]},
			"faces": {
				"north": {"uv": [4, 10, 8, 11], "texture": "#0"},
				"east": {"uv": [4, 10, 5, 11], "texture": "#0"},
				"south": {"uv": [8, 10, 4, 11], "texture": "#0"},
				"west": {"uv": [7, 10, 8, 11], "texture": "#0"}
			}
		},
		{
			"from": [10, 2, 7],
			"to": [11, 3, 8],
			"rotation": {"angle": 0, "axis": "z", "origin": [6, 7.94737, 7.5]},
			"faces": {
				"north": {"uv": [3, 13, 4, 14], "texture": "#0"},
				"south": {"uv": [3, 13, 4, 14], "texture": "#0"},
				"west": {"uv": [3, 13, 4, 14], "texture": "#0"},
				"down": {"uv": [3, 13, 4, 14], "texture": "#0"}
			}
		},
		{
			"from": [9, 8, 7],
			"to": [10, 9, 8],
			"rotation": {"angle": 0, "axis": "z", "origin": [6, 7.94737, 7.5]},
			"faces": {
				"north": {"uv": [4, 7, 5, 8], "texture": "#0"},
				"south": {"uv": [4, 7, 5, 8], "texture": "#0"},
				"west": {"uv": [4, 7, 5, 8], "texture": "#0"},
				"up": {"uv": [4, 7, 5, 8], "texture": "#0"}
			}
		},
		{
			"from": [11, 0, 7.01],
			"to": [14, 3, 7.99],
			"rotation": {"angle": -22.5, "axis": "z", "origin": [6, 7.94737, 7.5]},
			"faces": {
				"north": {"uv": [0, 13, 3, 16], "texture": "#0"},
				"east": {"uv": [0, 13, 1, 16], "texture": "#0"},
				"south": {"uv": [0, 13, 3, 16], "rotation": 270, "texture": "#0"},
				"west": {"uv": [2, 13, 3, 16], "texture": "#0"},
				"up": {"uv": [0, 13, 3, 14], "rotation": 180, "texture": "#0"},
				"down": {"uv": [0, 15, 3, 16], "texture": "#0"}
			}
		},
		{
			"from": [9, 3, 7.01],
			"to": [12, 4, 7.99],
			"rotation": {"angle": -22.5, "axis": "z", "origin": [6, 7.94737, 7.5]},
			"faces": {
				"north": {"uv": [2, 12, 5, 13], "texture": "#0"},
				"east": {"uv": [2, 12, 3, 13], "texture": "#0"},
				"south": {"uv": [2, 12, 5, 13], "texture": "#0"},
				"up": {"uv": [2, 12, 5, 13], "texture": "#0"},
				"down": {"uv": [2, 12, 5, 13], "texture": "#0"}
			}
		},
		{
			"from": [4, 3, 7.01],
			"to": [8, 4, 7.99],
			"rotation": {"angle": -22.5, "axis": "z", "origin": [6, 7.94737, 7.5]},
			"faces": {
				"north": {"uv": [6, 12, 10, 13], "texture": "#0"},
				"south": {"uv": [10, 12, 6, 13], "texture": "#0"},
				"west": {"uv": [6, 12, 7, 13], "texture": "#0"},
				"up": {"uv": [6, 12, 10, 13], "texture": "#0"}
			}
		},
		{
			"from": [4, 2, 7.01],
			"to": [6, 3, 7.99],
			"rotation": {"angle": -22.5, "axis": "z", "origin": [6, 7.94737, 7.5]},
			"faces": {
				"north": {"uv": [8, 13, 10, 14], "texture": "#0"},
				"east": {"uv": [8, 13, 10, 14], "texture": "#0"},
				"south": {"uv": [8, 13, 10, 14], "texture": "#0"},
				"west": {"uv": [8, 13, 10, 14], "texture": "#0"},
				"down": {"uv": [8, 13, 10, 14], "texture": "#0"}
			}
		},
		{
			"from": [5, 4, 7.01],
			"to": [11, 5, 7.99],
			"rotation": {"angle": -22.5, "axis": "z", "origin": [6, 7.94737, 7.5]},
			"faces": {
				"north": {"uv": [3, 11, 9, 12], "texture": "#0"},
				"east": {"uv": [3, 11, 4, 12], "texture": "#0"},
				"south": {"uv": [9, 11, 3, 12], "texture": "#0"},
				"west": {"uv": [8, 11, 9, 12], "texture": "#0"},
				"up": {"uv": [9, 11, 3, 12], "texture": "#0"}
			}
		},
		{
			"from": [5, 6, 7.01],
			"to": [11, 7, 7.99],
			"rotation": {"angle": -22.5, "axis": "z", "origin": [6, 7.94737, 7.5]},
			"faces": {
				"north": {"uv": [3, 9, 9, 10], "texture": "#0"},
				"east": {"uv": [3, 9, 4, 10], "texture": "#0"},
				"south": {"uv": [9, 9, 3, 10], "texture": "#0"},
				"west": {"uv": [8, 9, 9, 10], "texture": "#0"},
				"down": {"uv": [3, 9, 9, 10], "texture": "#0"}
			}
		},
		{
			"from": [4, 7, 7.01],
			"to": [11, 8, 7.99],
			"rotation": {"angle": -22.5, "axis": "z", "origin": [6, 7.94737, 7.5]},
			"faces": {
				"north": {"uv": [3, 8, 10, 9], "texture": "#0"},
				"east": {"uv": [3, 8, 4, 9], "texture": "#0"},
				"south": {"uv": [10, 8, 3, 9], "texture": "#0"}
			}
		},
		{
			"from": [3, 8, 7.01],
			"to": [8, 9, 7.99],
			"rotation": {"angle": -22.5, "axis": "z", "origin": [6, 7.94737, 7.5]},
			"faces": {
				"north": {"uv": [7, 6, 12, 7], "texture": "#0"},
				"south": {"uv": [7, 6, 12, 7], "texture": "#0"}
			}
		},
		{
			"from": [2, 9, 7.01],
			"to": [7, 10, 7.99],
			"rotation": {"angle": -22.5, "axis": "z", "origin": [6, 7.94737, 7.5]},
			"faces": {
				"north": {"uv": [7, 6, 12, 7], "texture": "#0"},
				"east": {"uv": [6, 7, 7, 8], "texture": "#0"},
				"south": {"uv": [6, 7, 11, 8], "texture": "#0"},
				"up": {"uv": [6, 7, 11, 8], "texture": "#0"}
			}
		},
		{
			"from": [1, 10, 7.01],
			"to": [6, 11, 7.99],
			"rotation": {"angle": -22.5, "axis": "z", "origin": [6, 7.94737, 7.5]},
			"faces": {
				"north": {"uv": [7, 6, 12, 7], "texture": "#0"},
				"east": {"uv": [6, 7, 7, 8], "texture": "#0"},
				"south": {"uv": [6, 7, 11, 8], "texture": "#0"},
				"up": {"uv": [6, 7, 11, 8], "texture": "#0"}
			}
		},
		{
			"from": [0, 11, 7.01],
			"to": [5, 12, 7.99],
			"rotation": {"angle": -22.5, "axis": "z", "origin": [6, 7.94737, 7.5]},
			"faces": {
				"north": {"uv": [10, 3, 15, 4], "texture": "#0"},
				"east": {"uv": [6, 7, 7, 8], "texture": "#0"},
				"south": {"uv": [10, 3, 15, 4], "texture": "#0"},
				"up": {"uv": [6, 7, 11, 8], "texture": "#0"}
			}
		},
		{
			"from": [-1, 12, 7.01],
			"to": [4, 13, 7.99],
			"rotation": {"angle": -22.5, "axis": "z", "origin": [6, 7.94737, 7.5]},
			"faces": {
				"north": {"uv": [11, 2, 16, 3], "texture": "#0"},
				"east": {"uv": [6, 7, 7, 8], "texture": "#0"},
				"south": {"uv": [10, 3, 15, 4], "texture": "#0"},
				"west": {"uv": [6, 7, 7, 8], "texture": "#0"},
				"up": {"uv": [6, 7, 11, 8], "texture": "#0"}
			}
		},
		{
			"from": [-2, 13, 7.01],
			"to": [3, 14, 7.99],
			"rotation": {"angle": -22.5, "axis": "z", "origin": [6, 7.94737, 7.5]},
			"faces": {
				"north": {"uv": [11, 2, 16, 3], "texture": "#0"},
				"east": {"uv": [6, 7, 7, 8], "texture": "#0"},
				"south": {"uv": [10, 3, 15, 4], "texture": "#0"},
				"west": {"uv": [6, 7, 7, 8], "texture": "#0"},
				"up": {"uv": [6, 7, 11, 8], "texture": "#0"},
				"down": {"uv": [6, 7, 11, 8], "texture": "#0"}
			}
		},
		{
			"from": [-2, 14, 7.01],
			"to": [2, 15, 7.99],
			"rotation": {"angle": -22.5, "axis": "z", "origin": [6, 7.94737, 7.5]},
			"faces": {
				"north": {"uv": [12, 1, 16, 2], "texture": "#0"},
				"east": {"uv": [12, 1, 13, 2], "texture": "#0"},
				"south": {"uv": [12, 1, 16, 2], "texture": "#0"},
				"west": {"uv": [12, 1, 13, 2], "texture": "#0"},
				"up": {"uv": [12, 1, 16, 2], "texture": "#0"}
			}
		},
		{
			"from": [-2, 15, 7.01],
			"to": [1, 16, 7.99],
			"rotation": {"angle": -22.5, "axis": "z", "origin": [6, 7.94737, 7.5]},
			"faces": {
				"north": {"uv": [16, 0, 13, 1], "texture": "#0"},
				"east": {"uv": [16, 0, 13, 1], "texture": "#0"},
				"south": {"uv": [16, 0, 13, 1], "texture": "#0"},
				"west": {"uv": [16, 0, 13, 1], "texture": "#0"},
				"up": {"uv": [16, 0, 13, 1], "texture": "#0"}
			}
		},
		{
			"from": [10, 8, 7.01],
			"to": [12, 10, 7.99],
			"rotation": {"angle": -22.5, "axis": "z", "origin": [6, 7.94737, 7.5]},
			"faces": {
				"north": {"uv": [2, 6, 4, 8], "texture": "#0"},
				"east": {"uv": [2, 6, 4, 7], "texture": "#0"},
				"south": {"uv": [4, 6, 2, 8], "texture": "#0"},
				"up": {"uv": [2, 6, 4, 7], "texture": "#0"}
			}
		},
		{
			"from": [6, 5, 7.01],
			"to": [10, 6, 7.99],
			"rotation": {"angle": -22.5, "axis": "z", "origin": [6, 7.94737, 7.5]},
			"faces": {
				"north": {"uv": [4, 10, 8, 11], "texture": "#0"},
				"south": {"uv": [8, 10, 4, 11], "texture": "#0"},
				"west": {"uv": [7, 10, 8, 11], "texture": "#0"}
			}
		},
		{
			"from": [10, 2, 7.01],
			"to": [11, 3, 7.99],
			"rotation": {"angle": -22.5, "axis": "z", "origin": [6, 7.94737, 7.5]},
			"faces": {
				"north": {"uv": [3, 13, 4, 14], "texture": "#0"},
				"south": {"uv": [3, 13, 4, 14], "texture": "#0"},
				"west": {"uv": [3, 13, 4, 14], "texture": "#0"},
				"down": {"uv": [3, 13, 4, 14], "texture": "#0"}
			}
		},
		{
			"from": [9, 8, 7.01],
			"to": [10, 9, 7.99],
			"rotation": {"angle": -22.5, "axis": "z", "origin": [6, 7.94737, 7.5]},
			"faces": {
				"north": {"uv": [4, 7, 5, 8], "texture": "#0"},
				"south": {"uv": [4, 7, 5, 8], "texture": "#0"}
			}
		},
		{
			"from": [11, 0, 7.02],
			"to": [14, 3, 7.98],
			"rotation": {"angle": -45, "axis": "z", "origin": [6, 7.94737, 7.5]},
			"faces": {
				"north": {"uv": [0, 13, 3, 16], "texture": "#0"},
				"east": {"uv": [0, 13, 1, 16], "texture": "#0"},
				"south": {"uv": [0, 13, 3, 16], "rotation": 270, "texture": "#0"},
				"west": {"uv": [2, 13, 3, 16], "texture": "#0"},
				"up": {"uv": [0, 13, 3, 14], "rotation": 180, "texture": "#0"},
				"down": {"uv": [0, 15, 3, 16], "texture": "#0"}
			}
		},
		{
			"from": [9, 3, 7.02],
			"to": [12, 4, 7.98],
			"rotation": {"angle": -45, "axis": "z", "origin": [6, 7.94737, 7.5]},
			"faces": {
				"north": {"uv": [2, 12, 5, 13], "texture": "#0"},
				"east": {"uv": [2, 12, 3, 13], "texture": "#0"},
				"south": {"uv": [2, 12, 5, 13], "texture": "#0"},
				"up": {"uv": [2, 12, 5, 13], "texture": "#0"},
				"down": {"uv": [2, 12, 5, 13], "texture": "#0"}
			}
		},
		{
			"from": [4, 3, 7.02],
			"to": [8, 4, 7.98],
			"rotation": {"angle": -45, "axis": "z", "origin": [6, 7.94737, 7.5]},
			"faces": {
				"north": {"uv": [6, 12, 10, 13], "texture": "#0"},
				"south": {"uv": [10, 12, 6, 13], "texture": "#0"},
				"west": {"uv": [6, 12, 7, 13], "texture": "#0"},
				"up": {"uv": [6, 12, 10, 13], "texture": "#0"}
			}
		},
		{
			"from": [4, 2, 7.02],
			"to": [6, 3, 7.98],
			"rotation": {"angle": -45, "axis": "z", "origin": [6, 7.94737, 7.5]},
			"faces": {
				"north": {"uv": [8, 13, 10, 14], "texture": "#0"},
				"east": {"uv": [8, 13, 10, 14], "texture": "#0"},
				"south": {"uv": [8, 13, 10, 14], "texture": "#0"},
				"west": {"uv": [8, 13, 10, 14], "texture": "#0"},
				"down": {"uv": [8, 13, 10, 14], "texture": "#0"}
			}
		},
		{
			"from": [5, 4, 7.02],
			"to": [11, 5, 7.98],
			"rotation": {"angle": -45, "axis": "z", "origin": [6, 7.94737, 7.5]},
			"faces": {
				"north": {"uv": [3, 11, 9, 12], "texture": "#0"},
				"east": {"uv": [3, 11, 4, 12], "texture": "#0"},
				"south": {"uv": [9, 11, 3, 12], "texture": "#0"},
				"west": {"uv": [8, 11, 9, 12], "texture": "#0"},
				"up": {"uv": [9, 11, 3, 12], "texture": "#0"}
			}
		},
		{
			"from": [5, 6, 7.02],
			"to": [11, 7, 7.98],
			"rotation": {"angle": -45, "axis": "z", "origin": [6, 7.94737, 7.5]},
			"faces": {
				"north": {"uv": [3, 9, 9, 10], "texture": "#0"},
				"south": {"uv": [9, 9, 3, 10], "texture": "#0"}
			}
		},
		{
			"from": [4, 7, 7.02],
			"to": [11, 8, 7.98],
			"rotation": {"angle": -45, "axis": "z", "origin": [6, 7.94737, 7.5]},
			"faces": {
				"north": {"uv": [3, 8, 10, 9], "texture": "#0"},
				"south": {"uv": [10, 8, 3, 9], "texture": "#0"}
			}
		},
		{
			"from": [3, 8, 7.02],
			"to": [8, 9, 7.98],
			"rotation": {"angle": -45, "axis": "z", "origin": [6, 7.94737, 7.5]},
			"faces": {
				"north": {"uv": [7, 6, 12, 7], "texture": "#0"},
				"south": {"uv": [7, 6, 12, 7], "texture": "#0"}
			}
		},
		{
			"from": [2, 9, 7.02],
			"to": [7, 10, 7.98],
			"rotation": {"angle": -45, "axis": "z", "origin": [6, 7.94737, 7.5]},
			"faces": {
				"north": {"uv": [7, 6, 12, 7], "texture": "#0"},
				"south": {"uv": [6, 7, 11, 8], "texture": "#0"}
			}
		},
		{
			"from": [1, 10, 7.02],
			"to": [6, 11, 7.98],
			"rotation": {"angle": -45, "axis": "z", "origin": [6, 7.94737, 7.5]},
			"faces": {
				"north": {"uv": [7, 6, 12, 7], "texture": "#0"},
				"south": {"uv": [6, 7, 11, 8], "texture": "#0"}
			}
		},
		{
			"from": [0, 11, 7.02],
			"to": [5, 12, 7.98],
			"rotation": {"angle": -45, "axis": "z", "origin": [6, 7.94737, 7.5]},
			"faces": {
				"north": {"uv": [10, 3, 15, 4], "texture": "#0"},
				"south": {"uv": [10, 3, 15, 4], "texture": "#0"}
			}
		},
		{
			"from": [-1, 12, 7.02],
			"to": [4, 13, 7.98],
			"rotation": {"angle": -45, "axis": "z", "origin": [6, 7.94737, 7.5]},
			"faces": {
				"north": {"uv": [11, 2, 16, 3], "texture": "#0"},
				"south": {"uv": [10, 3, 15, 4], "texture": "#0"},
				"west": {"uv": [6, 7, 7, 8], "texture": "#0"},
				"up": {"uv": [6, 7, 11, 8], "texture": "#0"}
			}
		},
		{
			"from": [-2, 13, 7.02],
			"to": [3, 14, 7.98],
			"rotation": {"angle": -45, "axis": "z", "origin": [6, 7.94737, 7.5]},
			"faces": {
				"north": {"uv": [11, 2, 16, 3], "texture": "#0"},
				"east": {"uv": [6, 7, 7, 8], "texture": "#0"},
				"south": {"uv": [10, 3, 15, 4], "texture": "#0"},
				"west": {"uv": [6, 7, 7, 8], "texture": "#0"},
				"up": {"uv": [6, 7, 11, 8], "texture": "#0"},
				"down": {"uv": [6, 7, 11, 8], "texture": "#0"}
			}
		},
		{
			"from": [-2, 14, 7.02],
			"to": [2, 15, 7.98],
			"rotation": {"angle": -45, "axis": "z", "origin": [6, 7.94737, 7.5]},
			"faces": {
				"north": {"uv": [12, 1, 16, 2], "texture": "#0"},
				"east": {"uv": [12, 1, 13, 2], "texture": "#0"},
				"south": {"uv": [12, 1, 16, 2], "texture": "#0"},
				"west": {"uv": [12, 1, 13, 2], "texture": "#0"},
				"up": {"uv": [12, 1, 16, 2], "texture": "#0"}
			}
		},
		{
			"from": [-2, 15, 7.02],
			"to": [1, 16, 7.98],
			"rotation": {"angle": -45, "axis": "z", "origin": [6, 7.94737, 7.5]},
			"faces": {
				"north": {"uv": [16, 0, 13, 1], "texture": "#0"},
				"east": {"uv": [16, 0, 13, 1], "texture": "#0"},
				"south": {"uv": [16, 0, 13, 1], "texture": "#0"},
				"west": {"uv": [16, 0, 13, 1], "texture": "#0"},
				"up": {"uv": [16, 0, 13, 1], "texture": "#0"}
			}
		},
		{
			"from": [10, 8, 7.02],
			"to": [12, 10, 7.98],
			"rotation": {"angle": -45, "axis": "z", "origin": [6, 7.94737, 7.5]},
			"faces": {
				"north": {"uv": [2, 6, 4, 8], "texture": "#0"},
				"east": {"uv": [2, 6, 4, 7], "texture": "#0"},
				"south": {"uv": [4, 6, 2, 8], "texture": "#0"}
			}
		},
		{
			"from": [6, 5, 7.02],
			"to": [10, 6, 7.98],
			"rotation": {"angle": -45, "axis": "z", "origin": [6, 7.94737, 7.5]},
			"faces": {
				"north": {"uv": [4, 10, 8, 11], "texture": "#0"},
				"south": {"uv": [8, 10, 4, 11], "texture": "#0"},
				"west": {"uv": [7, 10, 8, 11], "texture": "#0"}
			}
		},
		{
			"from": [10, 2, 7.02],
			"to": [11, 3, 7.98],
			"rotation": {"angle": -45, "axis": "z", "origin": [6, 7.94737, 7.5]},
			"faces": {
				"north": {"uv": [3, 13, 4, 14], "texture": "#0"},
				"south": {"uv": [3, 13, 4, 14], "texture": "#0"},
				"west": {"uv": [3, 13, 4, 14], "texture": "#0"},
				"down": {"uv": [3, 13, 4, 14], "texture": "#0"}
			}
		},
		{
			"from": [9, 8, 7.02],
			"to": [10, 9, 7.98],
			"rotation": {"angle": -45, "axis": "z", "origin": [6, 7.94737, 7.5]},
			"faces": {
				"north": {"uv": [4, 7, 5, 8], "texture": "#0"},
				"south": {"uv": [4, 7, 5, 8], "texture": "#0"}
			}
		},
		{
			"from": [-1.94737, -0.05263, 7.03],
			"to": [1.05263, 2.94737, 7.97],
			"rotation": {"angle": 22.5, "axis": "z", "origin": [6, 7.94737, 7.5]},
			"faces": {
				"north": {"uv": [0, 13, 3, 16], "rotation": 270, "texture": "#0"},
				"east": {"uv": [0, 13, 3, 14], "rotation": 270, "texture": "#0"},
				"south": {"uv": [0, 13, 3, 16], "texture": "#0"},
				"west": {"uv": [0, 15, 3, 16], "rotation": 90, "texture": "#0"},
				"up": {"uv": [2, 13, 3, 16], "rotation": 90, "texture": "#0"},
				"down": {"uv": [0, 13, 1, 16], "rotation": 90, "texture": "#0"}
			}
		},
		{
			"from": [1.05263, 1.94737, 7.03],
			"to": [2.05263, 4.94737, 7.97],
			"rotation": {"angle": 22.5, "axis": "z", "origin": [6, 7.94737, 7.5]},
			"faces": {
				"north": {"uv": [2, 12, 5, 13], "rotation": 270, "texture": "#0"},
				"east": {"uv": [2, 12, 5, 13], "rotation": 90, "texture": "#0"},
				"south": {"uv": [2, 12, 5, 13], "rotation": 90, "texture": "#0"},
				"west": {"uv": [2, 12, 5, 13], "rotation": 90, "texture": "#0"},
				"down": {"uv": [2, 12, 3, 13], "rotation": 90, "texture": "#0"}
			}
		},
		{
			"from": [1.05263, 5.94737, 7.03],
			"to": [2.05263, 9.94737, 7.97],
			"rotation": {"angle": 22.5, "axis": "z", "origin": [6, 7.94737, 7.5]},
			"faces": {
				"north": {"uv": [6, 12, 10, 13], "rotation": 270, "texture": "#0"},
				"south": {"uv": [10, 12, 6, 13], "rotation": 90, "texture": "#0"}
			}
		},
		{
			"from": [0.05263, 7.94737, 7.03],
			"to": [1.05263, 9.94737, 7.97],
			"rotation": {"angle": 22.5, "axis": "z", "origin": [6, 7.94737, 7.5]},
			"faces": {
				"north": {"uv": [8, 13, 10, 14], "rotation": 270, "texture": "#0"},
				"south": {"uv": [8, 13, 10, 14], "rotation": 90, "texture": "#0"}
			}
		},
		{
			"from": [2.05263, 2.94737, 7.03],
			"to": [3.05263, 8.94737, 7.97],
			"rotation": {"angle": 22.5, "axis": "z", "origin": [6, 7.94737, 7.5]},
			"faces": {
				"north": {"uv": [3, 11, 9, 12], "rotation": 270, "texture": "#0"},
				"south": {"uv": [9, 11, 3, 12], "rotation": 90, "texture": "#0"},
				"down": {"uv": [3, 11, 4, 12], "rotation": 90, "texture": "#0"}
			}
		},
		{
			"from": [4.05263, 2.94737, 7.03],
			"to": [5.05263, 8.94737, 7.97],
			"rotation": {"angle": 22.5, "axis": "z", "origin": [6, 7.94737, 7.5]},
			"faces": {
				"north": {"uv": [3, 9, 9, 10], "rotation": 270, "texture": "#0"},
				"south": {"uv": [9, 9, 3, 10], "rotation": 90, "texture": "#0"}
			}
		},
		{
			"from": [5.05263, 2.94737, 7.03],
			"to": [6.05263, 9.94737, 7.97],
			"rotation": {"angle": 22.5, "axis": "z", "origin": [6, 7.94737, 7.5]},
			"faces": {
				"north": {"uv": [3, 8, 10, 9], "rotation": 270, "texture": "#0"},
				"south": {"uv": [10, 8, 3, 9], "rotation": 90, "texture": "#0"}
			}
		},
		{
			"from": [6.05263, 5.94737, 7.03],
			"to": [7.05263, 10.94737, 7.97],
			"rotation": {"angle": 22.5, "axis": "z", "origin": [6, 7.94737, 7.5]},
			"faces": {
				"north": {"uv": [7, 6, 12, 7], "rotation": 270, "texture": "#0"},
				"south": {"uv": [7, 6, 12, 7], "rotation": 90, "texture": "#0"}
			}
		},
		{
			"from": [7.05263, 6.94737, 7.03],
			"to": [8.05263, 11.94737, 7.97],
			"rotation": {"angle": 22.5, "axis": "z", "origin": [6, 7.94737, 7.5]},
			"faces": {
				"north": {"uv": [7, 6, 12, 7], "rotation": 270, "texture": "#0"},
				"south": {"uv": [6, 7, 11, 8], "rotation": 90, "texture": "#0"}
			}
		},
		{
			"from": [8.05263, 7.94737, 7.03],
			"to": [9.05263, 12.94737, 7.97],
			"rotation": {"angle": 22.5, "axis": "z", "origin": [6, 7.94737, 7.5]},
			"faces": {
				"north": {"uv": [7, 6, 12, 7], "rotation": 270, "texture": "#0"},
				"south": {"uv": [6, 7, 11, 8], "rotation": 90, "texture": "#0"}
			}
		},
		{
			"from": [9.05263, 8.94737, 7.03],
			"to": [10.05263, 13.94737, 7.97],
			"rotation": {"angle": 22.5, "axis": "z", "origin": [6, 7.94737, 7.5]},
			"faces": {
				"north": {"uv": [10, 3, 15, 4], "rotation": 270, "texture": "#0"},
				"south": {"uv": [10, 3, 15, 4], "rotation": 90, "texture": "#0"}
			}
		},
		{
			"from": [10.05263, 9.94737, 7.03],
			"to": [11.05263, 14.94737, 7.97],
			"rotation": {"angle": 22.5, "axis": "z", "origin": [6, 7.94737, 7.5]},
			"faces": {
				"north": {"uv": [11, 2, 16, 3], "rotation": 270, "texture": "#0"},
				"east": {"uv": [6, 7, 11, 8], "rotation": 90, "texture": "#0"},
				"south": {"uv": [10, 3, 15, 4], "rotation": 90, "texture": "#0"},
				"up": {"uv": [6, 7, 7, 8], "rotation": 90, "texture": "#0"}
			}
		},
		{
			"from": [11.05263, 10.94737, 7.03],
			"to": [12.05263, 15.94737, 7.97],
			"rotation": {"angle": 22.5, "axis": "z", "origin": [6, 7.94737, 7.5]},
			"faces": {
				"north": {"uv": [11, 2, 16, 3], "rotation": 270, "texture": "#0"},
				"east": {"uv": [6, 7, 11, 8], "rotation": 90, "texture": "#0"},
				"south": {"uv": [10, 3, 15, 4], "rotation": 90, "texture": "#0"},
				"west": {"uv": [6, 7, 11, 8], "rotation": 90, "texture": "#0"},
				"up": {"uv": [6, 7, 7, 8], "rotation": 90, "texture": "#0"},
				"down": {"uv": [6, 7, 7, 8], "rotation": 90, "texture": "#0"}
			}
		},
		{
			"from": [12.05263, 11.94737, 7.03],
			"to": [13.05263, 15.94737, 7.97],
			"rotation": {"angle": 22.5, "axis": "z", "origin": [6, 7.94737, 7.5]},
			"faces": {
				"north": {"uv": [12, 1, 16, 2], "rotation": 270, "texture": "#0"},
				"east": {"uv": [12, 1, 16, 2], "rotation": 90, "texture": "#0"},
				"south": {"uv": [12, 1, 16, 2], "rotation": 90, "texture": "#0"},
				"up": {"uv": [12, 1, 13, 2], "rotation": 90, "texture": "#0"},
				"down": {"uv": [12, 1, 13, 2], "rotation": 90, "texture": "#0"}
			}
		},
		{
			"from": [13.05263, 12.94737, 7.03],
			"to": [14.05263, 15.94737, 7.97],
			"rotation": {"angle": 22.5, "axis": "z", "origin": [6, 7.94737, 7.5]},
			"faces": {
				"north": {"uv": [16, 0, 13, 1], "rotation": 270, "texture": "#0"},
				"east": {"uv": [16, 0, 13, 1], "rotation": 90, "texture": "#0"},
				"south": {"uv": [16, 0, 13, 1], "rotation": 90, "texture": "#0"},
				"up": {"uv": [16, 0, 13, 1], "rotation": 90, "texture": "#0"},
				"down": {"uv": [16, 0, 13, 1], "rotation": 90, "texture": "#0"}
			}
		},
		{
			"from": [6.05263, 1.94737, 7.03],
			"to": [8.05263, 3.94737, 7.97],
			"rotation": {"angle": 22.5, "axis": "z", "origin": [6, 7.94737, 7.5]},
			"faces": {
				"north": {"uv": [2, 6, 4, 8], "rotation": 270, "texture": "#0"},
				"south": {"uv": [4, 6, 2, 8], "rotation": 90, "texture": "#0"},
				"down": {"uv": [2, 6, 4, 7], "rotation": 90, "texture": "#0"}
			}
		},
		{
			"from": [3.05263, 3.94737, 7.03],
			"to": [4.05263, 7.94737, 7.97],
			"rotation": {"angle": 22.5, "axis": "z", "origin": [6, 7.94737, 7.5]},
			"faces": {
				"north": {"uv": [4, 10, 8, 11], "rotation": 270, "texture": "#0"},
				"south": {"uv": [8, 10, 4, 11], "rotation": 90, "texture": "#0"}
			}
		},
		{
			"from": [0.05263, 2.94737, 7.03],
			"to": [1.05263, 3.94737, 7.97],
			"rotation": {"angle": 22.5, "axis": "z", "origin": [6, 7.94737, 7.5]},
			"faces": {
				"north": {"uv": [3, 13, 4, 14], "rotation": 270, "texture": "#0"},
				"south": {"uv": [3, 13, 4, 14], "rotation": 90, "texture": "#0"},
				"west": {"uv": [3, 13, 4, 14], "rotation": 90, "texture": "#0"},
				"up": {"uv": [3, 13, 4, 14], "rotation": 90, "texture": "#0"}
			}
		},
		{
			"from": [-1.94737, -0.05263, 7.04],
			"to": [1.05263, 2.94737, 7.96],
			"rotation": {"angle": 0, "axis": "z", "origin": [6, 7.94737, 7.5]},
			"faces": {
				"north": {"uv": [0, 13, 3, 16], "rotation": 270, "texture": "#0"},
				"east": {"uv": [0, 13, 3, 14], "rotation": 270, "texture": "#0"},
				"south": {"uv": [0, 13, 3, 16], "texture": "#0"},
				"west": {"uv": [0, 15, 3, 16], "rotation": 90, "texture": "#0"},
				"up": {"uv": [2, 13, 3, 16], "rotation": 90, "texture": "#0"},
				"down": {"uv": [0, 13, 1, 16], "rotation": 90, "texture": "#0"}
			}
		},
		{
			"from": [1.05263, 1.94737, 7.04],
			"to": [2.05263, 4.94737, 7.96],
			"rotation": {"angle": 0, "axis": "z", "origin": [6, 7.94737, 7.5]},
			"faces": {
				"north": {"uv": [2, 12, 5, 13], "rotation": 270, "texture": "#0"},
				"east": {"uv": [2, 12, 5, 13], "rotation": 90, "texture": "#0"},
				"south": {"uv": [2, 12, 5, 13], "rotation": 90, "texture": "#0"},
				"west": {"uv": [2, 12, 5, 13], "rotation": 90, "texture": "#0"},
				"down": {"uv": [2, 12, 3, 13], "rotation": 90, "texture": "#0"}
			}
		},
		{
			"from": [1.05263, 5.94737, 7.04],
			"to": [2.05263, 9.94737, 7.96],
			"rotation": {"angle": 0, "axis": "z", "origin": [6, 7.94737, 7.5]},
			"faces": {
				"north": {"uv": [6, 12, 10, 13], "rotation": 270, "texture": "#0"},
				"south": {"uv": [10, 12, 6, 13], "rotation": 90, "texture": "#0"}
			}
		},
		{
			"from": [0.05263, 7.94737, 7.04],
			"to": [1.05263, 9.94737, 7.96],
			"rotation": {"angle": 0, "axis": "z", "origin": [6, 7.94737, 7.5]},
			"faces": {
				"north": {"uv": [8, 13, 10, 14], "rotation": 270, "texture": "#0"},
				"south": {"uv": [8, 13, 10, 14], "rotation": 90, "texture": "#0"}
			}
		},
		{
			"from": [2.05263, 2.94737, 7.04],
			"to": [3.05263, 8.94737, 7.96],
			"rotation": {"angle": 0, "axis": "z", "origin": [6, 7.94737, 7.5]},
			"faces": {
				"north": {"uv": [3, 11, 9, 12], "rotation": 270, "texture": "#0"},
				"south": {"uv": [9, 11, 3, 12], "rotation": 90, "texture": "#0"},
				"down": {"uv": [3, 11, 4, 12], "rotation": 90, "texture": "#0"}
			}
		},
		{
			"from": [4.05263, 2.94737, 7.04],
			"to": [5.05263, 8.94737, 7.96],
			"rotation": {"angle": 0, "axis": "z", "origin": [6, 7.94737, 7.5]},
			"faces": {
				"north": {"uv": [3, 9, 9, 10], "rotation": 270, "texture": "#0"},
				"south": {"uv": [9, 9, 3, 10], "rotation": 90, "texture": "#0"}
			}
		},
		{
			"from": [5.05263, 2.94737, 7.04],
			"to": [6.05263, 9.94737, 7.96],
			"rotation": {"angle": 0, "axis": "z", "origin": [6, 7.94737, 7.5]},
			"faces": {
				"north": {"uv": [3, 8, 10, 9], "rotation": 270, "texture": "#0"},
				"south": {"uv": [10, 8, 3, 9], "rotation": 90, "texture": "#0"}
			}
		},
		{
			"from": [6.05263, 5.94737, 7.04],
			"to": [7.05263, 10.94737, 7.96],
			"rotation": {"angle": 0, "axis": "z", "origin": [6, 7.94737, 7.5]},
			"faces": {
				"north": {"uv": [7, 6, 12, 7], "rotation": 270, "texture": "#0"},
				"south": {"uv": [7, 6, 12, 7], "rotation": 90, "texture": "#0"}
			}
		},
		{
			"from": [7.05263, 6.94737, 7.04],
			"to": [8.05263, 11.94737, 7.96],
			"rotation": {"angle": 0, "axis": "z", "origin": [6, 7.94737, 7.5]},
			"faces": {
				"north": {"uv": [7, 6, 12, 7], "rotation": 270, "texture": "#0"},
				"south": {"uv": [6, 7, 11, 8], "rotation": 90, "texture": "#0"}
			}
		},
		{
			"from": [8.05263, 7.94737, 7.04],
			"to": [9.05263, 12.94737, 7.96],
			"rotation": {"angle": 0, "axis": "z", "origin": [6, 7.94737, 7.5]},
			"faces": {
				"north": {"uv": [7, 6, 12, 7], "rotation": 270, "texture": "#0"},
				"south": {"uv": [6, 7, 11, 8], "rotation": 90, "texture": "#0"}
			}
		},
		{
			"from": [9.05263, 8.94737, 7.04],
			"to": [10.05263, 13.94737, 7.96],
			"rotation": {"angle": 0, "axis": "z", "origin": [6, 7.94737, 7.5]},
			"faces": {
				"north": {"uv": [10, 3, 15, 4], "rotation": 270, "texture": "#0"},
				"south": {"uv": [10, 3, 15, 4], "rotation": 90, "texture": "#0"}
			}
		},
		{
			"from": [10.05263, 9.94737, 7.04],
			"to": [11.05263, 14.94737, 7.96],
			"rotation": {"angle": 0, "axis": "z", "origin": [6, 7.94737, 7.5]},
			"faces": {
				"north": {"uv": [11, 2, 16, 3], "rotation": 270, "texture": "#0"},
				"south": {"uv": [10, 3, 15, 4], "rotation": 90, "texture": "#0"},
				"up": {"uv": [6, 7, 7, 8], "rotation": 90, "texture": "#0"}
			}
		},
		{
			"from": [11.05263, 10.94737, 7.04],
			"to": [12.05263, 15.94737, 7.96],
			"rotation": {"angle": 0, "axis": "z", "origin": [6, 7.94737, 7.5]},
			"faces": {
				"north": {"uv": [11, 2, 16, 3], "rotation": 270, "texture": "#0"},
				"east": {"uv": [6, 7, 11, 8], "rotation": 90, "texture": "#0"},
				"south": {"uv": [10, 3, 15, 4], "rotation": 90, "texture": "#0"},
				"west": {"uv": [6, 7, 11, 8], "rotation": 90, "texture": "#0"},
				"up": {"uv": [6, 7, 7, 8], "rotation": 90, "texture": "#0"}
			}
		},
		{
			"from": [12.05263, 11.94737, 7.04],
			"to": [13.05263, 15.94737, 7.96],
			"rotation": {"angle": 0, "axis": "z", "origin": [6, 7.94737, 7.5]},
			"faces": {
				"north": {"uv": [12, 1, 16, 2], "rotation": 270, "texture": "#0"},
				"east": {"uv": [12, 1, 16, 2], "rotation": 90, "texture": "#0"},
				"south": {"uv": [12, 1, 16, 2], "rotation": 90, "texture": "#0"},
				"up": {"uv": [12, 1, 13, 2], "rotation": 90, "texture": "#0"},
				"down": {"uv": [12, 1, 13, 2], "rotation": 90, "texture": "#0"}
			}
		},
		{
			"from": [13.05263, 12.94737, 7.04],
			"to": [14.05263, 15.94737, 7.96],
			"rotation": {"angle": 0, "axis": "z", "origin": [6, 7.94737, 7.5]},
			"faces": {
				"north": {"uv": [16, 0, 13, 1], "rotation": 270, "texture": "#0"},
				"east": {"uv": [16, 0, 13, 1], "rotation": 90, "texture": "#0"},
				"south": {"uv": [16, 0, 13, 1], "rotation": 90, "texture": "#0"},
				"up": {"uv": [16, 0, 13, 1], "rotation": 90, "texture": "#0"},
				"down": {"uv": [16, 0, 13, 1], "rotation": 90, "texture": "#0"}
			}
		},
		{
			"from": [6.05263, 1.94737, 7.04],
			"to": [8.05263, 3.94737, 7.96],
			"rotation": {"angle": 0, "axis": "z", "origin": [6, 7.94737, 7.5]},
			"faces": {
				"north": {"uv": [2, 6, 4, 8], "rotation": 270, "texture": "#0"},
				"south": {"uv": [4, 6, 2, 8], "rotation": 90, "texture": "#0"},
				"down": {"uv": [2, 6, 4, 7], "rotation": 90, "texture": "#0"}
			}
		},
		{
			"from": [3.05263, 3.94737, 7.04],
			"to": [4.05263, 7.94737, 7.96],
			"rotation": {"angle": 0, "axis": "z", "origin": [6, 7.94737, 7.5]},
			"faces": {
				"north": {"uv": [4, 10, 8, 11], "rotation": 270, "texture": "#0"},
				"south": {"uv": [8, 10, 4, 11], "rotation": 90, "texture": "#0"}
			}
		},
		{
			"from": [0.05263, 2.94737, 7.04],
			"to": [1.05263, 3.94737, 7.96],
			"rotation": {"angle": 0, "axis": "z", "origin": [6, 7.94737, 7.5]},
			"faces": {
				"north": {"uv": [3, 13, 4, 14], "rotation": 270, "texture": "#0"},
				"south": {"uv": [3, 13, 4, 14], "rotation": 90, "texture": "#0"},
				"west": {"uv": [3, 13, 4, 14], "rotation": 90, "texture": "#0"},
				"up": {"uv": [3, 13, 4, 14], "rotation": 90, "texture": "#0"}
			}
		},
		{
			"from": [9, 8, 7.01],
			"to": [10, 9, 7.99],
			"rotation": {"angle": 22.5, "axis": "z", "origin": [6, 7.94737, 7.5]},
			"faces": {
				"north": {"uv": [4, 7, 5, 8], "texture": "#0"},
				"south": {"uv": [4, 7, 5, 8], "texture": "#0"},
				"west": {"uv": [4, 7, 5, 8], "texture": "#0"},
				"up": {"uv": [4, 7, 5, 8], "texture": "#0"}
			}
		},
		{
			"from": [10, 2, 7.01],
			"to": [11, 3, 7.99],
			"rotation": {"angle": 22.5, "axis": "z", "origin": [6, 7.94737, 7.5]},
			"faces": {
				"north": {"uv": [3, 13, 4, 14], "texture": "#0"},
				"south": {"uv": [3, 13, 4, 14], "texture": "#0"},
				"west": {"uv": [3, 13, 4, 14], "texture": "#0"},
				"down": {"uv": [3, 13, 4, 14], "texture": "#0"}
			}
		},
		{
			"from": [6, 5, 7.01],
			"to": [10, 6, 7.99],
			"rotation": {"angle": 22.5, "axis": "z", "origin": [6, 7.94737, 7.5]},
			"faces": {
				"north": {"uv": [4, 10, 8, 11], "texture": "#0"},
				"south": {"uv": [8, 10, 4, 11], "texture": "#0"}
			}
		},
		{
			"from": [10, 8, 7.01],
			"to": [12, 10, 7.99],
			"rotation": {"angle": 22.5, "axis": "z", "origin": [6, 7.94737, 7.5]},
			"faces": {
				"north": {"uv": [2, 6, 4, 8], "texture": "#0"},
				"east": {"uv": [2, 6, 4, 7], "texture": "#0"},
				"south": {"uv": [4, 6, 2, 8], "texture": "#0"},
				"west": {"uv": [2, 6, 4, 7], "texture": "#0"},
				"up": {"uv": [2, 6, 4, 7], "texture": "#0"},
				"down": {"uv": [2, 6, 4, 7], "texture": "#0"}
			}
		},
		{
			"from": [-2, 15, 7.01],
			"to": [1, 16, 7.99],
			"rotation": {"angle": 22.5, "axis": "z", "origin": [6, 7.94737, 7.5]},
			"faces": {
				"north": {"uv": [16, 0, 13, 1], "texture": "#0"},
				"east": {"uv": [16, 0, 13, 1], "texture": "#0"},
				"south": {"uv": [16, 0, 13, 1], "texture": "#0"},
				"west": {"uv": [16, 0, 13, 1], "texture": "#0"},
				"up": {"uv": [16, 0, 13, 1], "texture": "#0"}
			}
		},
		{
			"from": [-2, 14, 7.01],
			"to": [2, 15, 7.99],
			"rotation": {"angle": 22.5, "axis": "z", "origin": [6, 7.94737, 7.5]},
			"faces": {
				"north": {"uv": [12, 1, 16, 2], "texture": "#0"},
				"south": {"uv": [12, 1, 16, 2], "texture": "#0"},
				"west": {"uv": [12, 1, 13, 2], "texture": "#0"},
				"up": {"uv": [12, 1, 16, 2], "texture": "#0"}
			}
		},
		{
			"from": [-2, 13, 7.01],
			"to": [3, 14, 7.99],
			"rotation": {"angle": 22.5, "axis": "z", "origin": [6, 7.94737, 7.5]},
			"faces": {
				"north": {"uv": [11, 2, 16, 3], "texture": "#0"},
				"south": {"uv": [10, 3, 15, 4], "texture": "#0"},
				"west": {"uv": [6, 7, 7, 8], "texture": "#0"},
				"down": {"uv": [6, 7, 11, 8], "texture": "#0"}
			}
		},
		{
			"from": [-1, 12, 7.01],
			"to": [4, 13, 7.99],
			"rotation": {"angle": 22.5, "axis": "z", "origin": [6, 7.94737, 7.5]},
			"faces": {
				"north": {"uv": [11, 2, 16, 3], "texture": "#0"},
				"south": {"uv": [10, 3, 15, 4], "texture": "#0"},
				"west": {"uv": [6, 7, 7, 8], "texture": "#0"},
				"down": {"uv": [6, 7, 11, 8], "texture": "#0"}
			}
		},
		{
			"from": [0, 11, 7.01],
			"to": [5, 12, 7.99],
			"rotation": {"angle": 22.5, "axis": "z", "origin": [6, 7.94737, 7.5]},
			"faces": {
				"north": {"uv": [10, 3, 15, 4], "texture": "#0"},
				"south": {"uv": [10, 3, 15, 4], "texture": "#0"},
				"west": {"uv": [6, 7, 7, 8], "texture": "#0"},
				"down": {"uv": [6, 7, 11, 8], "texture": "#0"}
			}
		},
		{
			"from": [1, 10, 7.01],
			"to": [6, 11, 7.99],
			"rotation": {"angle": 22.5, "axis": "z", "origin": [6, 7.94737, 7.5]},
			"faces": {
				"north": {"uv": [7, 6, 12, 7], "texture": "#0"},
				"south": {"uv": [6, 7, 11, 8], "texture": "#0"},
				"west": {"uv": [6, 7, 7, 8], "texture": "#0"},
				"down": {"uv": [6, 7, 11, 8], "texture": "#0"}
			}
		},
		{
			"from": [2, 9, 7.01],
			"to": [7, 10, 7.99],
			"rotation": {"angle": 22.5, "axis": "z", "origin": [6, 7.94737, 7.5]},
			"faces": {
				"north": {"uv": [7, 6, 12, 7], "texture": "#0"},
				"south": {"uv": [6, 7, 11, 8], "texture": "#0"},
				"west": {"uv": [6, 7, 7, 8], "texture": "#0"},
				"down": {"uv": [6, 7, 11, 8], "texture": "#0"}
			}
		},
		{
			"from": [3, 8, 7.01],
			"to": [8, 9, 7.99],
			"rotation": {"angle": 22.5, "axis": "z", "origin": [6, 7.94737, 7.5]},
			"faces": {
				"north": {"uv": [7, 6, 12, 7], "texture": "#0"},
				"east": {"uv": [6, 7, 7, 8], "texture": "#0"},
				"south": {"uv": [7, 6, 12, 7], "texture": "#0"},
				"west": {"uv": [6, 7, 7, 8], "texture": "#0"},
				"up": {"uv": [6, 7, 11, 8], "texture": "#0"},
				"down": {"uv": [6, 7, 11, 8], "texture": "#0"}
			}
		},
		{
			"from": [4, 7, 7.01],
			"to": [11, 8, 7.99],
			"rotation": {"angle": 22.5, "axis": "z", "origin": [6, 7.94737, 7.5]},
			"faces": {
				"north": {"uv": [3, 8, 10, 9], "texture": "#0"},
				"south": {"uv": [10, 8, 3, 9], "texture": "#0"},
				"west": {"uv": [9, 8, 10, 9], "texture": "#0"},
				"up": {"uv": [10, 8, 3, 9], "texture": "#0"},
				"down": {"uv": [3, 8, 10, 9], "texture": "#0"}
			}
		},
		{
			"from": [5, 6, 7.01],
			"to": [11, 7, 7.99],
			"rotation": {"angle": 22.5, "axis": "z", "origin": [6, 7.94737, 7.5]},
			"faces": {
				"north": {"uv": [3, 9, 9, 10], "texture": "#0"},
				"south": {"uv": [9, 9, 3, 10], "texture": "#0"}
			}
		},
		{
			"from": [5, 4, 7.01],
			"to": [11, 5, 7.99],
			"rotation": {"angle": 22.5, "axis": "z", "origin": [6, 7.94737, 7.5]},
			"faces": {
				"north": {"uv": [3, 11, 9, 12], "texture": "#0"},
				"east": {"uv": [3, 11, 4, 12], "texture": "#0"},
				"south": {"uv": [9, 11, 3, 12], "texture": "#0"}
			}
		},
		{
			"from": [4, 2, 7.01],
			"to": [6, 3, 7.99],
			"rotation": {"angle": 22.5, "axis": "z", "origin": [6, 7.94737, 7.5]},
			"faces": {
				"north": {"uv": [8, 13, 10, 14], "texture": "#0"},
				"south": {"uv": [8, 13, 10, 14], "texture": "#0"},
				"west": {"uv": [8, 13, 10, 14], "texture": "#0"},
				"down": {"uv": [8, 13, 10, 14], "texture": "#0"}
			}
		},
		{
			"from": [4, 3, 7.01],
			"to": [8, 4, 7.99],
			"rotation": {"angle": 22.5, "axis": "z", "origin": [6, 7.94737, 7.5]},
			"faces": {
				"north": {"uv": [6, 12, 10, 13], "texture": "#0"},
				"south": {"uv": [10, 12, 6, 13], "texture": "#0"},
				"west": {"uv": [6, 12, 7, 13], "texture": "#0"},
				"down": {"uv": [6, 12, 10, 13], "texture": "#0"}
			}
		},
		{
			"from": [9, 3, 7.01],
			"to": [12, 4, 7.99],
			"rotation": {"angle": 22.5, "axis": "z", "origin": [6, 7.94737, 7.5]},
			"faces": {
				"north": {"uv": [2, 12, 5, 13], "texture": "#0"},
				"east": {"uv": [2, 12, 3, 13], "texture": "#0"},
				"south": {"uv": [2, 12, 5, 13], "texture": "#0"},
				"west": {"uv": [4, 12, 5, 13], "texture": "#0"},
				"up": {"uv": [2, 12, 5, 13], "texture": "#0"},
				"down": {"uv": [2, 12, 5, 13], "texture": "#0"}
			}
		},
		{
			"from": [11, 0, 7.01],
			"to": [14, 3, 7.99],
			"rotation": {"angle": 22.5, "axis": "z", "origin": [6, 7.94737, 7.5]},
			"faces": {
				"north": {"uv": [0, 13, 3, 16], "texture": "#0"},
				"east": {"uv": [0, 13, 1, 16], "texture": "#0"},
				"south": {"uv": [0, 13, 3, 16], "rotation": 270, "texture": "#0"},
				"west": {"uv": [2, 13, 3, 16], "texture": "#0"},
				"up": {"uv": [0, 13, 3, 14], "rotation": 180, "texture": "#0"},
				"down": {"uv": [0, 15, 3, 16], "texture": "#0"}
			}
		},
		{
			"from": [9, 8, 7.02],
			"to": [10, 9, 7.98],
			"rotation": {"angle": 45, "axis": "z", "origin": [6, 7.94737, 7.5]},
			"faces": {
				"north": {"uv": [4, 7, 5, 8], "texture": "#0"},
				"south": {"uv": [4, 7, 5, 8], "texture": "#0"}
			}
		},
		{
			"from": [10, 2, 7.02],
			"to": [11, 3, 7.98],
			"rotation": {"angle": 45, "axis": "z", "origin": [6, 7.94737, 7.5]},
			"faces": {
				"north": {"uv": [3, 13, 4, 14], "texture": "#0"},
				"south": {"uv": [3, 13, 4, 14], "texture": "#0"},
				"west": {"uv": [3, 13, 4, 14], "texture": "#0"},
				"down": {"uv": [3, 13, 4, 14], "texture": "#0"}
			}
		},
		{
			"from": [6, 5, 7.02],
			"to": [10, 6, 7.98],
			"rotation": {"angle": 45, "axis": "z", "origin": [6, 7.94737, 7.5]},
			"faces": {
				"north": {"uv": [4, 10, 8, 11], "texture": "#0"},
				"south": {"uv": [8, 10, 4, 11], "texture": "#0"}
			}
		},
		{
			"from": [10, 8, 7.02],
			"to": [12, 10, 7.98],
			"rotation": {"angle": 45, "axis": "z", "origin": [6, 7.94737, 7.5]},
			"faces": {
				"north": {"uv": [2, 6, 4, 8], "texture": "#0"},
				"east": {"uv": [2, 6, 4, 7], "texture": "#0"},
				"south": {"uv": [4, 6, 2, 8], "texture": "#0"},
				"up": {"uv": [2, 6, 4, 7], "texture": "#0"},
				"down": {"uv": [2, 6, 4, 7], "texture": "#0"}
			}
		},
		{
			"from": [-2, 15, 7.02],
			"to": [1, 16, 7.98],
			"rotation": {"angle": 45, "axis": "z", "origin": [6, 7.94737, 7.5]},
			"faces": {
				"north": {"uv": [16, 0, 13, 1], "texture": "#0"},
				"east": {"uv": [16, 0, 13, 1], "texture": "#0"},
				"south": {"uv": [16, 0, 13, 1], "texture": "#0"},
				"west": {"uv": [16, 0, 13, 1], "texture": "#0"},
				"up": {"uv": [16, 0, 13, 1], "texture": "#0"}
			}
		},
		{
			"from": [-2, 14, 7.02],
			"to": [2, 15, 7.98],
			"rotation": {"angle": 45, "axis": "z", "origin": [6, 7.94737, 7.5]},
			"faces": {
				"north": {"uv": [12, 1, 16, 2], "texture": "#0"},
				"south": {"uv": [12, 1, 16, 2], "texture": "#0"},
				"west": {"uv": [12, 1, 13, 2], "texture": "#0"},
				"up": {"uv": [12, 1, 16, 2], "texture": "#0"}
			}
		},
		{
			"from": [-2, 13, 7.02],
			"to": [3, 14, 7.98],
			"rotation": {"angle": 45, "axis": "z", "origin": [6, 7.94737, 7.5]},
			"faces": {
				"north": {"uv": [11, 2, 16, 3], "texture": "#0"},
				"south": {"uv": [10, 3, 15, 4], "texture": "#0"},
				"west": {"uv": [6, 7, 7, 8], "texture": "#0"},
				"down": {"uv": [6, 7, 11, 8], "texture": "#0"}
			}
		},
		{
			"from": [-1, 12, 7.02],
			"to": [4, 13, 7.98],
			"rotation": {"angle": 45, "axis": "z", "origin": [6, 7.94737, 7.5]},
			"faces": {
				"north": {"uv": [11, 2, 16, 3], "texture": "#0"},
				"south": {"uv": [10, 3, 15, 4], "texture": "#0"},
				"west": {"uv": [6, 7, 7, 8], "texture": "#0"},
				"down": {"uv": [6, 7, 11, 8], "texture": "#0"}
			}
		},
		{
			"from": [0, 11, 7.02],
			"to": [5, 12, 7.98],
			"rotation": {"angle": 45, "axis": "z", "origin": [6, 7.94737, 7.5]},
			"faces": {
				"north": {"uv": [10, 3, 15, 4], "texture": "#0"},
				"south": {"uv": [10, 3, 15, 4], "texture": "#0"},
				"west": {"uv": [6, 7, 7, 8], "texture": "#0"},
				"down": {"uv": [6, 7, 11, 8], "texture": "#0"}
			}
		},
		{
			"from": [1, 10, 7.02],
			"to": [6, 11, 7.98],
			"rotation": {"angle": 45, "axis": "z", "origin": [6, 7.94737, 7.5]},
			"faces": {
				"north": {"uv": [7, 6, 12, 7], "texture": "#0"},
				"south": {"uv": [6, 7, 11, 8], "texture": "#0"},
				"west": {"uv": [6, 7, 7, 8], "texture": "#0"},
				"down": {"uv": [6, 7, 11, 8], "texture": "#0"}
			}
		},
		{
			"from": [2, 9, 7.02],
			"to": [7, 10, 7.98],
			"rotation": {"angle": 45, "axis": "z", "origin": [6, 7.94737, 7.5]},
			"faces": {
				"north": {"uv": [7, 6, 12, 7], "texture": "#0"},
				"south": {"uv": [6, 7, 11, 8], "texture": "#0"},
				"west": {"uv": [6, 7, 7, 8], "texture": "#0"},
				"down": {"uv": [6, 7, 11, 8], "texture": "#0"}
			}
		},
		{
			"from": [3, 8, 7.02],
			"to": [8, 9, 7.98],
			"rotation": {"angle": 45, "axis": "z", "origin": [6, 7.94737, 7.5]},
			"faces": {
				"north": {"uv": [7, 6, 12, 7], "texture": "#0"},
				"south": {"uv": [7, 6, 12, 7], "texture": "#0"},
				"west": {"uv": [6, 7, 7, 8], "texture": "#0"},
				"down": {"uv": [6, 7, 11, 8], "texture": "#0"}
			}
		},
		{
			"from": [4, 7, 7.02],
			"to": [11, 8, 7.98],
			"rotation": {"angle": 45, "axis": "z", "origin": [6, 7.94737, 7.5]},
			"faces": {
				"north": {"uv": [3, 8, 10, 9], "texture": "#0"},
				"south": {"uv": [10, 8, 3, 9], "texture": "#0"}
			}
		},
		{
			"from": [5, 6, 7.02],
			"to": [11, 7, 7.98],
			"rotation": {"angle": 45, "axis": "z", "origin": [6, 7.94737, 7.5]},
			"faces": {
				"north": {"uv": [3, 9, 9, 10], "texture": "#0"},
				"south": {"uv": [9, 9, 3, 10], "texture": "#0"}
			}
		},
		{
			"from": [5, 4, 7.02],
			"to": [11, 5, 7.98],
			"rotation": {"angle": 45, "axis": "z", "origin": [6, 7.94737, 7.5]},
			"faces": {
				"north": {"uv": [3, 11, 9, 12], "texture": "#0"},
				"east": {"uv": [3, 11, 4, 12], "texture": "#0"},
				"south": {"uv": [9, 11, 3, 12], "texture": "#0"}
			}
		},
		{
			"from": [4, 2, 7.02],
			"to": [6, 3, 7.98],
			"rotation": {"angle": 45, "axis": "z", "origin": [6, 7.94737, 7.5]},
			"faces": {
				"north": {"uv": [8, 13, 10, 14], "texture": "#0"},
				"south": {"uv": [8, 13, 10, 14], "texture": "#0"},
				"down": {"uv": [8, 13, 10, 14], "texture": "#0"}
			}
		},
		{
			"from": [4, 3, 7.02],
			"to": [8, 4, 7.98],
			"rotation": {"angle": 45, "axis": "z", "origin": [6, 7.94737, 7.5]},
			"faces": {
				"north": {"uv": [6, 12, 10, 13], "texture": "#0"},
				"south": {"uv": [10, 12, 6, 13], "texture": "#0"}
			}
		},
		{
			"from": [9, 3, 7.02],
			"to": [12, 4, 7.98],
			"rotation": {"angle": 45, "axis": "z", "origin": [6, 7.94737, 7.5]},
			"faces": {
				"north": {"uv": [2, 12, 5, 13], "texture": "#0"},
				"east": {"uv": [2, 12, 3, 13], "texture": "#0"},
				"south": {"uv": [2, 12, 5, 13], "texture": "#0"},
				"up": {"uv": [2, 12, 5, 13], "texture": "#0"},
				"down": {"uv": [2, 12, 5, 13], "texture": "#0"}
			}
		},
		{
			"from": [11, 0, 7.02],
			"to": [14, 3, 7.98],
			"rotation": {"angle": 45, "axis": "z", "origin": [6, 7.94737, 7.5]},
			"faces": {
				"north": {"uv": [0, 13, 3, 16], "texture": "#0"},
				"east": {"uv": [0, 13, 1, 16], "texture": "#0"},
				"south": {"uv": [0, 13, 3, 16], "rotation": 270, "texture": "#0"},
				"west": {"uv": [2, 13, 3, 16], "texture": "#0"},
				"up": {"uv": [0, 13, 3, 14], "rotation": 180, "texture": "#0"},
				"down": {"uv": [0, 15, 3, 16], "texture": "#0"}
			}
		},
		{
			"from": [4.94737, 10.94737, 7.03],
			"to": [5.94737, 11.94737, 7.97],
			"rotation": {"angle": -22.5, "axis": "z", "origin": [6, 7.94737, 7.5]},
			"faces": {
				"north": {"uv": [4, 7, 5, 8], "rotation": 90, "texture": "#0"},
				"south": {"uv": [4, 7, 5, 8], "rotation": 270, "texture": "#0"}
			}
		},
		{
			"from": [10.94737, 11.94737, 7.03],
			"to": [11.94737, 12.94737, 7.97],
			"rotation": {"angle": -22.5, "axis": "z", "origin": [6, 7.94737, 7.5]},
			"faces": {
				"north": {"uv": [3, 13, 4, 14], "rotation": 90, "texture": "#0"},
				"east": {"uv": [3, 13, 4, 14], "rotation": 270, "texture": "#0"},
				"south": {"uv": [3, 13, 4, 14], "rotation": 270, "texture": "#0"},
				"down": {"uv": [3, 13, 4, 14], "rotation": 270, "texture": "#0"}
			}
		},
		{
			"from": [7.94737, 7.94737, 7.03],
			"to": [8.94737, 11.94737, 7.97],
			"rotation": {"angle": -22.5, "axis": "z", "origin": [6, 7.94737, 7.5]},
			"faces": {
				"north": {"uv": [4, 10, 8, 11], "rotation": 90, "texture": "#0"},
				"south": {"uv": [8, 10, 4, 11], "rotation": 270, "texture": "#0"}
			}
		},
		{
			"from": [3.94737, 11.94737, 7.03],
			"to": [5.94737, 13.94737, 7.97],
			"rotation": {"angle": -22.5, "axis": "z", "origin": [6, 7.94737, 7.5]},
			"faces": {
				"north": {"uv": [2, 6, 4, 8], "rotation": 90, "texture": "#0"},
				"south": {"uv": [4, 6, 2, 8], "rotation": 270, "texture": "#0"}
			}
		},
		{
			"from": [-2.05263, -0.05263, 7.03],
			"to": [-1.05263, 2.94737, 7.97],
			"rotation": {"angle": -22.5, "axis": "z", "origin": [6, 7.94737, 7.5]},
			"faces": {
				"north": {"uv": [16, 0, 13, 1], "rotation": 90, "texture": "#0"},
				"south": {"uv": [16, 0, 13, 1], "rotation": 270, "texture": "#0"},
				"west": {"uv": [16, 0, 13, 1], "rotation": 270, "texture": "#0"},
				"up": {"uv": [16, 0, 13, 1], "rotation": 270, "texture": "#0"},
				"down": {"uv": [16, 0, 13, 1], "rotation": 270, "texture": "#0"}
			}
		},
		{
			"from": [-1.05263, -0.05263, 7.03],
			"to": [-0.05263, 3.94737, 7.97],
			"rotation": {"angle": -22.5, "axis": "z", "origin": [6, 7.94737, 7.5]},
			"faces": {
				"north": {"uv": [12, 1, 16, 2], "rotation": 90, "texture": "#0"},
				"south": {"uv": [12, 1, 16, 2], "rotation": 270, "texture": "#0"},
				"west": {"uv": [12, 1, 16, 2], "rotation": 270, "texture": "#0"},
				"down": {"uv": [12, 1, 13, 2], "rotation": 270, "texture": "#0"}
			}
		},
		{
			"from": [-0.05263, -0.05263, 7.03],
			"to": [0.94737, 4.94737, 7.97],
			"rotation": {"angle": -22.5, "axis": "z", "origin": [6, 7.94737, 7.5]},
			"faces": {
				"north": {"uv": [11, 2, 16, 3], "rotation": 90, "texture": "#0"},
				"east": {"uv": [6, 7, 11, 8], "rotation": 270, "texture": "#0"},
				"south": {"uv": [10, 3, 15, 4], "rotation": 270, "texture": "#0"},
				"down": {"uv": [6, 7, 7, 8], "rotation": 270, "texture": "#0"}
			}
		},
		{
			"from": [0.94737, 0.94737, 7.03],
			"to": [1.94737, 5.94737, 7.97],
			"rotation": {"angle": -22.5, "axis": "z", "origin": [6, 7.94737, 7.5]},
			"faces": {
				"north": {"uv": [11, 2, 16, 3], "rotation": 90, "texture": "#0"},
				"east": {"uv": [6, 7, 11, 8], "rotation": 270, "texture": "#0"},
				"south": {"uv": [10, 3, 15, 4], "rotation": 270, "texture": "#0"},
				"down": {"uv": [6, 7, 7, 8], "rotation": 270, "texture": "#0"}
			}
		},
		{
			"from": [1.94737, 1.94737, 7.03],
			"to": [2.94737, 6.94737, 7.97],
			"rotation": {"angle": -22.5, "axis": "z", "origin": [6, 7.94737, 7.5]},
			"faces": {
				"north": {"uv": [10, 3, 15, 4], "rotation": 90, "texture": "#0"},
				"east": {"uv": [6, 7, 11, 8], "rotation": 270, "texture": "#0"},
				"south": {"uv": [10, 3, 15, 4], "rotation": 270, "texture": "#0"},
				"down": {"uv": [6, 7, 7, 8], "rotation": 270, "texture": "#0"}
			}
		},
		{
			"from": [2.94737, 2.94737, 7.03],
			"to": [3.94737, 7.94737, 7.97],
			"rotation": {"angle": -22.5, "axis": "z", "origin": [6, 7.94737, 7.5]},
			"faces": {
				"north": {"uv": [7, 6, 12, 7], "rotation": 90, "texture": "#0"},
				"east": {"uv": [6, 7, 11, 8], "rotation": 270, "texture": "#0"},
				"south": {"uv": [6, 7, 11, 8], "rotation": 270, "texture": "#0"},
				"down": {"uv": [6, 7, 7, 8], "rotation": 270, "texture": "#0"}
			}
		},
		{
			"from": [3.94737, 3.94737, 7.03],
			"to": [4.94737, 8.94737, 7.97],
			"rotation": {"angle": -22.5, "axis": "z", "origin": [6, 7.94737, 7.5]},
			"faces": {
				"north": {"uv": [7, 6, 12, 7], "rotation": 90, "texture": "#0"},
				"south": {"uv": [6, 7, 11, 8], "rotation": 270, "texture": "#0"}
			}
		},
		{
			"from": [4.94737, 4.94737, 7.03],
			"to": [5.94737, 9.94737, 7.97],
			"rotation": {"angle": -22.5, "axis": "z", "origin": [6, 7.94737, 7.5]},
			"faces": {
				"north": {"uv": [7, 6, 12, 7], "rotation": 90, "texture": "#0"},
				"south": {"uv": [7, 6, 12, 7], "rotation": 270, "texture": "#0"}
			}
		},
		{
			"from": [5.94737, 5.94737, 7.03],
			"to": [6.94737, 12.94737, 7.97],
			"rotation": {"angle": -22.5, "axis": "z", "origin": [6, 7.94737, 7.5]},
			"faces": {
				"north": {"uv": [3, 8, 10, 9], "rotation": 90, "texture": "#0"},
				"south": {"uv": [10, 8, 3, 9], "rotation": 270, "texture": "#0"}
			}
		},
		{
			"from": [6.94737, 6.94737, 7.03],
			"to": [7.94737, 12.94737, 7.97],
			"rotation": {"angle": -22.5, "axis": "z", "origin": [6, 7.94737, 7.5]},
			"faces": {
				"north": {"uv": [3, 9, 9, 10], "rotation": 90, "texture": "#0"},
				"south": {"uv": [9, 9, 3, 10], "rotation": 270, "texture": "#0"}
			}
		},
		{
			"from": [8.94737, 6.94737, 7.03],
			"to": [9.94737, 12.94737, 7.97],
			"rotation": {"angle": -22.5, "axis": "z", "origin": [6, 7.94737, 7.5]},
			"faces": {
				"north": {"uv": [3, 11, 9, 12], "rotation": 90, "texture": "#0"},
				"south": {"uv": [9, 11, 3, 12], "rotation": 270, "texture": "#0"},
				"up": {"uv": [3, 11, 4, 12], "rotation": 270, "texture": "#0"}
			}
		},
		{
			"from": [10.94737, 5.94737, 7.03],
			"to": [11.94737, 7.94737, 7.97],
			"rotation": {"angle": -22.5, "axis": "z", "origin": [6, 7.94737, 7.5]},
			"faces": {
				"north": {"uv": [8, 13, 10, 14], "rotation": 90, "texture": "#0"},
				"south": {"uv": [8, 13, 10, 14], "rotation": 270, "texture": "#0"}
			}
		},
		{
			"from": [9.94737, 5.94737, 7.03],
			"to": [10.94737, 9.94737, 7.97],
			"rotation": {"angle": -22.5, "axis": "z", "origin": [6, 7.94737, 7.5]},
			"faces": {
				"north": {"uv": [6, 12, 10, 13], "rotation": 90, "texture": "#0"},
				"south": {"uv": [10, 12, 6, 13], "rotation": 270, "texture": "#0"}
			}
		},
		{
			"from": [9.94737, 10.94737, 7.03],
			"to": [10.94737, 13.94737, 7.97],
			"rotation": {"angle": -22.5, "axis": "z", "origin": [6, 7.94737, 7.5]},
			"faces": {
				"north": {"uv": [2, 12, 5, 13], "rotation": 90, "texture": "#0"},
				"east": {"uv": [2, 12, 5, 13], "rotation": 270, "texture": "#0"},
				"south": {"uv": [2, 12, 5, 13], "rotation": 270, "texture": "#0"},
				"west": {"uv": [2, 12, 5, 13], "rotation": 270, "texture": "#0"},
				"up": {"uv": [2, 12, 3, 13], "rotation": 270, "texture": "#0"}
			}
		},
		{
			"from": [10.94737, 12.94737, 7.03],
			"to": [13.94737, 15.94737, 7.97],
			"rotation": {"angle": -22.5, "axis": "z", "origin": [6, 7.94737, 7.5]},
			"faces": {
				"north": {"uv": [0, 13, 3, 16], "rotation": 90, "texture": "#0"},
				"east": {"uv": [0, 15, 3, 16], "rotation": 270, "texture": "#0"},
				"south": {"uv": [0, 13, 3, 16], "rotation": 180, "texture": "#0"},
				"west": {"uv": [0, 13, 3, 14], "rotation": 90, "texture": "#0"},
				"up": {"uv": [0, 13, 1, 16], "rotation": 270, "texture": "#0"},
				"down": {"uv": [2, 13, 3, 16], "rotation": 270, "texture": "#0"}
			}
		}
	],
	"display": {
		"thirdperson_righthand": {
			"rotation": [-48, 90, 0],
			"translation": [1, 7, 0]
		},
		"thirdperson_lefthand": {
			"rotation": [48, 90, 0],
			"translation": [0.5, 7, 3.75]
		},
		"firstperson_righthand": {
			"rotation": [-66, 83, 41],
			"translation": [1.25, 1.25, -2.5]
		},
		"firstperson_lefthand": {
			"rotation": [-37, 85, 104],
			"translation": [2, 0.75, -1]
		},
		"ground": {
			"translation": [0, 4.5, 0]
		},
		"gui": {
			"rotation": [0, 0, -90],
			"translation": [0, -1.5, 0],
			"scale": [0.7, 0.7, 0.7]
		}
	},
	"groups": [
		{
			"name": "sword",
			"origin": [0, 0, 0],
			"color": 0,
			"children": [0, 1, 2, 3, 4, 5, 6, 7, 8, 9, 10, 11, 12, 13, 14, 15, 16, 17, 18]
		},
		{
			"name": "sword",
			"origin": [0, 0, 0],
			"color": 0,
			"children": [19, 20, 21, 22, 23, 24, 25, 26, 27, 28, 29, 30, 31, 32, 33, 34, 35, 36, 37]
		},
		{
			"name": "sword",
			"origin": [0, 0, 0],
			"color": 0,
			"children": [38, 39, 40, 41, 42, 43, 44, 45, 46, 47, 48, 49, 50, 51, 52, 53, 54, 55, 56]
		},
		{
			"name": "sword",
			"origin": [0, 0, 0],
			"color": 0,
			"children": [57, 58, 59, 60, 61, 62, 63, 64, 65, 66, 67, 68, 69, 70, 71, 72, 73, 74]
		},
		{
			"name": "sword",
			"origin": [0, 0, 0],
			"color": 0,
			"children": [75, 76, 77, 78, 79, 80, 81, 82, 83, 84, 85, 86, 87, 88, 89, 90, 91, 92]
		},
		{
			"name": "sword",
			"origin": [0, 0, 0],
			"color": 0,
			"children": [93, 94, 95, 96, 97, 98, 99, 100, 101, 102, 103, 104, 105, 106, 107, 108, 109, 110, 111]
		},
		{
			"name": "sword",
			"origin": [0, 0, 0],
			"color": 0,
			"children": [112, 113, 114, 115, 116, 117, 118, 119, 120, 121, 122, 123, 124, 125, 126, 127, 128, 129, 130]
		},
		{
			"name": "sword",
			"origin": [0, 0, 0],
			"color": 0,
			"children": [131, 132, 133, 134, 135, 136, 137, 138, 139, 140, 141, 142, 143, 144, 145, 146, 147, 148, 149]
		}
	]
}