{
	"credit": "Made with Blockbench",
        "gui_light": "front",
	"textures": {
		"1": "./nether_sussy_sword",
		"particle": "./nether_sussy_sword"
	},
	"elements": [
		{
			"from": [5, 7, 7],
			"to": [6, 8, 8],
			"rotation": {"angle": 0, "axis": "z", "origin": [12.5, 1.5, 7.5]},
			"faces": {
				"north": {"uv": [6.5, 12, 7, 12.5], "rotation": 270, "texture": "#1"},
				"south": {"uv": [6.5, 12, 7, 12.5], "rotation": 270, "texture": "#1"},
				"west": {"uv": [6.5, 12, 7, 12.5], "rotation": 270, "texture": "#1"},
				"down": {"uv": [6.5, 12, 7, 12.5], "rotation": 270, "texture": "#1"}
			}
		},
		{
			"from": [9, 15, 7],
			"to": [10, 16, 8],
			"rotation": {"angle": 0, "axis": "z", "origin": [12.5, 1.5, 7.5]},
			"faces": {
				"north": {"uv": [4.5, 8, 5, 8.5], "rotation": 270, "texture": "#1"},
				"east": {"uv": [4.5, 8, 5, 8.5], "rotation": 270, "texture": "#1"},
				"south": {"uv": [4.5, 8, 5, 8.5], "rotation": 270, "texture": "#1"},
				"up": {"uv": [4.5, 8, 5, 8.5], "rotation": 270, "texture": "#1"}
			}
		},
		{
			"from": [2, 10, 7],
			"to": [3, 11, 8],
			"rotation": {"angle": 0, "axis": "z", "origin": [12.5, 1.5, 7.5]},
			"faces": {
				"north": {"uv": [8, 10.5, 8.5, 11], "rotation": 270, "texture": "#1"},
				"south": {"uv": [8, 10.5, 8.5, 11], "rotation": 270, "texture": "#1"},
				"west": {"uv": [8, 10.5, 8.5, 11], "rotation": 270, "texture": "#1"},
				"down": {"uv": [8, 10.5, 8.5, 11], "rotation": 270, "texture": "#1"}
			}
		},
		{
			"from": [6, 17, 7],
			"to": [8, 18, 8],
			"rotation": {"angle": 0, "axis": "z", "origin": [12.5, 1.5, 7.5]},
			"faces": {
				"north": {"uv": [5.5, 7, 6.5, 7.5], "texture": "#1"},
				"east": {"uv": [5.5, 7, 6, 7.5], "texture": "#1"},
				"south": {"uv": [6.5, 7, 5.5, 7.5], "texture": "#1"},
				"up": {"uv": [5.5, 7, 6, 7.5], "texture": "#1"}
			}
		},
		{
			"from": [12, 0, 7],
			"to": [15, 3, 8],
			"rotation": {"angle": 0, "axis": "z", "origin": [12.5, 1.5, 7.5]},
			"faces": {
				"north": {"uv": [2, 14.5, 3.5, 16], "texture": "#1"},
				"east": {"uv": [2, 14.5, 2.5, 16], "texture": "#1"},
				"south": {"uv": [3.5, 14.5, 2, 16], "texture": "#1"},
				"west": {"uv": [3, 14.5, 3.5, 16], "texture": "#1"},
				"up": {"uv": [3.5, 14.5, 2, 15], "texture": "#1"},
				"down": {"uv": [2, 15.5, 3.5, 16], "texture": "#1"}
			}
		},
		{
			"from": [12, 3, 7],
			"to": [14, 4, 8],
			"rotation": {"angle": 0, "axis": "z", "origin": [12.5, 1.5, 7.5]},
			"faces": {
				"north": {"uv": [2.5, 14, 3.5, 14.5], "texture": "#1"},
				"east": {"uv": [3, 14, 2.5, 14.5], "texture": "#1"},
				"south": {"uv": [3.5, 14, 2.5, 14.5], "texture": "#1"},
				"up": {"uv": [3.5, 14, 2.5, 14.5], "texture": "#1"}
			}
		},
		{
			"from": [1, 11, 7],
			"to": [6, 18, 8],
			"rotation": {"angle": 0, "axis": "z", "origin": [12.5, 1.5, 7.5]},
			"faces": {
				"north": {"uv": [6.5, 7, 9, 10.5], "texture": "#1"},
				"south": {"uv": [9, 7, 6.5, 10.5], "texture": "#1"},
				"west": {"uv": [8.5, 7, 9, 10.5], "texture": "#1"},
				"up": {"uv": [9, 7, 6.5, 7.5], "texture": "#1"},
				"down": {"uv": [9, 10, 6.5, 10.5], "texture": "#1"}
			}
		},
		{
			"from": [6, 6, 7],
			"to": [11, 15, 8],
			"rotation": {"angle": 0, "axis": "z", "origin": [12.5, 1.5, 7.5]},
			"faces": {
				"north": {"uv": [4, 8.5, 6.5, 13], "texture": "#1"},
				"east": {"uv": [4, 8.5, 4.5, 13], "texture": "#1"},
				"south": {"uv": [6.5, 8.5, 4, 13], "texture": "#1"},
				"west": {"uv": [8.5, 7, 9, 10.5], "texture": "#1"},
				"up": {"uv": [9, 7, 8.5, 7.5], "texture": "#1"},
				"down": {"uv": [6.5, 12.5, 4, 13], "texture": "#1"}
			}
		},
		{
			"from": [11, 1, 7],
			"to": [12, 14, 8],
			"rotation": {"angle": 0, "axis": "z", "origin": [12.5, 1.5, 7.5]},
			"faces": {
				"north": {"uv": [4, 9, 3.5, 15.5], "texture": "#1"},
				"east": {"uv": [4, 9, 3.5, 15.5], "texture": "#1"},
				"south": {"uv": [4, 9, 3.5, 15.5], "texture": "#1"},
				"west": {"uv": [4, 9, 3.5, 15.5], "texture": "#1"},
				"up": {"uv": [4, 9, 3.5, 9.5], "texture": "#1"},
				"down": {"uv": [4, 15, 3.5, 15.5], "texture": "#1"}
			}
		},
		{
			"from": [10, 2, 7],
			"to": [11, 6, 8],
			"rotation": {"angle": 0, "axis": "z", "origin": [12.5, 1.5, 7.5]},
			"faces": {
				"north": {"uv": [4.5, 13, 4, 15], "texture": "#1"},
				"south": {"uv": [4.5, 13, 4, 15], "texture": "#1"},
				"west": {"uv": [4.5, 13, 4, 15], "texture": "#1"},
				"down": {"uv": [4.5, 14.5, 4, 15], "texture": "#1"}
			}
		},
		{
			"from": [9, 3, 7],
			"to": [10, 6, 8],
			"rotation": {"angle": 0, "axis": "z", "origin": [12.5, 1.5, 7.5]},
			"faces": {
				"north": {"uv": [5, 13, 4.5, 14.5], "texture": "#1"},
				"south": {"uv": [5, 13, 4.5, 14.5], "texture": "#1"},
				"west": {"uv": [5, 13, 4.5, 14.5], "texture": "#1"},
				"down": {"uv": [5, 14, 4.5, 14.5], "texture": "#1"}
			}
		},
		{
			"from": [8, 4, 7],
			"to": [9, 6, 8],
			"rotation": {"angle": 0, "axis": "z", "origin": [12.5, 1.5, 7.5]},
			"faces": {
				"north": {"uv": [5.5, 13, 5, 14], "texture": "#1"},
				"south": {"uv": [5.5, 13, 5, 14], "texture": "#1"},
				"west": {"uv": [5.5, 13, 5, 14], "texture": "#1"},
				"down": {"uv": [5.5, 13.5, 5, 14], "texture": "#1"}
			}
		},
		{
			"from": [7, 5, 7],
			"to": [8, 6, 8],
			"rotation": {"angle": 0, "axis": "z", "origin": [12.5, 1.5, 7.5]},
			"faces": {
				"north": {"uv": [6, 13, 5.5, 13.5], "texture": "#1"},
				"south": {"uv": [6, 13, 5.5, 13.5], "texture": "#1"},
				"west": {"uv": [6, 13, 5.5, 13.5], "texture": "#1"},
				"down": {"uv": [6, 13, 5.5, 13.5], "texture": "#1"}
			}
		},
		{
			"from": [12, 4, 7],
			"to": [13, 5, 8],
			"rotation": {"angle": 0, "axis": "z", "origin": [12.5, 1.5, 7.5]},
			"faces": {
				"north": {"uv": [3.5, 13.5, 3, 14], "texture": "#1"},
				"east": {"uv": [3.5, 13.5, 3, 14], "texture": "#1"},
				"south": {"uv": [3.5, 13.5, 3, 14], "texture": "#1"},
				"up": {"uv": [3.5, 13.5, 3, 14], "texture": "#1"}
			}
		},
		{
			"from": [12, 7, 7],
			"to": [13, 13, 8],
			"rotation": {"angle": 0, "axis": "z", "origin": [12.5, 1.5, 7.5]},
			"faces": {
				"north": {"uv": [3.5, 9.5, 3, 12.5], "texture": "#1"},
				"east": {"uv": [3.5, 9.5, 3, 12.5], "texture": "#1"},
				"south": {"uv": [3.5, 9.5, 3, 12.5], "texture": "#1"},
				"up": {"uv": [3.5, 9.5, 3, 10], "texture": "#1"},
				"down": {"uv": [3.5, 12, 3, 12.5], "texture": "#1"}
			}
		},
		{
			"from": [13, 7, 7],
			"to": [14, 12, 8],
			"rotation": {"angle": 0, "axis": "z", "origin": [12.5, 1.5, 7.5]},
			"faces": {
				"north": {"uv": [3, 10, 2.5, 12.5], "texture": "#1"},
				"east": {"uv": [3, 10, 2.5, 12.5], "texture": "#1"},
				"south": {"uv": [3, 10, 2.5, 12.5], "texture": "#1"},
				"up": {"uv": [3, 10, 2.5, 10.5], "texture": "#1"},
				"down": {"uv": [3, 12, 2.5, 12.5], "texture": "#1"}
			}
		},
		{
			"from": [14, 6, 7],
			"to": [15, 11, 8],
			"rotation": {"angle": 0, "axis": "z", "origin": [12.5, 1.5, 7.5]},
			"faces": {
				"north": {"uv": [2.5, 10.5, 2, 13], "texture": "#1"},
				"east": {"uv": [2.5, 10.5, 2, 13], "texture": "#1"},
				"south": {"uv": [2.5, 10.5, 2, 13], "texture": "#1"},
				"west": {"uv": [2.5, 10.5, 2, 13], "texture": "#1"},
				"up": {"uv": [2.5, 10.5, 2, 11], "texture": "#1"},
				"down": {"uv": [2.5, 12.5, 2, 13], "texture": "#1"}
			}
		},
		{
			"from": [15, 5, 7],
			"to": [16, 10, 8],
			"rotation": {"angle": 0, "axis": "z", "origin": [12.5, 1.5, 7.5]},
			"faces": {
				"north": {"uv": [2, 11, 1.5, 13.5], "texture": "#1"},
				"east": {"uv": [2, 11, 1.5, 13.5], "texture": "#1"},
				"south": {"uv": [2, 11, 1.5, 13.5], "texture": "#1"},
				"west": {"uv": [2, 11, 1.5, 13.5], "texture": "#1"},
				"up": {"uv": [2, 11, 1.5, 11.5], "texture": "#1"},
				"down": {"uv": [2, 13, 1.5, 13.5], "texture": "#1"}
			}
		},
		{
			"from": [16, 4, 7],
			"to": [17, 9, 8],
			"rotation": {"angle": 0, "axis": "z", "origin": [12.5, 1.5, 7.5]},
			"faces": {
				"north": {"uv": [1.5, 11.5, 1, 14], "texture": "#1"},
				"east": {"uv": [1.5, 11.5, 1, 14], "texture": "#1"},
				"south": {"uv": [1.5, 11.5, 1, 14], "texture": "#1"},
				"west": {"uv": [1.5, 11.5, 1, 14], "texture": "#1"},
				"up": {"uv": [1.5, 11.5, 1, 12], "texture": "#1"},
				"down": {"uv": [1.5, 13.5, 1, 14], "texture": "#1"}
			}
		},
		{
			"from": [17, 4, 7],
			"to": [18, 8, 8],
			"rotation": {"angle": 0, "axis": "z", "origin": [12.5, 1.5, 7.5]},
			"faces": {
				"north": {"uv": [1, 12, 0.5, 14], "texture": "#1"},
				"east": {"uv": [1, 12, 0.5, 14], "texture": "#1"},
				"south": {"uv": [1, 12, 0.5, 14], "texture": "#1"},
				"up": {"uv": [1, 12, 0.5, 12.5], "texture": "#1"},
				"down": {"uv": [1, 13.5, 0.5, 14], "texture": "#1"}
			}
		},
		{
			"from": [18, 4, 7],
			"to": [19, 7, 8],
			"rotation": {"angle": 0, "axis": "z", "origin": [12.5, 1.5, 7.5]},
			"faces": {
				"north": {"uv": [0.5, 12.5, 0, 14], "texture": "#1"},
				"east": {"uv": [0.5, 12.5, 0, 14], "texture": "#1"},
				"south": {"uv": [0.5, 12.5, 0, 14], "texture": "#1"},
				"up": {"uv": [0.5, 12.5, 0, 13], "texture": "#1"},
				"down": {"uv": [0, 13.5, 0.5, 14], "texture": "#1"}
			}
		},
		{
			"from": [6, 15, 7],
			"to": [9, 17, 8],
			"rotation": {"angle": 0, "axis": "z", "origin": [12.5, 1.5, 7.5]},
			"faces": {
				"north": {"uv": [5, 7.5, 6.5, 8.5], "texture": "#1"},
				"east": {"uv": [5, 7.5, 5.5, 8.5], "texture": "#1"},
				"south": {"uv": [6.5, 7.5, 5, 8.5], "texture": "#1"},
				"up": {"uv": [6.5, 7.5, 5, 8], "texture": "#1"}
			}
		},
		{
			"from": [3, 9, 7],
			"to": [6, 11, 8],
			"rotation": {"angle": 0, "axis": "z", "origin": [12.5, 1.5, 7.5]},
			"faces": {
				"north": {"uv": [7, 10, 8.5, 11], "texture": "#1"},
				"south": {"uv": [8.5, 10, 7, 11], "texture": "#1"},
				"west": {"uv": [8, 10, 8.5, 11], "texture": "#1"},
				"down": {"uv": [8.5, 10.5, 7, 11], "texture": "#1"}
			}
		},
		{
			"from": [4, 8, 7],
			"to": [6, 9, 8],
			"rotation": {"angle": 0, "axis": "z", "origin": [12.5, 1.5, 7.5]},
			"faces": {
				"north": {"uv": [7, 11, 8, 11.5], "texture": "#1"},
				"south": {"uv": [8, 11, 7, 11.5], "texture": "#1"},
				"west": {"uv": [7.5, 11, 8, 11.5], "texture": "#1"},
				"down": {"uv": [8, 11, 7, 11.5], "texture": "#1"}
			}
		},
		{
			"from": [2, 18, 7],
			"to": [7, 19, 8],
			"rotation": {"angle": 0, "axis": "z", "origin": [12.5, 1.5, 7.5]},
			"faces": {
				"north": {"uv": [6, 6.5, 8.5, 7], "texture": "#1"},
				"east": {"uv": [8, 6.5, 8.5, 7], "texture": "#1"},
				"south": {"uv": [8.5, 6.5, 6, 7], "texture": "#1"},
				"west": {"uv": [8, 6.5, 8.5, 7], "texture": "#1"},
				"up": {"uv": [8.5, 6.5, 6, 7], "texture": "#1"}
			}
		},
		{
			"from": [3, 19, 7],
			"to": [6, 20, 8],
			"rotation": {"angle": 0, "axis": "z", "origin": [12.5, 1.5, 7.5]},
			"faces": {
				"north": {"uv": [7.5, 6, 8, 6.5], "texture": "#1"},
				"east": {"uv": [7.5, 6, 8, 6.5], "texture": "#1"},
				"south": {"uv": [7.5, 6, 8, 6.5], "texture": "#1"},
				"west": {"uv": [7.5, 6, 8, 6.5], "texture": "#1"},
				"up": {"uv": [7.5, 6, 8, 6.5], "texture": "#1"}
			}
		},
		{
			"from": [0, 12, 7],
			"to": [1, 17, 8],
			"rotation": {"angle": 0, "axis": "z", "origin": [4.5, 19, 7.5]},
			"faces": {
				"north": {"uv": [9, 7.5, 9.5, 10], "texture": "#1"},
				"south": {"uv": [9, 7.5, 9.5, 10], "texture": "#1"},
				"west": {"uv": [9, 7.5, 9.5, 10], "texture": "#1"},
				"up": {"uv": [9, 7.5, 9.5, 8], "texture": "#1"},
				"down": {"uv": [9, 9.5, 9.5, 10], "texture": "#1"}
			}
		},
		{
			"from": [-1, 13, 7],
			"to": [0, 16, 8],
			"rotation": {"angle": 0, "axis": "z", "origin": [4.5, 19, 7.5]},
			"faces": {
				"north": {"uv": [9, 7.5, 9.5, 8], "rotation": 90, "texture": "#1"},
				"south": {"uv": [9, 7.5, 9.5, 8], "rotation": 90, "texture": "#1"},
				"west": {"uv": [9, 7.5, 9.5, 8], "rotation": 90, "texture": "#1"},
				"up": {"uv": [9, 7.5, 9.5, 8], "rotation": 90, "texture": "#1"},
				"down": {"uv": [9, 7.5, 9.5, 8], "rotation": 90, "texture": "#1"}
			}
		}
	],
	"display": {
		"thirdperson_righthand": {
			"rotation": [-48, 90, 0],
			"translation": [1, 7, 6]
		},
		"thirdperson_lefthand": {
			"rotation": [48, 90, 0],
			"translation": [0.5, 7, 2.75]
		},
		"firstperson_righthand": {
			"rotation": [-80, 90, 48],
			"translation": [3.75, 2.25, -2.5],
			"scale": [0.85, 0.85, 0.85]
		},
		"firstperson_lefthand": {
			"rotation": [10, 90, 48],
			"translation": [4.5, 3.25, -6.75],
			"scale": [0.85, 0.85, 0.85]
		},
		"ground": {
			"translation": [0, 4.5, 0]
		},
		"gui": {
			"rotation": [0, 0, -90],
			"translation": [-1.75, 0.75, 0],
			"scale": [0.75, 0.75, 0.75]
		},
		"fixed": {
			"translation": [-1, -1.5, 0],
			"scale": [0.75, 0.75, 0.75]
		}
	}
}