{
	"credit": "Made with Blockbench",
        "gui_light": "front",
	"textures": {
		"0": "./limp_sword.png",
		"particle": "./limp_sword.png"
	},
	"elements": [
		{
			"from": [10, 0, 7],
			"to": [13, 3, 8],
			"rotation": {"angle": 0, "axis": "z", "origin": [0, 16, 0]},
			"faces": {
				"north": {"uv": [0, 16, 3, 13], "rotation": 270, "texture": "#0"},
				"east": {"uv": [0, 16, 3, 15], "rotation": 90, "texture": "#0"},
				"south": {"uv": [3, 13, 0, 16], "texture": "#0"},
				"west": {"uv": [0, 14, 3, 13], "rotation": 270, "texture": "#0"},
				"up": {"uv": [2, 16, 3, 13], "rotation": 90, "texture": "#0"},
				"down": {"uv": [0, 16, 1, 13], "rotation": 90, "texture": "#0"}
			}
		},
		{
			"from": [9, 2, 7],
			"to": [10, 5, 8],
			"rotation": {"angle": 0, "axis": "z", "origin": [0, 16, 0]},
			"faces": {
				"north": {"uv": [2, 13, 5, 12], "rotation": 270, "texture": "#0"},
				"east": {"uv": [2, 13, 5, 12], "rotation": 90, "texture": "#0"},
				"south": {"uv": [5, 13, 2, 12], "rotation": 90, "texture": "#0"},
				"west": {"uv": [2, 13, 5, 12], "rotation": 90, "texture": "#0"},
				"up": {"uv": [4, 13, 5, 12], "rotation": 90, "texture": "#0"},
				"down": {"uv": [2, 13, 3, 12], "rotation": 90, "texture": "#0"}
			}
		},
		{
			"from": [9, 6, 7],
			"to": [10, 10, 8],
			"rotation": {"angle": 0, "axis": "z", "origin": [0, 16, 0]},
			"faces": {
				"north": {"uv": [6, 13, 10, 12], "rotation": 270, "texture": "#0"},
				"east": {"uv": [6, 13, 10, 12], "rotation": 90, "texture": "#0"},
				"south": {"uv": [10, 13, 6, 12], "rotation": 90, "texture": "#0"},
				"west": {"uv": [6, 13, 10, 12], "rotation": 90, "texture": "#0"},
				"up": {"uv": [6, 13, 7, 12], "rotation": 90, "texture": "#0"},
				"down": {"uv": [6, 13, 7, 12], "rotation": 90, "texture": "#0"}
			}
		},
		{
			"from": [10, 8, 7],
			"to": [11, 10, 8],
			"rotation": {"angle": 0, "axis": "z", "origin": [0, 16, 0]},
			"faces": {
				"north": {"uv": [8, 14, 10, 13], "rotation": 270, "texture": "#0"},
				"east": {"uv": [8, 14, 10, 13], "rotation": 90, "texture": "#0"},
				"south": {"uv": [8, 14, 10, 13], "rotation": 90, "texture": "#0"},
				"up": {"uv": [8, 14, 10, 13], "rotation": 90, "texture": "#0"},
				"down": {"uv": [8, 14, 10, 13], "rotation": 90, "texture": "#0"}
			}
		},
		{
			"from": [8, 3, 7],
			"to": [9, 9, 8],
			"rotation": {"angle": 0, "axis": "z", "origin": [0, 16, 0]},
			"faces": {
				"north": {"uv": [3, 12, 9, 11], "rotation": 270, "texture": "#0"},
				"east": {"uv": [3, 12, 9, 11], "rotation": 90, "texture": "#0"},
				"south": {"uv": [9, 12, 3, 11], "rotation": 90, "texture": "#0"},
				"west": {"uv": [9, 12, 3, 11], "rotation": 90, "texture": "#0"},
				"up": {"uv": [8, 12, 9, 11], "rotation": 90, "texture": "#0"},
				"down": {"uv": [3, 12, 4, 11], "rotation": 90, "texture": "#0"}
			}
		},
		{
			"from": [6, 3, 7],
			"to": [7, 15, 8],
			"rotation": {"angle": 0, "axis": "z", "origin": [0, 16, 0]},
			"faces": {
				"north": {"uv": [3, 10, 15, 9], "rotation": 270, "texture": "#0"},
				"east": {"uv": [15, 10, 3, 9], "rotation": 90, "texture": "#0"},
				"south": {"uv": [15, 10, 3, 9], "rotation": 90, "texture": "#0"},
				"west": {"uv": [15, 10, 3, 9], "rotation": 90, "texture": "#0"},
				"up": {"uv": [15, 10, 14, 9], "rotation": 90, "texture": "#0"},
				"down": {"uv": [4, 10, 3, 9], "rotation": 90, "texture": "#0"}
			}
		},
		{
			"from": [7, 11, 7],
			"to": [8, 16, 8],
			"rotation": {"angle": 0, "axis": "z", "origin": [0, 16, 0]},
			"faces": {
				"north": {"uv": [11, 11, 16, 10], "rotation": 270, "texture": "#0"},
				"east": {"uv": [16, 11, 11, 10], "rotation": 90, "texture": "#0"},
				"south": {"uv": [16, 11, 11, 10], "rotation": 90, "texture": "#0"},
				"west": {"uv": [16, 11, 11, 10], "rotation": 90, "texture": "#0"},
				"up": {"uv": [16, 11, 15, 10], "rotation": 90, "texture": "#0"},
				"down": {"uv": [12, 11, 11, 10], "rotation": 90, "texture": "#0"}
			}
		},
		{
			"from": [8, 12, 7],
			"to": [9, 16, 8],
			"rotation": {"angle": 0, "axis": "z", "origin": [0, 16, 0]},
			"faces": {
				"north": {"uv": [12, 12, 16, 11], "rotation": 270, "texture": "#0"},
				"east": {"uv": [16, 12, 12, 11], "rotation": 90, "texture": "#0"},
				"south": {"uv": [16, 12, 12, 11], "rotation": 90, "texture": "#0"},
				"west": {"uv": [16, 12, 12, 11], "rotation": 90, "texture": "#0"},
				"up": {"uv": [16, 12, 15, 11], "rotation": 90, "texture": "#0"},
				"down": {"uv": [13, 12, 12, 11], "rotation": 90, "texture": "#0"}
			}
		},
		{
			"from": [9, 13, 7],
			"to": [10, 16, 8],
			"rotation": {"angle": 0, "axis": "z", "origin": [0, 16, 0]},
			"faces": {
				"north": {"uv": [13, 13, 16, 12], "rotation": 270, "texture": "#0"},
				"east": {"uv": [16, 13, 13, 12], "rotation": 90, "texture": "#0"},
				"south": {"uv": [16, 13, 13, 12], "rotation": 90, "texture": "#0"},
				"west": {"uv": [16, 13, 13, 12], "rotation": 90, "texture": "#0"},
				"up": {"uv": [16, 13, 15, 12], "rotation": 90, "texture": "#0"},
				"down": {"uv": [14, 13, 13, 12], "rotation": 90, "texture": "#0"}
			}
		},
		{
			"from": [5, 3, 7],
			"to": [6, 14, 8],
			"rotation": {"angle": 0, "axis": "z", "origin": [0, 16, 0]},
			"faces": {
				"north": {"uv": [3, 9, 14, 8], "rotation": 270, "texture": "#0"},
				"east": {"uv": [14, 9, 3, 8], "rotation": 90, "texture": "#0"},
				"south": {"uv": [14, 9, 3, 8], "rotation": 90, "texture": "#0"},
				"west": {"uv": [14, 9, 3, 8], "rotation": 90, "texture": "#0"},
				"up": {"uv": [13, 9, 14, 8], "rotation": 90, "texture": "#0"},
				"down": {"uv": [3, 9, 4, 8], "rotation": 90, "texture": "#0"}
			}
		},
		{
			"from": [4, 6, 7],
			"to": [5, 13, 8],
			"rotation": {"angle": 0, "axis": "z", "origin": [0, 16, 0]},
			"faces": {
				"north": {"uv": [6, 8, 13, 7], "rotation": 270, "texture": "#0"},
				"east": {"uv": [13, 8, 6, 7], "rotation": 90, "texture": "#0"},
				"south": {"uv": [13, 8, 6, 7], "rotation": 90, "texture": "#0"},
				"west": {"uv": [13, 8, 6, 7], "rotation": 90, "texture": "#0"},
				"up": {"uv": [13, 8, 12, 7], "rotation": 90, "texture": "#0"},
				"down": {"uv": [7, 8, 6, 7], "rotation": 90, "texture": "#0"}
			}
		},
		{
			"from": [3, 7, 7],
			"to": [4, 12, 8],
			"rotation": {"angle": 0, "axis": "z", "origin": [0, 16, 0]},
			"faces": {
				"north": {"uv": [12, 7, 7, 6], "rotation": 270, "texture": "#0"},
				"east": {"uv": [12, 7, 7, 6], "rotation": 90, "texture": "#0"},
				"south": {"uv": [12, 7, 7, 6], "rotation": 90, "texture": "#0"},
				"west": {"uv": [12, 7, 7, 6], "rotation": 90, "texture": "#0"},
				"up": {"uv": [12, 7, 11, 6], "rotation": 90, "texture": "#0"},
				"down": {"uv": [8, 7, 7, 6], "rotation": 90, "texture": "#0"}
			}
		},
		{
			"from": [2, 8, 7],
			"to": [3, 11, 8],
			"rotation": {"angle": 0, "axis": "z", "origin": [0, 16, 0]},
			"faces": {
				"north": {"uv": [11, 7, 12, 6], "rotation": 270, "texture": "#0"},
				"east": {"uv": [11, 7, 12, 6], "rotation": 90, "texture": "#0"},
				"south": {"uv": [11, 7, 12, 6], "rotation": 90, "texture": "#0"},
				"west": {"uv": [11, 7, 12, 6], "rotation": 90, "texture": "#0"},
				"up": {"uv": [11, 7, 12, 6], "rotation": 90, "texture": "#0"},
				"down": {"uv": [11, 7, 12, 6], "rotation": 90, "texture": "#0"}
			}
		},
		{
			"from": [3, 2, 7],
			"to": [5, 4, 8],
			"rotation": {"angle": 0, "axis": "z", "origin": [0, 16, 0]},
			"faces": {
				"north": {"uv": [2, 8, 4, 6], "rotation": 270, "texture": "#0"},
				"east": {"uv": [2, 7, 4, 6], "rotation": 90, "texture": "#0"},
				"south": {"uv": [4, 8, 2, 6], "rotation": 90, "texture": "#0"},
				"west": {"uv": [2, 7, 4, 6], "rotation": 90, "texture": "#0"},
				"up": {"uv": [2, 7, 4, 6], "rotation": 90, "texture": "#0"},
				"down": {"uv": [2, 7, 4, 6], "rotation": 90, "texture": "#0"}
			}
		},
		{
			"from": [7, 4, 7],
			"to": [8, 8, 8],
			"rotation": {"angle": 0, "axis": "z", "origin": [0, 16, 0]},
			"faces": {
				"north": {"uv": [4, 11, 8, 10], "rotation": 270, "texture": "#0"},
				"south": {"uv": [8, 11, 4, 10], "rotation": 90, "texture": "#0"},
				"up": {"uv": [7, 11, 8, 10], "rotation": 90, "texture": "#0"},
				"down": {"uv": [4, 11, 5, 10], "rotation": 90, "texture": "#0"}
			}
		},
		{
			"from": [10, 3, 7],
			"to": [11, 4, 8],
			"rotation": {"angle": 0, "axis": "z", "origin": [0, 16, 0]},
			"faces": {
				"north": {"uv": [3, 14, 4, 13], "rotation": 270, "texture": "#0"},
				"east": {"uv": [3, 14, 4, 13], "rotation": 90, "texture": "#0"},
				"south": {"uv": [3, 14, 4, 13], "rotation": 90, "texture": "#0"},
				"up": {"uv": [3, 14, 4, 13], "rotation": 90, "texture": "#0"}
			}
		},
		{
			"from": [4, 4, 7],
			"to": [5, 5, 8],
			"rotation": {"angle": 0, "axis": "z", "origin": [0, 16, 0]},
			"faces": {
				"north": {"uv": [4, 8, 5, 7], "rotation": 270, "texture": "#0"},
				"south": {"uv": [4, 8, 5, 7], "rotation": 90, "texture": "#0"},
				"west": {"uv": [4, 8, 5, 7], "rotation": 90, "texture": "#0"},
				"up": {"uv": [4, 8, 5, 7], "rotation": 90, "texture": "#0"}
			}
		}
	],
	"display": {
		"thirdperson_righthand": {
			"rotation": [-48, 90, 0],
			"translation": [1, 7, 0]
		},
		"thirdperson_lefthand": {
			"rotation": [-38, -90, 0],
			"translation": [-0.5, 7, 1.25]
		},
		"firstperson_righthand": {
			"rotation": [-80, 90, 48],
			"translation": [3.5, 0.25, -4.25]
		},
		"firstperson_lefthand": {
			"rotation": [-80, -90, -48],
			"translation": [5, 1.75, -5.75]
		},
		"ground": {
			"translation": [0, 4.5, 0]
		},
		"gui": {
			"rotation": [0, 0, -90],
			"translation": [-0.5, -2.25, 0],
			"scale": [0.8, 0.8, 0.8]
		}
	}
}