{
	"credit": "Made with Blockbench",
        "gui_light": "front",
	"textures": {
		"0": "item/diamond_sword",
		"particle": "item/diamond_sword"
	},
	"elements": [
		{
			"from": [11, 0, 7],
			"to": [14, 3, 8],
			"faces": {
				"north": {"uv": [0, 13, 3, 16], "texture": "#0"},
				"east": {"uv": [0, 13, 1, 16], "texture": "#0"},
				"south": {"uv": [0, 13, 3, 16], "rotation": 270, "texture": "#0"},
				"west": {"uv": [2, 13, 3, 16], "texture": "#0"},
				"up": {"uv": [0, 13, 3, 14], "rotation": 180, "texture": "#0"},
				"down": {"uv": [0, 15, 3, 16], "texture": "#0"}
			}
		},
		{
			"from": [9, 3, 7],
			"to": [12, 4, 8],
			"faces": {
				"north": {"uv": [2, 12, 5, 13], "texture": "#0"},
				"east": {"uv": [2, 12, 3, 13], "texture": "#0"},
				"south": {"uv": [5, 12, 2, 13], "texture": "#0"},
				"west": {"uv": [4, 12, 5, 13], "texture": "#0"},
				"up": {"uv": [2, 12, 5, 13], "texture": "#0"},
				"down": {"uv": [2, 12, 5, 13], "texture": "#0"}
			}
		},
		{
			"from": [4, 3, 7],
			"to": [8, 4, 8],
			"faces": {
				"north": {"uv": [6, 12, 10, 13], "texture": "#0"},
				"east": {"uv": [6, 12, 10, 13], "texture": "#0"},
				"south": {"uv": [10, 12, 6, 13], "texture": "#0"},
				"west": {"uv": [6, 12, 7, 13], "texture": "#0"},
				"up": {"uv": [6, 12, 10, 13], "texture": "#0"},
				"down": {"uv": [6, 12, 10, 13], "texture": "#0"}
			}
		},
		{
			"from": [4, 2, 7],
			"to": [6, 3, 8],
			"faces": {
				"north": {"uv": [8, 13, 10, 14], "texture": "#0"},
				"east": {"uv": [8, 13, 10, 14], "texture": "#0"},
				"south": {"uv": [8, 13, 10, 14], "texture": "#0"},
				"west": {"uv": [8, 13, 10, 14], "texture": "#0"},
				"down": {"uv": [8, 13, 10, 14], "texture": "#0"}
			}
		},
		{
			"from": [5, 4, 7],
			"to": [11, 5, 8],
			"faces": {
				"north": {"uv": [3, 11, 9, 12], "texture": "#0"},
				"east": {"uv": [3, 11, 4, 12], "texture": "#0"},
				"south": {"uv": [9, 11, 3, 12], "texture": "#0"},
				"west": {"uv": [8, 11, 9, 12], "texture": "#0"},
				"up": {"uv": [9, 11, 3, 12], "texture": "#0"},
				"down": {"uv": [3, 11, 9, 12], "texture": "#0"}
			}
		},
		{
			"from": [5, 6, 7],
			"to": [11, 7, 8],
			"faces": {
				"north": {"uv": [3, 9, 9, 10], "texture": "#0"},
				"east": {"uv": [3, 9, 4, 10], "texture": "#0"},
				"south": {"uv": [9, 9, 3, 10], "texture": "#0"},
				"west": {"uv": [8, 9, 9, 10], "texture": "#0"},
				"down": {"uv": [3, 9, 9, 10], "texture": "#0"}
			}
		},
		{
			"from": [4, 7, 7],
			"to": [11, 8, 8],
			"faces": {
				"north": {"uv": [3, 8, 10, 9], "texture": "#0"},
				"east": {"uv": [3, 8, 4, 9], "texture": "#0"},
				"south": {"uv": [10, 8, 3, 9], "texture": "#0"},
				"west": {"uv": [9, 8, 10, 9], "texture": "#0"},
				"up": {"uv": [10, 8, 3, 9], "texture": "#0"},
				"down": {"uv": [3, 8, 10, 9], "texture": "#0"}
			}
		},
		{
			"from": [3, 8, 7],
			"to": [8, 9, 8],
			"faces": {
				"north": {"uv": [7, 6, 12, 7], "texture": "#0"},
				"east": {"uv": [6, 7, 7, 8], "texture": "#0"},
				"south": {"uv": [7, 6, 12, 7], "texture": "#0"},
				"west": {"uv": [6, 7, 7, 8], "texture": "#0"},
				"up": {"uv": [6, 7, 11, 8], "texture": "#0"},
				"down": {"uv": [6, 7, 11, 8], "texture": "#0"}
			}
		},
		{
			"from": [2, 9, 7],
			"to": [7, 10, 8],
			"faces": {
				"north": {"uv": [7, 6, 12, 7], "texture": "#0"},
				"east": {"uv": [6, 7, 7, 8], "texture": "#0"},
				"south": {"uv": [6, 7, 11, 8], "texture": "#0"},
				"west": {"uv": [6, 7, 7, 8], "texture": "#0"},
				"up": {"uv": [6, 7, 11, 8], "texture": "#0"},
				"down": {"uv": [6, 7, 11, 8], "texture": "#0"}
			}
		},
		{
			"from": [10, 8, 7],
			"to": [12, 10, 8],
			"faces": {
				"north": {"uv": [2, 6, 4, 8], "texture": "#0"},
				"east": {"uv": [2, 6, 4, 7], "texture": "#0"},
				"south": {"uv": [4, 6, 2, 8], "texture": "#0"},
				"west": {"uv": [2, 6, 4, 7], "texture": "#0"},
				"up": {"uv": [2, 6, 4, 7], "texture": "#0"},
				"down": {"uv": [2, 6, 4, 7], "texture": "#0"}
			}
		},
		{
			"from": [6, 5, 7],
			"to": [10, 6, 8],
			"faces": {
				"north": {"uv": [4, 10, 8, 11], "texture": "#0"},
				"east": {"uv": [4, 10, 5, 11], "texture": "#0"},
				"south": {"uv": [8, 10, 4, 11], "texture": "#0"},
				"west": {"uv": [7, 10, 8, 11], "texture": "#0"}
			}
		},
		{
			"from": [10, 2, 7],
			"to": [11, 3, 8],
			"faces": {
				"north": {"uv": [3, 13, 4, 14], "texture": "#0"},
				"south": {"uv": [3, 13, 4, 14], "texture": "#0"},
				"west": {"uv": [3, 13, 4, 14], "texture": "#0"},
				"down": {"uv": [3, 13, 4, 14], "texture": "#0"}
			}
		},
		{
			"from": [9, 8, 7],
			"to": [10, 9, 8],
			"faces": {
				"north": {"uv": [4, 7, 5, 8], "texture": "#0"},
				"south": {"uv": [4, 7, 5, 8], "texture": "#0"},
				"west": {"uv": [4, 7, 5, 8], "texture": "#0"},
				"up": {"uv": [4, 7, 5, 8], "texture": "#0"}
			}
		},
		{
			"from": [-0.95455, 11, 7],
			"to": [5.04545, 12, 8],
			"rotation": {"angle": 0, "axis": "z", "origin": [8.77273, 5, 7.5]},
			"faces": {
				"north": {"uv": [3, 9, 9, 10], "rotation": 180, "texture": "#0"},
				"east": {"uv": [8, 9, 9, 10], "rotation": 180, "texture": "#0"},
				"south": {"uv": [9, 9, 3, 10], "rotation": 180, "texture": "#0"},
				"west": {"uv": [3, 9, 4, 10], "rotation": 180, "texture": "#0"},
				"up": {"uv": [3, 9, 9, 10], "rotation": 180, "texture": "#0"}
			}
		},
		{
			"from": [-0.95455, 10, 7],
			"to": [6.04545, 11, 8],
			"rotation": {"angle": 0, "axis": "z", "origin": [8.77273, 5, 7.5]},
			"faces": {
				"north": {"uv": [3, 8, 10, 9], "rotation": 180, "texture": "#0"},
				"east": {"uv": [9, 8, 10, 9], "rotation": 180, "texture": "#0"},
				"south": {"uv": [10, 8, 3, 9], "rotation": 180, "texture": "#0"},
				"west": {"uv": [3, 8, 4, 9], "rotation": 180, "texture": "#0"},
				"up": {"uv": [3, 8, 10, 9], "rotation": 180, "texture": "#0"},
				"down": {"uv": [10, 8, 3, 9], "rotation": 180, "texture": "#0"}
			}
		},
		{
			"from": [0.04545, 9, 7],
			"to": [1.04545, 10, 8],
			"rotation": {"angle": 0, "axis": "z", "origin": [8.77273, 5, 7.5]},
			"faces": {
				"north": {"uv": [4, 7, 5, 8], "rotation": 180, "texture": "#0"},
				"east": {"uv": [4, 7, 5, 8], "rotation": 180, "texture": "#0"},
				"south": {"uv": [4, 7, 5, 8], "rotation": 180, "texture": "#0"},
				"down": {"uv": [4, 7, 5, 8], "rotation": 180, "texture": "#0"}
			}
		},
		{
			"from": [-1.95455, 8, 7],
			"to": [0.04545, 10, 8],
			"rotation": {"angle": 0, "axis": "z", "origin": [8.77273, 5, 7.5]},
			"faces": {
				"north": {"uv": [2, 6, 4, 8], "rotation": 180, "texture": "#0"},
				"east": {"uv": [2, 6, 4, 7], "rotation": 180, "texture": "#0"},
				"south": {"uv": [4, 6, 2, 8], "rotation": 180, "texture": "#0"},
				"west": {"uv": [2, 6, 4, 7], "rotation": 180, "texture": "#0"},
				"up": {"uv": [2, 6, 4, 7], "rotation": 180, "texture": "#0"},
				"down": {"uv": [2, 6, 4, 7], "rotation": 180, "texture": "#0"}
			}
		},
		{
			"from": [0.04545, 12, 7],
			"to": [4.04545, 13, 8],
			"rotation": {"angle": 0, "axis": "z", "origin": [8.77273, 5, 7.5]},
			"faces": {
				"north": {"uv": [4, 10, 8, 11], "rotation": 180, "texture": "#0"},
				"east": {"uv": [7, 10, 8, 11], "rotation": 180, "texture": "#0"},
				"south": {"uv": [8, 10, 4, 11], "rotation": 180, "texture": "#0"},
				"west": {"uv": [4, 10, 5, 11], "rotation": 180, "texture": "#0"}
			}
		},
		{
			"from": [-0.95455, 13, 7],
			"to": [5.04545, 14, 8],
			"rotation": {"angle": 0, "axis": "z", "origin": [8.77273, 5, 7.5]},
			"faces": {
				"north": {"uv": [3, 11, 9, 12], "rotation": 180, "texture": "#0"},
				"east": {"uv": [8, 11, 9, 12], "rotation": 180, "texture": "#0"},
				"south": {"uv": [9, 11, 3, 12], "rotation": 180, "texture": "#0"},
				"west": {"uv": [3, 11, 4, 12], "rotation": 180, "texture": "#0"},
				"up": {"uv": [3, 11, 9, 12], "rotation": 180, "texture": "#0"},
				"down": {"uv": [9, 11, 3, 12], "rotation": 180, "texture": "#0"}
			}
		},
		{
			"from": [2.04545, 14, 7],
			"to": [6.04545, 15, 8],
			"rotation": {"angle": 0, "axis": "z", "origin": [8.77273, 5, 7.5]},
			"faces": {
				"north": {"uv": [6, 12, 10, 13], "rotation": 180, "texture": "#0"},
				"east": {"uv": [6, 12, 7, 13], "rotation": 180, "texture": "#0"},
				"south": {"uv": [10, 12, 6, 13], "rotation": 180, "texture": "#0"},
				"west": {"uv": [6, 12, 10, 13], "rotation": 180, "texture": "#0"},
				"up": {"uv": [6, 12, 10, 13], "rotation": 180, "texture": "#0"},
				"down": {"uv": [6, 12, 10, 13], "rotation": 180, "texture": "#0"}
			}
		},
		{
			"from": [4.04545, 15, 7],
			"to": [6.04545, 16, 8],
			"rotation": {"angle": 0, "axis": "z", "origin": [8.77273, 5, 7.5]},
			"faces": {
				"north": {"uv": [8, 13, 10, 14], "rotation": 180, "texture": "#0"},
				"east": {"uv": [8, 13, 10, 14], "rotation": 180, "texture": "#0"},
				"south": {"uv": [8, 13, 10, 14], "rotation": 180, "texture": "#0"},
				"west": {"uv": [8, 13, 10, 14], "rotation": 180, "texture": "#0"},
				"up": {"uv": [8, 13, 10, 14], "rotation": 180, "texture": "#0"}
			}
		},
		{
			"from": [-1.95455, 14, 7],
			"to": [1.04545, 15, 8],
			"rotation": {"angle": 0, "axis": "z", "origin": [8.77273, 5, 7.5]},
			"faces": {
				"north": {"uv": [2, 12, 5, 13], "rotation": 180, "texture": "#0"},
				"east": {"uv": [4, 12, 5, 13], "rotation": 180, "texture": "#0"},
				"south": {"uv": [5, 12, 2, 13], "rotation": 180, "texture": "#0"},
				"west": {"uv": [2, 12, 3, 13], "rotation": 180, "texture": "#0"},
				"up": {"uv": [2, 12, 5, 13], "rotation": 180, "texture": "#0"},
				"down": {"uv": [2, 12, 5, 13], "rotation": 180, "texture": "#0"}
			}
		},
		{
			"from": [-0.95455, 15, 7],
			"to": [0.04545, 16, 8],
			"rotation": {"angle": 0, "axis": "z", "origin": [8.77273, 5, 7.5]},
			"faces": {
				"north": {"uv": [3, 13, 4, 14], "rotation": 180, "texture": "#0"},
				"east": {"uv": [3, 13, 4, 14], "rotation": 180, "texture": "#0"},
				"south": {"uv": [3, 13, 4, 14], "rotation": 180, "texture": "#0"},
				"up": {"uv": [3, 13, 4, 14], "rotation": 180, "texture": "#0"}
			}
		},
		{
			"from": [-3.95455, 15, 7],
			"to": [-0.95455, 18, 8],
			"rotation": {"angle": 0, "axis": "z", "origin": [8.77273, 5, 7.5]},
			"faces": {
				"north": {"uv": [0, 13, 3, 16], "rotation": 180, "texture": "#0"},
				"east": {"uv": [2, 13, 3, 16], "rotation": 180, "texture": "#0"},
				"south": {"uv": [0, 13, 3, 16], "rotation": 90, "texture": "#0"},
				"west": {"uv": [0, 13, 1, 16], "rotation": 180, "texture": "#0"},
				"up": {"uv": [0, 15, 3, 16], "rotation": 180, "texture": "#0"},
				"down": {"uv": [0, 13, 3, 14], "texture": "#0"}
			}
		}
	],
	"display": {
		"thirdperson_righthand": {
			"rotation": [-48, 90, 0],
			"translation": [1, 7, 0]
		},
		"thirdperson_lefthand": {
			"rotation": [48, 90, 0],
			"translation": [0.5, 7, 3.75]
		},
		"firstperson_righthand": {
			"rotation": [-80, 90, 48],
			"translation": [2, 0.25, -4.25]
		},
		"firstperson_lefthand": {
			"rotation": [-80, 90, 147],
			"translation": [2, -0.25, -1.75]
		},
		"ground": {
			"translation": [0, 4.5, 0]
		},
		"gui": {
			"rotation": [0, 0, -90],
			"translation": [-0.75, -2.5, 0],
			"scale": [0.8, 0.8, 0.8]
		}
	}
}