{
	"credit": "Made with Blockbench",
        "gui_light": "front",
	"textures": {
		"0": "./netherite_sword",
		"particle": "./netherite_sword"
	},
	"elements": [
		{
			"from": [11, 0, 7],
			"to": [14, 3, 8],
			"faces": {
				"north": {"uv": [0, 13, 3, 16], "texture": "#0"},
				"east": {"uv": [0, 13, 1, 16], "texture": "#0"},
				"south": {"uv": [0, 13, 3, 16], "rotation": 270, "texture": "#0"},
				"west": {"uv": [2, 13, 3, 16], "texture": "#0"},
				"up": {"uv": [0, 13, 3, 14], "rotation": 180, "texture": "#0"},
				"down": {"uv": [0, 15, 3, 16], "texture": "#0"}
			}
		},
		{
			"from": [9, 3, 7],
			"to": [12, 4, 8],
			"faces": {
				"north": {"uv": [2, 12, 5, 13], "texture": "#0"},
				"east": {"uv": [2, 12, 3, 13], "texture": "#0"},
				"south": {"uv": [2, 12, 5, 13], "texture": "#0"},
				"west": {"uv": [4, 12, 5, 13], "texture": "#0"},
				"up": {"uv": [2, 12, 5, 13], "texture": "#0"},
				"down": {"uv": [2, 12, 5, 13], "texture": "#0"}
			}
		},
		{
			"from": [4, 3, 7],
			"to": [8, 4, 8],
			"faces": {
				"north": {"uv": [6, 12, 10, 13], "texture": "#0"},
				"east": {"uv": [6, 12, 10, 13], "texture": "#0"},
				"south": {"uv": [10, 12, 6, 13], "texture": "#0"},
				"west": {"uv": [6, 12, 7, 13], "texture": "#0"},
				"up": {"uv": [6, 12, 10, 13], "texture": "#0"},
				"down": {"uv": [6, 12, 10, 13], "texture": "#0"}
			}
		},
		{
			"from": [4, 2, 7],
			"to": [6, 3, 8],
			"faces": {
				"north": {"uv": [8, 13, 10, 14], "texture": "#0"},
				"east": {"uv": [8, 13, 10, 14], "texture": "#0"},
				"south": {"uv": [8, 13, 10, 14], "texture": "#0"},
				"west": {"uv": [8, 13, 10, 14], "texture": "#0"},
				"down": {"uv": [8, 13, 10, 14], "texture": "#0"}
			}
		},
		{
			"from": [5, 4, 7],
			"to": [11, 5, 8],
			"faces": {
				"north": {"uv": [3, 11, 9, 12], "texture": "#0"},
				"east": {"uv": [3, 11, 4, 12], "texture": "#0"},
				"south": {"uv": [9, 11, 3, 12], "texture": "#0"},
				"west": {"uv": [8, 11, 9, 12], "texture": "#0"},
				"up": {"uv": [9, 11, 3, 12], "texture": "#0"},
				"down": {"uv": [3, 11, 9, 12], "texture": "#0"}
			}
		},
		{
			"from": [5, 6, 7],
			"to": [11, 7, 8],
			"faces": {
				"north": {"uv": [3, 9, 9, 10], "texture": "#0"},
				"east": {"uv": [3, 9, 4, 10], "texture": "#0"},
				"south": {"uv": [9, 9, 3, 10], "texture": "#0"},
				"west": {"uv": [8, 9, 9, 10], "texture": "#0"},
				"down": {"uv": [3, 9, 9, 10], "texture": "#0"}
			}
		},
		{
			"from": [4, 7, 7],
			"to": [11, 8, 8],
			"faces": {
				"north": {"uv": [3, 8, 10, 9], "texture": "#0"},
				"east": {"uv": [3, 8, 4, 9], "texture": "#0"},
				"south": {"uv": [10, 8, 3, 9], "texture": "#0"},
				"west": {"uv": [9, 8, 10, 9], "texture": "#0"},
				"up": {"uv": [10, 8, 3, 9], "texture": "#0"},
				"down": {"uv": [3, 8, 10, 9], "texture": "#0"}
			}
		},
		{
			"from": [3, 8, 7],
			"to": [8, 9, 8],
			"faces": {
				"north": {"uv": [7, 6, 12, 7], "texture": "#0"},
				"east": {"uv": [6, 7, 7, 8], "texture": "#0"},
				"south": {"uv": [7, 6, 12, 7], "texture": "#0"},
				"west": {"uv": [6, 7, 7, 8], "texture": "#0"},
				"up": {"uv": [6, 7, 11, 8], "texture": "#0"},
				"down": {"uv": [6, 7, 11, 8], "texture": "#0"}
			}
		},
		{
			"from": [2, 9, 7],
			"to": [7, 10, 8],
			"faces": {
				"north": {"uv": [7, 6, 12, 7], "texture": "#0"},
				"east": {"uv": [6, 7, 7, 8], "texture": "#0"},
				"south": {"uv": [6, 7, 11, 8], "texture": "#0"},
				"west": {"uv": [6, 7, 7, 8], "texture": "#0"},
				"up": {"uv": [6, 7, 11, 8], "texture": "#0"},
				"down": {"uv": [6, 7, 11, 8], "texture": "#0"}
			}
		},
		{
			"from": [1, 10, 7],
			"to": [6, 11, 8],
			"faces": {
				"north": {"uv": [7, 6, 12, 7], "texture": "#0"},
				"east": {"uv": [6, 7, 7, 8], "texture": "#0"},
				"south": {"uv": [6, 7, 11, 8], "texture": "#0"},
				"west": {"uv": [6, 7, 7, 8], "texture": "#0"},
				"up": {"uv": [6, 7, 11, 8], "texture": "#0"},
				"down": {"uv": [6, 7, 11, 8], "texture": "#0"}
			}
		},
		{
			"from": [0, 11, 7],
			"to": [5, 12, 8],
			"faces": {
				"north": {"uv": [10, 3, 15, 4], "texture": "#0"},
				"east": {"uv": [6, 7, 7, 8], "texture": "#0"},
				"south": {"uv": [10, 3, 15, 4], "texture": "#0"},
				"west": {"uv": [6, 7, 7, 8], "texture": "#0"},
				"up": {"uv": [6, 7, 11, 8], "texture": "#0"},
				"down": {"uv": [6, 7, 11, 8], "texture": "#0"}
			}
		},
		{
			"from": [-1, 12, 7],
			"to": [4, 13, 8],
			"faces": {
				"north": {"uv": [11, 2, 16, 3], "texture": "#0"},
				"east": {"uv": [6, 7, 7, 8], "texture": "#0"},
				"south": {"uv": [10, 3, 15, 4], "texture": "#0"},
				"west": {"uv": [6, 7, 7, 8], "texture": "#0"},
				"up": {"uv": [6, 7, 11, 8], "texture": "#0"},
				"down": {"uv": [6, 7, 11, 8], "texture": "#0"}
			}
		},
		{
			"from": [-2, 13, 7],
			"to": [3, 14, 8],
			"faces": {
				"north": {"uv": [11, 2, 16, 3], "texture": "#0"},
				"east": {"uv": [6, 7, 7, 8], "texture": "#0"},
				"south": {"uv": [10, 3, 15, 4], "texture": "#0"},
				"west": {"uv": [6, 7, 7, 8], "texture": "#0"},
				"up": {"uv": [6, 7, 11, 8], "texture": "#0"},
				"down": {"uv": [6, 7, 11, 8], "texture": "#0"}
			}
		},
		{
			"from": [-2, 14, 7],
			"to": [2, 15, 8],
			"faces": {
				"north": {"uv": [12, 1, 16, 2], "texture": "#0"},
				"east": {"uv": [12, 1, 13, 2], "texture": "#0"},
				"south": {"uv": [12, 1, 16, 2], "texture": "#0"},
				"west": {"uv": [12, 1, 13, 2], "texture": "#0"},
				"up": {"uv": [12, 1, 16, 2], "texture": "#0"}
			}
		},
		{
			"from": [-2, 15, 7],
			"to": [1, 16, 8],
			"faces": {
				"north": {"uv": [16, 0, 13, 1], "texture": "#0"},
				"east": {"uv": [16, 0, 13, 1], "texture": "#0"},
				"south": {"uv": [16, 0, 13, 1], "texture": "#0"},
				"west": {"uv": [16, 0, 13, 1], "texture": "#0"},
				"up": {"uv": [16, 0, 13, 1], "texture": "#0"}
			}
		},
		{
			"from": [-2.45, 17.18, 7.11],
			"to": [-0.38, 17.87, 7.8],
			"rotation": {"angle": 0, "axis": "y", "origin": [6.9926, 13.7034, 7.655]},
			"faces": {
				"north": {"uv": [1, 0, 0, 1], "texture": "#0"},
				"east": {"uv": [1, 0, 0, 1], "texture": "#0"},
				"south": {"uv": [1, 0, 0, 1], "texture": "#0"},
				"west": {"uv": [1, 0, 0, 1], "texture": "#0"},
				"up": {"uv": [1, 0, 0, 1], "texture": "#0"},
				"down": {"uv": [1, 0, 0, 1], "texture": "#0"}
			}
		},
		{
			"from": [-1.76, 17.87, 7.11],
			"to": [-0.38, 18.56, 7.8],
			"rotation": {"angle": 0, "axis": "y", "origin": [6.9926, 13.7034, 7.655]},
			"faces": {
				"north": {"uv": [1, 0, 0, 1], "texture": "#0"},
				"east": {"uv": [1, 0, 0, 1], "texture": "#0"},
				"south": {"uv": [1, 0, 0, 1], "texture": "#0"},
				"west": {"uv": [1, 0, 0, 1], "texture": "#0"},
				"up": {"uv": [1, 0, 0, 1], "texture": "#0"}
			}
		},
		{
			"from": [1, 17.18, 7.11],
			"to": [2.38, 17.87, 7.8],
			"rotation": {"angle": 0, "axis": "y", "origin": [6.9926, 13.7034, 7.655]},
			"faces": {
				"north": {"uv": [1, 0, 0, 1], "texture": "#0"},
				"east": {"uv": [1, 0, 0, 1], "texture": "#0"},
				"south": {"uv": [1, 0, 0, 1], "texture": "#0"},
				"west": {"uv": [1, 0, 0, 1], "texture": "#0"},
				"up": {"uv": [1, 0, 0, 1], "texture": "#0"},
				"down": {"uv": [1, 0, 0, 1], "texture": "#0"}
			}
		},
		{
			"from": [-0.38, 17.18, 7.1],
			"to": [1, 17.57, 7.8],
			"rotation": {"angle": 0, "axis": "y", "origin": [6.9926, 13.7034, 7.655]},
			"faces": {
				"north": {"uv": [1, 0, 0, 1], "texture": "#0"},
				"east": {"uv": [1, 0, 0, 1], "texture": "#0"},
				"south": {"uv": [1, 0, 0, 1], "texture": "#0"},
				"west": {"uv": [1, 0, 0, 1], "texture": "#0"},
				"up": {"uv": [1, 0, 0, 1], "texture": "#0"}
			}
		},
		{
			"from": [-0.38, 16.49, 7.11],
			"to": [1, 17.18, 7.8],
			"rotation": {"angle": 0, "axis": "y", "origin": [6.9926, 13.7034, 7.655]},
			"faces": {
				"east": {"uv": [1, 0, 0, 1], "texture": "#0"},
				"west": {"uv": [1, 0, 0, 1], "texture": "#0"},
				"down": {"uv": [1, 0, 0, 1], "texture": "#0"}
			}
		},
		{
			"from": [2.38, 16.49, 7.11],
			"to": [3.76, 17.18, 7.8],
			"rotation": {"angle": 0, "axis": "y", "origin": [6.9926, 13.7034, 7.655]},
			"faces": {
				"north": {"uv": [1, 0, 0, 1], "texture": "#0"},
				"east": {"uv": [1, 0, 0, 1], "texture": "#0"},
				"south": {"uv": [1, 0, 0, 1], "texture": "#0"},
				"west": {"uv": [1, 0, 0, 1], "texture": "#0"},
				"up": {"uv": [1, 0, 0, 1], "texture": "#0"},
				"down": {"uv": [1, 0, 0, 1], "texture": "#0"}
			}
		},
		{
			"from": [3.07, 14.42, 7.8],
			"to": [4.45, 16.49, 8.49],
			"rotation": {"angle": 0, "axis": "y", "origin": [6.9926, 13.7034, 7.655]},
			"faces": {
				"north": {"uv": [1, 1, 0, 4], "texture": "#0"},
				"east": {"uv": [1, 1, 0, 4], "texture": "#0"},
				"south": {"uv": [1, 1, 0, 4], "texture": "#0"},
				"west": {"uv": [1, 1, 0, 4], "texture": "#0"},
				"up": {"uv": [1, 0, 0, 1], "texture": "#0"},
				"down": {"uv": [1, 3, 0, 4], "texture": "#0"}
			}
		},
		{
			"from": [3.07, 14.42, 6.42],
			"to": [4.45, 16.49, 7.11],
			"rotation": {"angle": 0, "axis": "y", "origin": [6.9926, 13.7034, 7.655]},
			"faces": {
				"north": {"uv": [1, 1, 0, 4], "texture": "#0"},
				"east": {"uv": [1, 1, 0, 4], "texture": "#0"},
				"south": {"uv": [1, 1, 0, 4], "texture": "#0"},
				"west": {"uv": [1, 1, 0, 4], "texture": "#0"},
				"up": {"uv": [1, 0, 0, 1], "texture": "#0"},
				"down": {"uv": [1, 3, 0, 4], "texture": "#0"}
			}
		},
		{
			"from": [3.76, 14.42, 7.11],
			"to": [4.45, 16.49, 7.8],
			"rotation": {"angle": 0, "axis": "y", "origin": [6.9926, 13.7034, 7.655]},
			"faces": {
				"east": {"uv": [1, 1, 0, 4], "texture": "#0"},
				"west": {"uv": [1, 1, 0, 4], "texture": "#0"},
				"up": {"uv": [1, 0, 0, 1], "texture": "#0"},
				"down": {"uv": [1, 3, 0, 4], "texture": "#0"}
			}
		},
		{
			"from": [-3.83, 14.42, 7.11],
			"to": [-3.14, 16.49, 7.8],
			"rotation": {"angle": 0, "axis": "y", "origin": [6.9926, 13.7034, 7.655]},
			"faces": {
				"east": {"uv": [1, 1, 0, 4], "texture": "#0"},
				"west": {"uv": [1, 1, 0, 4], "texture": "#0"},
				"up": {"uv": [1, 0, 0, 1], "texture": "#0"},
				"down": {"uv": [1, 3, 0, 4], "texture": "#0"}
			}
		},
		{
			"from": [-5.9, 14.42, 6.42],
			"to": [-5.21, 14.765, 8.49],
			"rotation": {"angle": 0, "axis": "y", "origin": [6.9926, 13.7034, 7.655]},
			"faces": {
				"north": {"uv": [1, 0, 0, 1], "texture": "#0"},
				"south": {"uv": [1, 0, 0, 1], "texture": "#0"},
				"west": {"uv": [1, 0, 0, 1], "texture": "#0"},
				"up": {"uv": [1, 0, 0, 1], "texture": "#0"},
				"down": {"uv": [1, 0, 0, 1], "texture": "#0"}
			}
		},
		{
			"from": [4.45, 14.42, 6.42],
			"to": [5.83, 14.765, 8.49],
			"rotation": {"angle": 0, "axis": "y", "origin": [6.9926, 13.7034, 7.655]},
			"faces": {
				"north": {"uv": [1, 0, 0, 1], "texture": "#0"},
				"east": {"uv": [1, 0, 0, 1], "texture": "#0"},
				"south": {"uv": [1, 0, 0, 1], "texture": "#0"},
				"up": {"uv": [1, 0, 0, 1], "texture": "#0"},
				"down": {"uv": [1, 0, 0, 1], "texture": "#0"}
			}
		},
		{
			"from": [3.07, 14.42, 8.49],
			"to": [5.14, 14.765, 9.87],
			"rotation": {"angle": 0, "axis": "y", "origin": [6.9926, 13.7034, 7.655]},
			"faces": {
				"east": {"uv": [1, 0, 0, 1], "texture": "#0"},
				"south": {"uv": [1, 0, 0, 1], "texture": "#0"},
				"up": {"uv": [1, 0, 0, 1], "texture": "#0"},
				"down": {"uv": [1, 0, 0, 1], "texture": "#0"}
			}
		},
		{
			"from": [-2.45, 14.42, 9.18],
			"to": [3.07, 14.765, 10.56],
			"rotation": {"angle": 0, "axis": "y", "origin": [6.9926, 13.7034, 7.655]},
			"faces": {
				"east": {"uv": [1, 0, 0, 1], "texture": "#0"},
				"south": {"uv": [1, 0, 0, 1], "texture": "#0"},
				"west": {"uv": [1, 0, 0, 1], "texture": "#0"},
				"up": {"uv": [1, 0, 0, 1], "texture": "#0"},
				"down": {"uv": [1, 0, 0, 1], "texture": "#0"}
			}
		},
		{
			"from": [-2.45, 14.42, 4.35],
			"to": [3.07, 14.765, 5.73],
			"rotation": {"angle": 0, "axis": "y", "origin": [6.9926, 13.7034, 7.655]},
			"faces": {
				"north": {"uv": [1, 0, 0, 1], "texture": "#0"},
				"east": {"uv": [1, 0, 0, 1], "texture": "#0"},
				"west": {"uv": [1, 0, 0, 1], "texture": "#0"},
				"up": {"uv": [1, 0, 0, 1], "texture": "#0"},
				"down": {"uv": [1, 0, 0, 1], "texture": "#0"}
			}
		},
		{
			"from": [-4.52, 14.42, 5.04],
			"to": [-2.45, 14.765, 6.42],
			"rotation": {"angle": 0, "axis": "y", "origin": [6.9926, 13.7034, 7.655]},
			"faces": {
				"north": {"uv": [1, 0, 0, 1], "texture": "#0"},
				"west": {"uv": [1, 0, 0, 1], "texture": "#0"},
				"up": {"uv": [1, 0, 0, 1], "texture": "#0"},
				"down": {"uv": [1, 0, 0, 1], "texture": "#0"}
			}
		},
		{
			"from": [-4.52, 14.42, 8.49],
			"to": [-2.45, 14.765, 9.87],
			"rotation": {"angle": 0, "axis": "y", "origin": [6.9926, 13.7034, 7.655]},
			"faces": {
				"south": {"uv": [1, 0, 0, 1], "texture": "#0"},
				"west": {"uv": [1, 0, 0, 1], "texture": "#0"},
				"up": {"uv": [1, 0, 0, 1], "texture": "#0"},
				"down": {"uv": [1, 0, 0, 1], "texture": "#0"}
			}
		},
		{
			"from": [3.07, 14.42, 5.04],
			"to": [5.14, 14.765, 6.42],
			"rotation": {"angle": 0, "axis": "y", "origin": [6.9926, 13.7034, 7.655]},
			"faces": {
				"north": {"uv": [1, 0, 0, 1], "texture": "#0"},
				"east": {"uv": [1, 0, 0, 1], "texture": "#0"},
				"up": {"uv": [1, 0, 0, 1], "texture": "#0"},
				"down": {"uv": [1, 0, 0, 1], "texture": "#0"}
			}
		},
		{
			"from": [-5.21, 14.42, 6.42],
			"to": [-3.83, 15.11, 8.49],
			"rotation": {"angle": 0, "axis": "y", "origin": [6.9926, 13.7034, 7.655]},
			"faces": {
				"north": {"uv": [1, 0, 0, 1], "texture": "#0"},
				"south": {"uv": [1, 0, 0, 1], "texture": "#0"},
				"west": {"uv": [1, 0, 0, 1], "texture": "#0"},
				"up": {"uv": [1, 0, 0, 1], "texture": "#0"},
				"down": {"uv": [1, 0, 0, 1], "texture": "#0"}
			}
		},
		{
			"from": [-3.14, 16.49, 7.11],
			"to": [-2.45, 17.18, 7.8],
			"rotation": {"angle": 0, "axis": "y", "origin": [6.9926, 13.7034, 7.655]},
			"faces": {
				"north": {"uv": [1, 0, 0, 1], "texture": "#0"},
				"east": {"uv": [1, 0, 0, 1], "texture": "#0"},
				"south": {"uv": [1, 0, 0, 1], "texture": "#0"},
				"west": {"uv": [1, 0, 0, 1], "texture": "#0"},
				"up": {"uv": [1, 0, 0, 1], "texture": "#0"},
				"down": {"uv": [1, 0, 0, 1], "texture": "#0"}
			}
		},
		{
			"from": [-3.83, 14.42, 6.42],
			"to": [-2.45, 16.49, 7.11],
			"rotation": {"angle": 0, "axis": "y", "origin": [6.9926, 13.7034, 7.655]},
			"faces": {
				"north": {"uv": [1, 1, 0, 4], "texture": "#0"},
				"east": {"uv": [1, 1, 0, 4], "texture": "#0"},
				"south": {"uv": [1, 1, 0, 4], "texture": "#0"},
				"west": {"uv": [1, 1, 0, 4], "texture": "#0"},
				"up": {"uv": [1, 0, 0, 1], "texture": "#0"},
				"down": {"uv": [1, 3, 0, 4], "texture": "#0"}
			}
		},
		{
			"from": [-3.83, 14.42, 7.8],
			"to": [-2.45, 16.49, 8.49],
			"rotation": {"angle": 0, "axis": "y", "origin": [6.9926, 13.7034, 7.655]},
			"faces": {
				"north": {"uv": [1, 1, 0, 4], "texture": "#0"},
				"east": {"uv": [1, 1, 0, 4], "texture": "#0"},
				"south": {"uv": [1, 1, 0, 4], "texture": "#0"},
				"west": {"uv": [1, 1, 0, 4], "texture": "#0"},
				"up": {"uv": [1, 0, 0, 1], "texture": "#0"},
				"down": {"uv": [1, 3, 0, 4], "texture": "#0"}
			}
		},
		{
			"from": [-2.45, 16.49, 7.8],
			"to": [3.07, 17.18, 8.49],
			"rotation": {"angle": 0, "axis": "y", "origin": [6.9926, 13.7034, 7.655]},
			"faces": {
				"north": {"uv": [1, 0, 0, 1], "texture": "#0"},
				"east": {"uv": [1, 0, 0, 1], "texture": "#0"},
				"south": {"uv": [1, 0, 0, 1], "texture": "#0"},
				"west": {"uv": [1, 0, 0, 1], "texture": "#0"},
				"up": {"uv": [1, 0, 0, 1], "texture": "#0"},
				"down": {"uv": [1, 0, 0, 1], "texture": "#0"}
			}
		},
		{
			"from": [-2.45, 16.49, 6.42],
			"to": [3.07, 17.18, 7.11],
			"rotation": {"angle": 0, "axis": "y", "origin": [6.9926, 13.7034, 7.655]},
			"faces": {
				"north": {"uv": [1, 0, 0, 1], "texture": "#0"},
				"east": {"uv": [1, 0, 0, 1], "texture": "#0"},
				"south": {"uv": [1, 0, 0, 1], "texture": "#0"},
				"west": {"uv": [1, 0, 0, 1], "texture": "#0"},
				"up": {"uv": [1, 0, 0, 1], "texture": "#0"},
				"down": {"uv": [1, 0, 0, 1], "texture": "#0"}
			}
		},
		{
			"from": [-2.45, 14.42, 5.73],
			"to": [3.07, 16.49, 6.42],
			"rotation": {"angle": 0, "axis": "y", "origin": [6.9926, 13.7034, 7.655]},
			"faces": {
				"north": {"uv": [1, 1, 0, 4], "texture": "#0"},
				"east": {"uv": [1, 1, 0, 4], "texture": "#0"},
				"south": {"uv": [1, 1, 0, 4], "texture": "#0"},
				"west": {"uv": [1, 1, 0, 4], "texture": "#0"},
				"up": {"uv": [1, 0, 0, 1], "texture": "#0"},
				"down": {"uv": [1, 3, 0, 4], "texture": "#0"}
			}
		},
		{
			"from": [-2.45, 14.42, 8.49],
			"to": [3.07, 16.49, 9.18],
			"rotation": {"angle": 0, "axis": "y", "origin": [6.9926, 13.7034, 7.655]},
			"faces": {
				"north": {"uv": [1, 1, 0, 4], "texture": "#0"},
				"east": {"uv": [1, 1, 0, 4], "texture": "#0"},
				"south": {"uv": [1, 1, 0, 4], "texture": "#0"},
				"west": {"uv": [1, 1, 0, 4], "texture": "#0"},
				"up": {"uv": [1, 0, 0, 1], "texture": "#0"},
				"down": {"uv": [1, 3, 0, 4], "texture": "#0"}
			}
		},
		{
			"from": [10, 8, 7],
			"to": [12, 10, 8],
			"faces": {
				"north": {"uv": [2, 6, 4, 8], "texture": "#0"},
				"east": {"uv": [2, 6, 4, 7], "texture": "#0"},
				"south": {"uv": [4, 6, 2, 8], "texture": "#0"},
				"west": {"uv": [2, 6, 4, 7], "texture": "#0"},
				"up": {"uv": [2, 6, 4, 7], "texture": "#0"},
				"down": {"uv": [2, 6, 4, 7], "texture": "#0"}
			}
		},
		{
			"from": [6, 5, 7],
			"to": [10, 6, 8],
			"faces": {
				"north": {"uv": [4, 10, 8, 11], "texture": "#0"},
				"east": {"uv": [4, 10, 5, 11], "texture": "#0"},
				"south": {"uv": [8, 10, 4, 11], "texture": "#0"},
				"west": {"uv": [7, 10, 8, 11], "texture": "#0"}
			}
		},
		{
			"from": [10, 2, 7],
			"to": [11, 3, 8],
			"faces": {
				"north": {"uv": [3, 13, 4, 14], "texture": "#0"},
				"south": {"uv": [3, 13, 4, 14], "texture": "#0"},
				"west": {"uv": [3, 13, 4, 14], "texture": "#0"},
				"down": {"uv": [3, 13, 4, 14], "texture": "#0"}
			}
		},
		{
			"from": [9, 8, 7],
			"to": [10, 9, 8],
			"faces": {
				"north": {"uv": [4, 7, 5, 8], "texture": "#0"},
				"south": {"uv": [4, 7, 5, 8], "texture": "#0"},
				"west": {"uv": [4, 7, 5, 8], "texture": "#0"},
				"up": {"uv": [4, 7, 5, 8], "texture": "#0"}
			}
		}
	],
	"display": {
		"thirdperson_righthand": {
			"rotation": [90, -90, 45],
			"translation": [0, 3.25, 1.5],
			"scale": [0.85, 0.85, 0.85]
		},
		"thirdperson_lefthand": {
			"rotation": [0, -90, 45],
			"translation": [0, 2.75, -0.75],
			"scale": [0.85, 0.85, 0.85]
		},
		"firstperson_righthand": {
			"rotation": [80, -90, 25],
			"translation": [0.13, 3.2, 1.13],
			"scale": [0.68, 0.68, 0.68]
		},
		"firstperson_lefthand": {
			"rotation": [33, 90, 25],
			"translation": [0.13, 3.2, 1.13],
			"scale": [0.68, 0.68, 0.68]
		},
		"ground": {
			"translation": [0, 4.5, 0]
		},
		"gui": {
			"rotation": [-180, 0, -180],
			"translation": [-2.75, -1, 0],
			"scale": [0.7, 0.7, 0.7]
		}
	}
}