{
	"credit": "Made with Blockbench",
        "gui_light": "front",
	"textures": {
		"0": "item/diamond_sword",
		"1": "./censor_bar",
		"particle": "item/diamond_sword"
	},
	"elements": [
		{
			"from": [11, 0, 7],
			"to": [14, 3, 8],
			"faces": {
				"north": {"uv": [0, 13, 3, 16], "texture": "#0"},
				"east": {"uv": [0, 13, 1, 16], "texture": "#0"},
				"south": {"uv": [0, 13, 3, 16], "rotation": 270, "texture": "#0"},
				"west": {"uv": [2, 13, 3, 16], "texture": "#0"},
				"up": {"uv": [0, 13, 3, 14], "rotation": 180, "texture": "#0"},
				"down": {"uv": [0, 15, 3, 16], "texture": "#0"}
			}
		},
		{
			"from": [9, 3, 7],
			"to": [12, 4, 8],
			"faces": {
				"north": {"uv": [2, 12, 5, 13], "texture": "#0"},
				"east": {"uv": [2, 12, 3, 13], "texture": "#0"},
				"south": {"uv": [2, 12, 5, 13], "texture": "#0"},
				"west": {"uv": [4, 12, 5, 13], "texture": "#0"},
				"up": {"uv": [2, 12, 5, 13], "texture": "#0"},
				"down": {"uv": [2, 12, 5, 13], "texture": "#0"}
			}
		},
		{
			"from": [4, 3, 7],
			"to": [8, 4, 8],
			"faces": {
				"north": {"uv": [6, 12, 10, 13], "texture": "#0"},
				"east": {"uv": [6, 12, 10, 13], "texture": "#0"},
				"south": {"uv": [10, 12, 6, 13], "texture": "#0"},
				"west": {"uv": [6, 12, 7, 13], "texture": "#0"},
				"up": {"uv": [6, 12, 10, 13], "texture": "#0"},
				"down": {"uv": [6, 12, 10, 13], "texture": "#0"}
			}
		},
		{
			"from": [4, 2, 7],
			"to": [6, 3, 8],
			"faces": {
				"north": {"uv": [8, 13, 10, 14], "texture": "#0"},
				"east": {"uv": [8, 13, 10, 14], "texture": "#0"},
				"south": {"uv": [8, 13, 10, 14], "texture": "#0"},
				"west": {"uv": [8, 13, 10, 14], "texture": "#0"},
				"down": {"uv": [8, 13, 10, 14], "texture": "#0"}
			}
		},
		{
			"from": [5, 4, 7],
			"to": [11, 5, 8],
			"faces": {
				"north": {"uv": [3, 11, 9, 12], "texture": "#0"},
				"east": {"uv": [3, 11, 4, 12], "texture": "#0"},
				"south": {"uv": [9, 11, 3, 12], "texture": "#0"},
				"west": {"uv": [8, 11, 9, 12], "texture": "#0"},
				"up": {"uv": [9, 11, 3, 12], "texture": "#0"},
				"down": {"uv": [3, 11, 9, 12], "texture": "#0"}
			}
		},
		{
			"from": [5, 6, 7],
			"to": [11, 7, 8],
			"faces": {
				"north": {"uv": [3, 9, 9, 10], "texture": "#0"},
				"east": {"uv": [3, 9, 4, 10], "texture": "#0"},
				"south": {"uv": [9, 9, 3, 10], "texture": "#0"},
				"west": {"uv": [8, 9, 9, 10], "texture": "#0"},
				"down": {"uv": [3, 9, 9, 10], "texture": "#0"}
			}
		},
		{
			"from": [4, 7, 7],
			"to": [11, 8, 8],
			"faces": {
				"north": {"uv": [3, 8, 10, 9], "texture": "#0"},
				"east": {"uv": [3, 8, 4, 9], "texture": "#0"},
				"south": {"uv": [10, 8, 3, 9], "texture": "#0"},
				"west": {"uv": [9, 8, 10, 9], "texture": "#0"},
				"up": {"uv": [10, 8, 3, 9], "texture": "#0"},
				"down": {"uv": [3, 8, 10, 9], "texture": "#0"}
			}
		},
		{
			"from": [-6, 17, 7],
			"to": [-1, 18, 8],
			"faces": {
				"north": {"uv": [11, 2, 16, 3], "texture": "#0"},
				"east": {"uv": [6, 7, 7, 8], "texture": "#0"},
				"south": {"uv": [10, 3, 15, 4], "texture": "#0"},
				"west": {"uv": [6, 7, 7, 8], "texture": "#0"},
				"up": {"uv": [6, 7, 11, 8], "texture": "#0"},
				"down": {"uv": [6, 7, 11, 8], "texture": "#0"}
			}
		},
		{
			"from": [-6, 18, 7],
			"to": [-2, 19, 8],
			"faces": {
				"north": {"uv": [12, 1, 16, 2], "texture": "#0"},
				"east": {"uv": [12, 1, 13, 2], "texture": "#0"},
				"south": {"uv": [12, 1, 16, 2], "texture": "#0"},
				"west": {"uv": [12, 1, 13, 2], "texture": "#0"},
				"up": {"uv": [12, 1, 16, 2], "texture": "#0"}
			}
		},
		{
			"from": [-6, 19, 7],
			"to": [-3, 20, 8],
			"faces": {
				"north": {"uv": [16, 0, 13, 1], "texture": "#0"},
				"east": {"uv": [16, 0, 13, 1], "texture": "#0"},
				"south": {"uv": [16, 0, 13, 1], "texture": "#0"},
				"west": {"uv": [16, 0, 13, 1], "texture": "#0"},
				"up": {"uv": [16, 0, 13, 1], "texture": "#0"}
			}
		},
		{
			"from": [10, 8, 7],
			"to": [12, 10, 8],
			"faces": {
				"north": {"uv": [2, 6, 4, 8], "texture": "#0"},
				"east": {"uv": [2, 6, 4, 7], "texture": "#0"},
				"south": {"uv": [4, 6, 2, 8], "texture": "#0"},
				"west": {"uv": [2, 6, 4, 7], "texture": "#0"},
				"up": {"uv": [2, 6, 4, 7], "texture": "#0"},
				"down": {"uv": [2, 6, 4, 7], "texture": "#0"}
			}
		},
		{
			"from": [6, 5, 7],
			"to": [10, 6, 8],
			"faces": {
				"north": {"uv": [4, 10, 8, 11], "texture": "#0"},
				"east": {"uv": [4, 10, 5, 11], "texture": "#0"},
				"south": {"uv": [8, 10, 4, 11], "texture": "#0"},
				"west": {"uv": [7, 10, 8, 11], "texture": "#0"}
			}
		},
		{
			"from": [10, 2, 7],
			"to": [11, 3, 8],
			"faces": {
				"north": {"uv": [3, 13, 4, 14], "texture": "#0"},
				"south": {"uv": [3, 13, 4, 14], "texture": "#0"},
				"west": {"uv": [3, 13, 4, 14], "texture": "#0"},
				"down": {"uv": [3, 13, 4, 14], "texture": "#0"}
			}
		},
		{
			"from": [9, 8, 7],
			"to": [10, 9, 8],
			"faces": {
				"north": {"uv": [4, 7, 5, 8], "texture": "#0"},
				"south": {"uv": [4, 7, 5, 8], "texture": "#0"},
				"west": {"uv": [4, 7, 5, 8], "texture": "#0"},
				"up": {"uv": [4, 7, 5, 8], "texture": "#0"}
			}
		},
		{
			"from": [-6, 5, 6.7],
			"to": [10, 10, 8.3],
			"rotation": {"angle": -45, "axis": "z", "origin": [8, 10.5, 7.65]},
			"faces": {
				"north": {"uv": [0, 12, 16, 16], "texture": "#1"},
				"east": {"uv": [0, 12, 16, 16], "texture": "#1"},
				"south": {"uv": [0, 12, 16, 16], "texture": "#1"},
				"west": {"uv": [0, 15.25, 16, 16], "texture": "#1"},
				"up": {"uv": [0, 15.75, 16, 16], "texture": "#1"},
				"down": {"uv": [0, 15.5, 16, 16], "texture": "#1"}
			}
		}
	],
	"display": {
		"thirdperson_righthand": {
			"rotation": [90, -90, 45],
			"translation": [0, 3.25, 1.5],
			"scale": [0.85, 0.85, 0.85]
		},
		"thirdperson_lefthand": {
			"rotation": [0, -90, 45],
			"translation": [0, 2.75, -0.75],
			"scale": [0.85, 0.85, 0.85]
		},
		"firstperson_righthand": {
			"rotation": [80, -90, 25],
			"translation": [0.13, 3.2, 1.13],
			"scale": [0.68, 0.68, 0.68]
		},
		"firstperson_lefthand": {
			"rotation": [33, 90, 25],
			"translation": [0.13, 3.2, 1.13],
			"scale": [0.68, 0.68, 0.68]
		},
		"ground": {
			"translation": [0, 4.5, 0]
		},
		"gui": {
			"rotation": [-180, 0, -180],
			"translation": [-3, -1.5, 0],
			"scale": [0.7, 0.7, 0.7]
		}
	}
}