{
	"credit": "Made with Blockbench",
        "gui_light": "front",
	"textures": {
		"0": "./diamond_sword",
		"1": "./cow",
		"particle": "./diamond_sword"
	},
	"elements": [
		{
			"from": [11, 0, 7],
			"to": [14, 3, 8],
			"faces": {
				"north": {"uv": [0, 13, 3, 16], "texture": "#0"},
				"east": {"uv": [0, 13, 1, 16], "texture": "#0"},
				"south": {"uv": [0, 13, 3, 16], "rotation": 270, "texture": "#0"},
				"west": {"uv": [2, 13, 3, 16], "texture": "#0"},
				"up": {"uv": [0, 13, 3, 14], "rotation": 180, "texture": "#0"},
				"down": {"uv": [0, 15, 3, 16], "texture": "#0"}
			}
		},
		{
			"from": [9, 3, 7],
			"to": [12, 4, 8],
			"faces": {
				"north": {"uv": [2, 12, 5, 13], "texture": "#0"},
				"east": {"uv": [2, 12, 3, 13], "texture": "#0"},
				"south": {"uv": [2, 12, 5, 13], "texture": "#0"},
				"west": {"uv": [4, 12, 5, 13], "texture": "#0"},
				"up": {"uv": [2, 12, 5, 13], "texture": "#0"},
				"down": {"uv": [2, 12, 5, 13], "texture": "#0"}
			}
		},
		{
			"from": [4, 3, 7],
			"to": [8, 4, 8],
			"faces": {
				"north": {"uv": [6, 12, 10, 13], "texture": "#0"},
				"east": {"uv": [6, 12, 10, 13], "texture": "#0"},
				"south": {"uv": [10, 12, 6, 13], "texture": "#0"},
				"west": {"uv": [6, 12, 7, 13], "texture": "#0"},
				"up": {"uv": [6, 12, 10, 13], "texture": "#0"},
				"down": {"uv": [6, 12, 10, 13], "texture": "#0"}
			}
		},
		{
			"from": [4, 2, 7],
			"to": [6, 3, 8],
			"faces": {
				"north": {"uv": [8, 13, 10, 14], "texture": "#0"},
				"east": {"uv": [8, 13, 10, 14], "texture": "#0"},
				"south": {"uv": [8, 13, 10, 14], "texture": "#0"},
				"west": {"uv": [8, 13, 10, 14], "texture": "#0"},
				"down": {"uv": [8, 13, 10, 14], "texture": "#0"}
			}
		},
		{
			"from": [5, 4, 7],
			"to": [11, 5, 8],
			"faces": {
				"north": {"uv": [3, 11, 9, 12], "texture": "#0"},
				"east": {"uv": [3, 11, 4, 12], "texture": "#0"},
				"south": {"uv": [9, 11, 3, 12], "texture": "#0"},
				"west": {"uv": [8, 11, 9, 12], "texture": "#0"},
				"up": {"uv": [9, 11, 3, 12], "texture": "#0"},
				"down": {"uv": [3, 11, 9, 12], "texture": "#0"}
			}
		},
		{
			"from": [5, 6, 7],
			"to": [11, 7, 8],
			"faces": {
				"north": {"uv": [3, 9, 9, 10], "texture": "#0"},
				"east": {"uv": [3, 9, 4, 10], "texture": "#0"},
				"south": {"uv": [9, 9, 3, 10], "texture": "#0"},
				"west": {"uv": [8, 9, 9, 10], "texture": "#0"},
				"down": {"uv": [3, 9, 9, 10], "texture": "#0"}
			}
		},
		{
			"from": [4, 7, 7],
			"to": [11, 8, 8],
			"faces": {
				"north": {"uv": [3, 8, 10, 9], "texture": "#0"},
				"east": {"uv": [3, 8, 4, 9], "texture": "#0"},
				"south": {"uv": [10, 8, 3, 9], "texture": "#0"},
				"west": {"uv": [9, 8, 10, 9], "texture": "#0"},
				"up": {"uv": [10, 8, 3, 9], "texture": "#0"},
				"down": {"uv": [3, 8, 10, 9], "texture": "#0"}
			}
		},
		{
			"from": [3, 8, 7],
			"to": [8, 9, 8],
			"faces": {
				"north": {"uv": [7, 6, 12, 7], "texture": "#0"},
				"east": {"uv": [6, 7, 7, 8], "texture": "#0"},
				"south": {"uv": [7, 6, 12, 7], "texture": "#0"},
				"west": {"uv": [6, 7, 7, 8], "texture": "#0"},
				"up": {"uv": [6, 7, 11, 8], "texture": "#0"},
				"down": {"uv": [6, 7, 11, 8], "texture": "#0"}
			}
		},
		{
			"from": [2, 9, 7],
			"to": [7, 10, 8],
			"faces": {
				"north": {"uv": [7, 6, 12, 7], "texture": "#0"},
				"east": {"uv": [6, 7, 7, 8], "texture": "#0"},
				"south": {"uv": [6, 7, 11, 8], "texture": "#0"},
				"west": {"uv": [6, 7, 7, 8], "texture": "#0"},
				"up": {"uv": [6, 7, 11, 8], "texture": "#0"},
				"down": {"uv": [6, 7, 11, 8], "texture": "#0"}
			}
		},
		{
			"from": [1, 10, 7],
			"to": [6, 11, 8],
			"faces": {
				"north": {"uv": [7, 6, 12, 7], "texture": "#0"},
				"east": {"uv": [6, 7, 7, 8], "texture": "#0"},
				"south": {"uv": [6, 7, 11, 8], "texture": "#0"},
				"west": {"uv": [6, 7, 7, 8], "texture": "#0"},
				"up": {"uv": [6, 7, 11, 8], "texture": "#0"},
				"down": {"uv": [6, 7, 11, 8], "texture": "#0"}
			}
		},
		{
			"from": [0, 11, 7],
			"to": [5, 12, 8],
			"faces": {
				"north": {"uv": [10, 3, 15, 4], "texture": "#0"},
				"east": {"uv": [6, 7, 7, 8], "texture": "#0"},
				"south": {"uv": [10, 3, 15, 4], "texture": "#0"},
				"west": {"uv": [6, 7, 7, 8], "texture": "#0"},
				"up": {"uv": [6, 7, 11, 8], "texture": "#0"},
				"down": {"uv": [6, 7, 11, 8], "texture": "#0"}
			}
		},
		{
			"from": [-1, 12, 7],
			"to": [4, 13, 8],
			"faces": {
				"north": {"uv": [11, 2, 16, 3], "texture": "#0"},
				"east": {"uv": [6, 7, 7, 8], "texture": "#0"},
				"south": {"uv": [10, 3, 15, 4], "texture": "#0"},
				"west": {"uv": [6, 7, 7, 8], "texture": "#0"},
				"up": {"uv": [6, 7, 11, 8], "texture": "#0"},
				"down": {"uv": [6, 7, 11, 8], "texture": "#0"}
			}
		},
		{
			"from": [-2, 13, 7],
			"to": [3, 14, 8],
			"faces": {
				"north": {"uv": [11, 2, 16, 3], "texture": "#0"},
				"east": {"uv": [6, 7, 7, 8], "texture": "#0"},
				"south": {"uv": [10, 3, 15, 4], "texture": "#0"},
				"west": {"uv": [6, 7, 7, 8], "texture": "#0"},
				"up": {"uv": [6, 7, 11, 8], "texture": "#0"},
				"down": {"uv": [6, 7, 11, 8], "texture": "#0"}
			}
		},
		{
			"from": [-2, 14, 7],
			"to": [2, 15, 8],
			"faces": {
				"north": {"uv": [12, 1, 16, 2], "texture": "#0"},
				"east": {"uv": [12, 1, 13, 2], "texture": "#0"},
				"south": {"uv": [12, 1, 16, 2], "texture": "#0"},
				"west": {"uv": [12, 1, 13, 2], "texture": "#0"},
				"up": {"uv": [12, 1, 16, 2], "texture": "#0"}
			}
		},
		{
			"from": [-2, 15, 7],
			"to": [1, 16, 8],
			"faces": {
				"north": {"uv": [16, 0, 13, 1], "texture": "#0"},
				"east": {"uv": [16, 0, 13, 1], "texture": "#0"},
				"south": {"uv": [16, 0, 13, 1], "texture": "#0"},
				"west": {"uv": [16, 0, 13, 1], "texture": "#0"},
				"up": {"uv": [16, 0, 13, 1], "texture": "#0"}
			}
		},
		{
			"from": [10, 8, 7],
			"to": [12, 10, 8],
			"faces": {
				"north": {"uv": [2, 6, 4, 8], "texture": "#0"},
				"east": {"uv": [2, 6, 4, 7], "texture": "#0"},
				"south": {"uv": [4, 6, 2, 8], "texture": "#0"},
				"west": {"uv": [2, 6, 4, 7], "texture": "#0"},
				"up": {"uv": [2, 6, 4, 7], "texture": "#0"},
				"down": {"uv": [2, 6, 4, 7], "texture": "#0"}
			}
		},
		{
			"from": [6, 5, 7],
			"to": [10, 6, 8],
			"faces": {
				"north": {"uv": [4, 10, 8, 11], "texture": "#0"},
				"east": {"uv": [4, 10, 5, 11], "texture": "#0"},
				"south": {"uv": [8, 10, 4, 11], "texture": "#0"},
				"west": {"uv": [7, 10, 8, 11], "texture": "#0"}
			}
		},
		{
			"from": [10, 2, 7],
			"to": [11, 3, 8],
			"faces": {
				"north": {"uv": [3, 13, 4, 14], "texture": "#0"},
				"south": {"uv": [3, 13, 4, 14], "texture": "#0"},
				"west": {"uv": [3, 13, 4, 14], "texture": "#0"},
				"down": {"uv": [3, 13, 4, 14], "texture": "#0"}
			}
		},
		{
			"from": [9, 8, 7],
			"to": [10, 9, 8],
			"faces": {
				"north": {"uv": [4, 7, 5, 8], "texture": "#0"},
				"south": {"uv": [4, 7, 5, 8], "texture": "#0"},
				"west": {"uv": [4, 7, 5, 8], "texture": "#0"},
				"up": {"uv": [4, 7, 5, 8], "texture": "#0"}
			}
		},
		{
			"name": "body",
			"from": [0.0568, 11.4092, 4.4618],
			"to": [4.2232, 14.8812, 10.7114],
			"rotation": {"angle": 0, "axis": "x", "origin": [2.15653, 11.94335, 9.96848]},
			"faces": {
				"north": {"uv": [10, 2, 13, 7], "texture": "#1"},
				"east": {"uv": [4.5, 16, 7, 7], "rotation": 90, "texture": "#1"},
				"south": {"uv": [7, 7, 10, 2], "rotation": 180, "texture": "#1"},
				"west": {"uv": [10, 16, 12.5, 7], "rotation": 270, "texture": "#1"},
				"up": {"uv": [12.5, 16, 15.5, 7], "texture": "#1"},
				"down": {"uv": [7, 16, 10, 7], "rotation": 180, "texture": "#1"}
			}
		},
		{
			"name": "body",
			"from": [1.4456, 11.062, 4.4618],
			"to": [2.8344, 11.4092, 6.545],
			"rotation": {"angle": 0, "axis": "x", "origin": [2.15653, 11.94335, 9.96848]},
			"faces": {
				"north": {"uv": [14.25, 0, 15.25, 0.5], "texture": "#1"},
				"east": {"uv": [13, 3.5, 13.25, 0.5], "rotation": 90, "texture": "#1"},
				"south": {"uv": [13.25, 0.5, 14.25, 0], "rotation": 180, "texture": "#1"},
				"west": {"uv": [14.25, 3.5, 14.5, 0.5], "rotation": 270, "texture": "#1"},
				"up": {"uv": [14.5, 3.5, 15.5, 0.5], "texture": "#1"},
				"down": {"uv": [13.25, 3.5, 14.25, 0.5], "rotation": 180, "texture": "#1"}
			}
		},
		{
			"name": "head",
			"from": [0.7512, 12.8848, 10.7982],
			"to": [3.5288, 15.6624, 12.8814],
			"rotation": {"angle": 0, "axis": "y", "origin": [2.15653, 11.94335, 9.96848]},
			"faces": {
				"north": {"uv": [7, 3, 5, 7], "texture": "#1"},
				"east": {"uv": [1.5, 3, 0, 7], "texture": "#1"},
				"south": {"uv": [3.5, 3, 1.5, 7], "texture": "#1"},
				"west": {"uv": [5, 3, 3.5, 7], "texture": "#1"},
				"up": {"uv": [3.5, 0, 1.5, 3], "texture": "#1"},
				"down": {"uv": [5.5, 3, 3.5, 0], "texture": "#1"}
			}
		},
		{
			"name": "head",
			"from": [0.404, 14.968, 11.8398],
			"to": [0.7512, 16.0096, 12.187],
			"rotation": {"angle": 0, "axis": "y", "origin": [2.15653, 11.94335, 9.96848]},
			"faces": {
				"north": {"uv": [6.5, 0.5, 6.25, 2], "texture": "#1"},
				"east": {"uv": [5.75, 0.5, 5.5, 2], "texture": "#1"},
				"south": {"uv": [6, 0.5, 5.75, 2], "texture": "#1"},
				"west": {"uv": [6.25, 0.5, 6, 2], "texture": "#1"},
				"up": {"uv": [6, 0, 5.75, 0.5], "texture": "#1"},
				"down": {"uv": [6.25, 0.5, 6, 0], "texture": "#1"}
			}
		},
		{
			"name": "head",
			"from": [3.5288, 14.968, 11.8398],
			"to": [3.876, 16.0096, 12.187],
			"rotation": {"angle": 0, "axis": "y", "origin": [2.15653, 11.94335, 9.96848]},
			"faces": {
				"north": {"uv": [6.5, 0.5, 6.25, 2], "texture": "#1"},
				"east": {"uv": [5.75, 0.5, 5.5, 2], "texture": "#1"},
				"south": {"uv": [6, 0.5, 5.75, 2], "texture": "#1"},
				"west": {"uv": [6.25, 0.5, 6, 2], "texture": "#1"},
				"up": {"uv": [6, 0, 5.75, 0.5], "texture": "#1"},
				"down": {"uv": [6.25, 0.5, 6, 0], "texture": "#1"}
			}
		},
		{
			"name": "leg1",
			"from": [2.85771, 7.42301, 5.21788],
			"to": [4.21874, 11.50608, 6.57891],
			"rotation": {"angle": 0, "axis": "y", "origin": [2.15653, 11.94335, 9.96848]},
			"faces": {
				"north": {"uv": [4, 10, 3, 16], "texture": "#1"},
				"east": {"uv": [1, 10, 0, 16], "texture": "#1"},
				"south": {"uv": [2, 10, 1, 16], "texture": "#1"},
				"west": {"uv": [3, 10, 2, 16], "texture": "#1"},
				"up": {"uv": [2, 8, 1, 10], "texture": "#1"},
				"down": {"uv": [3, 10, 2, 8], "texture": "#1"}
			}
		},
		{
			"name": "leg2",
			"from": [0.13566, 7.42301, 5.21788],
			"to": [1.49669, 11.50608, 6.57891],
			"rotation": {"angle": 0, "axis": "y", "origin": [2.15653, 11.94335, 9.96848]},
			"faces": {
				"north": {"uv": [4, 10, 3, 16], "texture": "#1"},
				"east": {"uv": [1, 10, 0, 16], "texture": "#1"},
				"south": {"uv": [2, 10, 1, 16], "texture": "#1"},
				"west": {"uv": [3, 10, 2, 16], "texture": "#1"},
				"up": {"uv": [2, 8, 1, 10], "texture": "#1"},
				"down": {"uv": [3, 10, 2, 8], "texture": "#1"}
			}
		},
		{
			"name": "leg3",
			"from": [2.85771, 7.42301, 9.30096],
			"to": [4.21874, 11.50608, 10.66198],
			"rotation": {"angle": 0, "axis": "y", "origin": [2.15653, 11.94335, 9.96848]},
			"faces": {
				"north": {"uv": [4, 10, 3, 16], "texture": "#1"},
				"east": {"uv": [1, 10, 0, 16], "texture": "#1"},
				"south": {"uv": [2, 10, 1, 16], "texture": "#1"},
				"west": {"uv": [3, 10, 2, 16], "texture": "#1"},
				"up": {"uv": [2, 8, 1, 10], "texture": "#1"},
				"down": {"uv": [3, 10, 2, 8], "texture": "#1"}
			}
		},
		{
			"name": "leg4",
			"from": [0.13566, 7.42301, 9.30096],
			"to": [1.49669, 11.50608, 10.66198],
			"rotation": {"angle": 0, "axis": "y", "origin": [2.15653, 11.94335, 9.96848]},
			"faces": {
				"north": {"uv": [4, 10, 3, 16], "texture": "#1"},
				"east": {"uv": [1, 10, 0, 16], "texture": "#1"},
				"south": {"uv": [2, 10, 1, 16], "texture": "#1"},
				"west": {"uv": [3, 10, 2, 16], "texture": "#1"},
				"up": {"uv": [2, 8, 1, 10], "texture": "#1"},
				"down": {"uv": [3, 10, 2, 8], "texture": "#1"}
			}
		}
	],
	"display": {
		"thirdperson_righthand": {
			"rotation": [91, -90, 55],
			"translation": [0, 4, 1],
			"scale": [0.85, 0.85, 0.85]
		},
		"thirdperson_lefthand": {
			"rotation": [9, -90, 55],
			"translation": [0, 2.75, -0.5],
			"scale": [0.85, 0.85, 0.85]
		},
		"firstperson_righthand": {
			"rotation": [66, -90, 25],
			"translation": [0.13, 3.2, 1.13],
			"scale": [0.68, 0.68, 0.68]
		},
		"firstperson_lefthand": {
			"rotation": [-37, -90, 25],
			"translation": [0.13, 3.2, 1.13],
			"scale": [0.68, 0.68, 0.68]
		},
		"ground": {
			"translation": [0, 4.5, 0]
		},
		"gui": {
			"rotation": [-180, 0, -180],
			"translation": [-2.5, -1, 0],
			"scale": [0.8, 0.8, 0.8]
		}
	},
	"groups": [0, 1, 2, 3, 4, 5, 6, 7, 8, 9, 10, 11, 12, 13, 14, 15, 16, 17, 18,
		{
			"name": "body",
			"origin": [0, 14, 4.25],
			"rotation": [-90, 0, 0],
			"color": 0,
			"children": [19, 20]
		},
		{
			"name": "head",
			"origin": [0, 20, -8],
			"color": 0,
			"children": [21, 22, 23]
		},
		{
			"name": "leg1",
			"origin": [-4, 12, 7],
			"color": 0,
			"children": [24]
		},
		{
			"name": "leg2",
			"origin": [4, 12, 7],
			"color": 0,
			"children": [25]
		},
		{
			"name": "leg3",
			"origin": [-4, 12, -6],
			"color": 0,
			"children": [26]
		},
		{
			"name": "leg4",
			"origin": [4, 12, -6],
			"color": 0,
			"children": [27]
		}
	]
}