{
	"credit": "Made with Blockbench",
        "gui_light": "front",
	"textures": {
		"0": "item/netherite_sword",
		"1": "item/carrot_on_a_stick",
		"particle": "item/netherite_sword"
	},
	"elements": [
		{
			"from": [-14, -10, 7],
			"to": [-11, -7, 8],
			"rotation": {"angle": 0, "axis": "y", "origin": [20, 19.94737, 7.5]},
			"faces": {
				"north": {"uv": [3, 13, 0, 16], "texture": "#0"},
				"east": {"uv": [3, 13, 2, 16], "texture": "#0"},
				"south": {"uv": [0, 16, 3, 13], "rotation": 270, "texture": "#0"},
				"west": {"uv": [1, 13, 0, 16], "texture": "#0"},
				"up": {"uv": [3, 13, 0, 14], "rotation": 180, "texture": "#0"},
				"down": {"uv": [3, 15, 0, 16], "texture": "#0"}
			}
		},
		{
			"from": [-12, -7, 7],
			"to": [-9, -6, 8],
			"rotation": {"angle": 0, "axis": "y", "origin": [20, 19.94737, 7.5]},
			"faces": {
				"north": {"uv": [5, 12, 2, 13], "texture": "#0"},
				"east": {"uv": [5, 12, 4, 13], "texture": "#0"},
				"south": {"uv": [5, 12, 2, 13], "texture": "#0"},
				"west": {"uv": [3, 12, 2, 13], "texture": "#0"},
				"up": {"uv": [5, 12, 2, 13], "texture": "#0"},
				"down": {"uv": [5, 12, 2, 13], "texture": "#0"}
			}
		},
		{
			"from": [-8, -7, 7],
			"to": [-4, -6, 8],
			"rotation": {"angle": 0, "axis": "y", "origin": [20, 19.94737, 7.5]},
			"faces": {
				"north": {"uv": [10, 12, 6, 13], "texture": "#0"},
				"east": {"uv": [7, 12, 6, 13], "texture": "#0"},
				"south": {"uv": [6, 12, 10, 13], "texture": "#0"},
				"west": {"uv": [10, 12, 6, 13], "texture": "#0"},
				"up": {"uv": [10, 12, 6, 13], "texture": "#0"},
				"down": {"uv": [10, 12, 6, 13], "texture": "#0"}
			}
		},
		{
			"from": [-6, -8, 7],
			"to": [-4, -7, 8],
			"rotation": {"angle": 0, "axis": "y", "origin": [20, 19.94737, 7.5]},
			"faces": {
				"north": {"uv": [10, 13, 8, 14], "texture": "#0"},
				"east": {"uv": [10, 13, 8, 14], "texture": "#0"},
				"south": {"uv": [10, 13, 8, 14], "texture": "#0"},
				"west": {"uv": [10, 13, 8, 14], "texture": "#0"},
				"down": {"uv": [10, 13, 8, 14], "texture": "#0"}
			}
		},
		{
			"from": [-11, -6, 7],
			"to": [-5, -5, 8],
			"rotation": {"angle": 0, "axis": "y", "origin": [20, 19.94737, 7.5]},
			"faces": {
				"north": {"uv": [9, 11, 3, 12], "texture": "#0"},
				"east": {"uv": [9, 11, 8, 12], "texture": "#0"},
				"south": {"uv": [3, 11, 9, 12], "texture": "#0"},
				"west": {"uv": [4, 11, 3, 12], "texture": "#0"},
				"up": {"uv": [3, 11, 9, 12], "texture": "#0"},
				"down": {"uv": [9, 11, 3, 12], "texture": "#0"}
			}
		},
		{
			"from": [-11, -4, 7],
			"to": [-5, -3, 8],
			"rotation": {"angle": 0, "axis": "y", "origin": [20, 19.94737, 7.5]},
			"faces": {
				"north": {"uv": [9, 9, 3, 10], "texture": "#0"},
				"east": {"uv": [9, 9, 8, 10], "texture": "#0"},
				"south": {"uv": [3, 9, 9, 10], "texture": "#0"},
				"west": {"uv": [4, 9, 3, 10], "texture": "#0"},
				"down": {"uv": [9, 9, 3, 10], "texture": "#0"}
			}
		},
		{
			"from": [-11, -3, 7],
			"to": [-4, -2, 8],
			"rotation": {"angle": 0, "axis": "y", "origin": [20, 19.94737, 7.5]},
			"faces": {
				"north": {"uv": [10, 8, 3, 9], "texture": "#0"},
				"east": {"uv": [10, 8, 9, 9], "texture": "#0"},
				"south": {"uv": [3, 8, 10, 9], "texture": "#0"},
				"west": {"uv": [4, 8, 3, 9], "texture": "#0"},
				"up": {"uv": [3, 8, 10, 9], "texture": "#0"},
				"down": {"uv": [10, 8, 3, 9], "texture": "#0"}
			}
		},
		{
			"from": [-8, -2, 7],
			"to": [-3, -1, 8],
			"rotation": {"angle": 0, "axis": "y", "origin": [20, 19.94737, 7.5]},
			"faces": {
				"north": {"uv": [12, 6, 7, 7], "texture": "#0"},
				"east": {"uv": [7, 7, 6, 8], "texture": "#0"},
				"south": {"uv": [12, 6, 7, 7], "texture": "#0"},
				"west": {"uv": [7, 7, 6, 8], "texture": "#0"},
				"up": {"uv": [11, 7, 6, 8], "texture": "#0"},
				"down": {"uv": [11, 7, 6, 8], "texture": "#0"}
			}
		},
		{
			"from": [-7, -1, 7],
			"to": [-2, 0, 8],
			"rotation": {"angle": 0, "axis": "y", "origin": [20, 19.94737, 7.5]},
			"faces": {
				"north": {"uv": [12, 6, 7, 7], "texture": "#0"},
				"east": {"uv": [7, 7, 6, 8], "texture": "#0"},
				"south": {"uv": [11, 7, 6, 8], "texture": "#0"},
				"west": {"uv": [7, 7, 6, 8], "texture": "#0"},
				"up": {"uv": [11, 7, 6, 8], "texture": "#0"},
				"down": {"uv": [11, 7, 6, 8], "texture": "#0"}
			}
		},
		{
			"from": [-6, 0, 7],
			"to": [-1, 1, 8],
			"rotation": {"angle": 0, "axis": "y", "origin": [20, 19.94737, 7.5]},
			"faces": {
				"north": {"uv": [12, 6, 7, 7], "texture": "#0"},
				"east": {"uv": [7, 7, 6, 8], "texture": "#0"},
				"south": {"uv": [11, 7, 6, 8], "texture": "#0"},
				"west": {"uv": [7, 7, 6, 8], "texture": "#0"},
				"up": {"uv": [11, 7, 6, 8], "texture": "#0"},
				"down": {"uv": [11, 7, 6, 8], "texture": "#0"}
			}
		},
		{
			"from": [-5, 1, 7],
			"to": [0, 2, 8],
			"rotation": {"angle": 0, "axis": "y", "origin": [20, 19.94737, 7.5]},
			"faces": {
				"north": {"uv": [15, 3, 10, 4], "texture": "#0"},
				"east": {"uv": [7, 7, 6, 8], "texture": "#0"},
				"south": {"uv": [15, 3, 10, 4], "texture": "#0"},
				"west": {"uv": [7, 7, 6, 8], "texture": "#0"},
				"up": {"uv": [11, 7, 6, 8], "texture": "#0"},
				"down": {"uv": [11, 7, 6, 8], "texture": "#0"}
			}
		},
		{
			"from": [-4, 2, 7],
			"to": [1, 3, 8],
			"rotation": {"angle": 0, "axis": "y", "origin": [20, 19.94737, 7.5]},
			"faces": {
				"north": {"uv": [16, 2, 11, 3], "texture": "#0"},
				"east": {"uv": [7, 7, 6, 8], "texture": "#0"},
				"south": {"uv": [15, 3, 10, 4], "texture": "#0"},
				"west": {"uv": [7, 7, 6, 8], "texture": "#0"},
				"up": {"uv": [11, 7, 6, 8], "texture": "#0"},
				"down": {"uv": [11, 7, 6, 8], "texture": "#0"}
			}
		},
		{
			"from": [-3, 3, 7],
			"to": [2, 4, 8],
			"rotation": {"angle": 0, "axis": "y", "origin": [20, 19.94737, 7.5]},
			"faces": {
				"north": {"uv": [16, 2, 11, 3], "texture": "#0"},
				"east": {"uv": [7, 7, 6, 8], "texture": "#0"},
				"south": {"uv": [15, 3, 10, 4], "texture": "#0"},
				"west": {"uv": [7, 7, 6, 8], "texture": "#0"},
				"up": {"uv": [11, 7, 6, 8], "texture": "#0"},
				"down": {"uv": [11, 7, 6, 8], "texture": "#0"}
			}
		},
		{
			"from": [-2, 4, 7],
			"to": [2, 5, 8],
			"rotation": {"angle": 0, "axis": "y", "origin": [20, 19.94737, 7.5]},
			"faces": {
				"north": {"uv": [16, 1, 12, 2], "texture": "#0"},
				"east": {"uv": [13, 1, 12, 2], "texture": "#0"},
				"south": {"uv": [16, 1, 12, 2], "texture": "#0"},
				"west": {"uv": [13, 1, 12, 2], "texture": "#0"},
				"up": {"uv": [16, 1, 12, 2], "texture": "#0"}
			}
		},
		{
			"from": [-1, 5, 7],
			"to": [2, 6, 8],
			"rotation": {"angle": 0, "axis": "y", "origin": [20, 19.94737, 7.5]},
			"faces": {
				"north": {"uv": [13, 0, 16, 1], "texture": "#0"},
				"east": {"uv": [13, 0, 16, 1], "texture": "#0"},
				"south": {"uv": [13, 0, 16, 1], "texture": "#0"},
				"west": {"uv": [13, 0, 16, 1], "texture": "#0"},
				"up": {"uv": [13, 0, 16, 1], "texture": "#0"}
			}
		},
		{
			"from": [-12, -2, 7],
			"to": [-10, 0, 8],
			"rotation": {"angle": 0, "axis": "y", "origin": [20, 19.94737, 7.5]},
			"faces": {
				"north": {"uv": [4, 6, 2, 8], "texture": "#0"},
				"east": {"uv": [4, 6, 2, 7], "texture": "#0"},
				"south": {"uv": [2, 6, 4, 8], "texture": "#0"},
				"west": {"uv": [4, 6, 2, 7], "texture": "#0"},
				"up": {"uv": [4, 6, 2, 7], "texture": "#0"},
				"down": {"uv": [4, 6, 2, 7], "texture": "#0"}
			}
		},
		{
			"from": [-10, -5, 7],
			"to": [-6, -4, 8],
			"rotation": {"angle": 0, "axis": "y", "origin": [20, 19.94737, 7.5]},
			"faces": {
				"north": {"uv": [8, 10, 4, 11], "texture": "#0"},
				"east": {"uv": [8, 10, 7, 11], "texture": "#0"},
				"south": {"uv": [4, 10, 8, 11], "texture": "#0"},
				"west": {"uv": [5, 10, 4, 11], "texture": "#0"}
			}
		},
		{
			"from": [-11, -8, 7],
			"to": [-10, -7, 8],
			"rotation": {"angle": 0, "axis": "y", "origin": [20, 19.94737, 7.5]},
			"faces": {
				"north": {"uv": [4, 13, 3, 14], "texture": "#0"},
				"east": {"uv": [4, 13, 3, 14], "texture": "#0"},
				"south": {"uv": [4, 13, 3, 14], "texture": "#0"},
				"down": {"uv": [4, 13, 3, 14], "texture": "#0"}
			}
		},
		{
			"from": [-10, -2, 7],
			"to": [-9, -1, 8],
			"rotation": {"angle": 0, "axis": "y", "origin": [20, 19.94737, 7.5]},
			"faces": {
				"north": {"uv": [5, 7, 4, 8], "texture": "#0"},
				"east": {"uv": [5, 7, 4, 8], "texture": "#0"},
				"south": {"uv": [5, 7, 4, 8], "texture": "#0"},
				"up": {"uv": [5, 7, 4, 8], "texture": "#0"}
			}
		},
		{
			"name": "carrot_on_a_stick_0",
			"from": [0.5, 10.7, 7],
			"to": [2.5, 14.7, 8],
			"rotation": {"angle": 0, "axis": "y", "origin": [9.25, 0.5, 10.2]},
			"faces": {
				"north": {"uv": [13, 1, 15, 5], "texture": "#1"},
				"east": {"uv": [13, 1, 14, 5], "texture": "#1"},
				"south": {"uv": [13, 5, 15, 1], "rotation": 180, "texture": "#1"},
				"west": {"uv": [14, 1, 15, 5], "texture": "#1"},
				"up": {"uv": [15, 1, 13, 2], "texture": "#1"},
				"down": {"uv": [13, 4, 15, 5], "rotation": 180, "texture": "#1"}
			}
		},
		{
			"name": "carrot_on_a_stick_1",
			"from": [2.5, 9.7, 7],
			"to": [3.5, 13.7, 8],
			"rotation": {"angle": 0, "axis": "y", "origin": [9.25, 0.5, 10.2]},
			"faces": {
				"north": {"uv": [12, 2, 13, 6], "texture": "#1"},
				"east": {"uv": [12, 2, 13, 6], "texture": "#1"},
				"south": {"uv": [12, 6, 13, 2], "rotation": 180, "texture": "#1"},
				"west": {"uv": [12, 2, 13, 6], "texture": "#1"},
				"up": {"uv": [13, 2, 12, 3], "texture": "#1"},
				"down": {"uv": [12, 5, 13, 6], "rotation": 180, "texture": "#1"}
			}
		},
		{
			"name": "carrot_on_a_stick_2",
			"from": [3.5, 8.7, 7],
			"to": [4.5, 12.7, 8],
			"rotation": {"angle": 0, "axis": "y", "origin": [9.25, 0.5, 10.2]},
			"faces": {
				"north": {"uv": [11, 3, 12, 7], "texture": "#1"},
				"east": {"uv": [11, 3, 12, 7], "texture": "#1"},
				"south": {"uv": [11, 7, 12, 3], "rotation": 180, "texture": "#1"},
				"west": {"uv": [11, 3, 12, 7], "texture": "#1"},
				"up": {"uv": [12, 3, 11, 4], "texture": "#1"},
				"down": {"uv": [11, 6, 12, 7], "rotation": 180, "texture": "#1"}
			}
		},
		{
			"name": "carrot_on_a_stick_3",
			"from": [4.5, 7.7, 7],
			"to": [5.5, 11.7, 8],
			"rotation": {"angle": 0, "axis": "y", "origin": [9.25, 0.5, 10.2]},
			"faces": {
				"north": {"uv": [10, 4, 11, 8], "texture": "#1"},
				"east": {"uv": [10, 4, 11, 8], "texture": "#1"},
				"south": {"uv": [10, 8, 11, 4], "rotation": 180, "texture": "#1"},
				"west": {"uv": [10, 4, 11, 8], "texture": "#1"},
				"up": {"uv": [11, 4, 10, 5], "texture": "#1"},
				"down": {"uv": [10, 7, 11, 8], "rotation": 180, "texture": "#1"}
			}
		},
		{
			"name": "carrot_on_a_stick_4",
			"from": [5.5, 6.7, 7],
			"to": [6.5, 10.7, 8],
			"rotation": {"angle": 0, "axis": "y", "origin": [9.25, 0.5, 10.2]},
			"faces": {
				"north": {"uv": [9, 5, 10, 9], "texture": "#1"},
				"east": {"uv": [9, 5, 10, 9], "texture": "#1"},
				"south": {"uv": [9, 9, 10, 5], "rotation": 180, "texture": "#1"},
				"west": {"uv": [9, 5, 10, 9], "texture": "#1"},
				"up": {"uv": [10, 5, 9, 6], "texture": "#1"},
				"down": {"uv": [9, 8, 10, 9], "rotation": 180, "texture": "#1"}
			}
		},
		{
			"name": "carrot_on_a_stick_5",
			"from": [0.5, 5.7, 7.01],
			"to": [1.5, 10.7, 7.99],
			"rotation": {"angle": 0, "axis": "y", "origin": [9.25, 0.5, 10.2]},
			"faces": {
				"north": {"uv": [14, 5, 15, 10], "texture": "#1"},
				"east": {"uv": [14, 5, 15, 10], "texture": "#1"},
				"south": {"uv": [14, 10, 15, 5], "rotation": 180, "texture": "#1"},
				"west": {"uv": [14, 5, 15, 10], "texture": "#1"}
			}
		},
		{
			"name": "carrot_on_a_stick_6",
			"from": [6.5, 5.7, 7],
			"to": [7.5, 9.7, 8],
			"rotation": {"angle": 0, "axis": "y", "origin": [9.25, 0.5, 10.2]},
			"faces": {
				"north": {"uv": [8, 6, 9, 10], "texture": "#1"},
				"east": {"uv": [8, 6, 9, 10], "texture": "#1"},
				"south": {"uv": [8, 10, 9, 6], "rotation": 180, "texture": "#1"},
				"west": {"uv": [8, 6, 9, 10], "texture": "#1"},
				"up": {"uv": [9, 6, 8, 7], "texture": "#1"},
				"down": {"uv": [8, 9, 9, 10], "rotation": 180, "texture": "#1"}
			}
		},
		{
			"name": "carrot_on_a_stick_7",
			"from": [7.5, 1.7, 7],
			"to": [8.5, 8.7, 8],
			"rotation": {"angle": 0, "axis": "y", "origin": [9.25, 0.5, 10.2]},
			"faces": {
				"north": {"uv": [7, 7, 8, 14], "texture": "#1"},
				"east": {"uv": [7, 7, 8, 14], "texture": "#1"},
				"south": {"uv": [7, 14, 8, 7], "rotation": 180, "texture": "#1"},
				"west": {"uv": [7, 7, 8, 14], "texture": "#1"},
				"up": {"uv": [8, 7, 7, 8], "texture": "#1"},
				"down": {"uv": [7, 13, 8, 14], "rotation": 180, "texture": "#1"}
			}
		},
		{
			"name": "carrot_on_a_stick_8",
			"from": [8.5, 1.7, 7],
			"to": [9.5, 7.7, 8],
			"rotation": {"angle": 0, "axis": "y", "origin": [9.25, 0.5, 10.2]},
			"faces": {
				"north": {"uv": [6, 8, 7, 14], "texture": "#1"},
				"east": {"uv": [6, 8, 7, 14], "texture": "#1"},
				"south": {"uv": [6, 14, 7, 8], "rotation": 180, "texture": "#1"},
				"up": {"uv": [7, 8, 6, 9], "texture": "#1"},
				"down": {"uv": [6, 13, 7, 14], "rotation": 180, "texture": "#1"}
			}
		},
		{
			"name": "carrot_on_a_stick_9",
			"from": [9.5, 2.7, 7],
			"to": [10.5, 6.7, 8],
			"rotation": {"angle": 0, "axis": "y", "origin": [9.25, 0.5, 10.2]},
			"faces": {
				"north": {"uv": [5, 9, 6, 13], "texture": "#1"},
				"east": {"uv": [5, 9, 6, 13], "texture": "#1"},
				"south": {"uv": [5, 13, 6, 9], "rotation": 180, "texture": "#1"},
				"up": {"uv": [6, 9, 5, 10], "texture": "#1"},
				"down": {"uv": [5, 12, 6, 13], "rotation": 180, "texture": "#1"}
			}
		},
		{
			"name": "carrot_on_a_stick_11",
			"from": [10.5, 1.7, 7],
			"to": [11.5, 4.7, 8],
			"rotation": {"angle": 0, "axis": "y", "origin": [9.25, 0.5, 10.2]},
			"faces": {
				"north": {"uv": [4, 11, 5, 14], "texture": "#1"},
				"east": {"uv": [4, 11, 5, 14], "texture": "#1"},
				"south": {"uv": [4, 14, 5, 11], "rotation": 180, "texture": "#1"},
				"west": {"uv": [4, 11, 5, 14], "texture": "#1"},
				"up": {"uv": [5, 11, 4, 12], "texture": "#1"},
				"down": {"uv": [4, 13, 5, 14], "rotation": 180, "texture": "#1"}
			}
		},
		{
			"name": "carrot_on_a_stick_12",
			"from": [6.5, 2.7, 7],
			"to": [7.5, 4.7, 8],
			"rotation": {"angle": 0, "axis": "y", "origin": [9.25, 0.5, 10.2]},
			"faces": {
				"north": {"uv": [8, 11, 9, 13], "texture": "#1"},
				"south": {"uv": [8, 13, 9, 11], "rotation": 180, "texture": "#1"},
				"west": {"uv": [8, 11, 9, 13], "texture": "#1"},
				"up": {"uv": [9, 11, 8, 12], "texture": "#1"},
				"down": {"uv": [8, 12, 9, 13], "rotation": 180, "texture": "#1"}
			}
		},
		{
			"name": "carrot_on_a_stick_14",
			"from": [11.5, 0.7, 7],
			"to": [12.5, 3.7, 8],
			"rotation": {"angle": 0, "axis": "y", "origin": [9.25, 0.5, 10.2]},
			"faces": {
				"north": {"uv": [3, 12, 4, 15], "texture": "#1"},
				"east": {"uv": [3, 12, 4, 15], "texture": "#1"},
				"south": {"uv": [3, 15, 4, 12], "rotation": 180, "texture": "#1"},
				"west": {"uv": [3, 12, 4, 15], "texture": "#1"},
				"up": {"uv": [4, 12, 3, 13], "texture": "#1"},
				"down": {"uv": [3, 14, 4, 15], "rotation": 180, "texture": "#1"}
			}
		},
		{
			"name": "carrot_on_a_stick_17",
			"from": [12.5, 0.7, 7],
			"to": [13.5, 2.7, 8],
			"rotation": {"angle": 0, "axis": "y", "origin": [9.25, 0.5, 10.2]},
			"faces": {
				"north": {"uv": [2, 13, 3, 15], "texture": "#1"},
				"east": {"uv": [2, 13, 3, 15], "texture": "#1"},
				"south": {"uv": [2, 15, 3, 13], "rotation": 180, "texture": "#1"},
				"up": {"uv": [3, 13, 2, 14], "texture": "#1"},
				"down": {"uv": [2, 14, 3, 15], "rotation": 180, "texture": "#1"}
			}
		}
	],
	"display": {
		"thirdperson_righthand": {
			"rotation": [90, -90, 45],
			"translation": [0, 3.25, 1.5],
			"scale": [0.85, 0.85, 0.85]
		},
		"thirdperson_lefthand": {
			"rotation": [90, 90, -45],
			"translation": [0, 3.25, 1.5],
			"scale": [0.85, 0.85, 0.85]
		},
		"firstperson_righthand": {
			"rotation": [80, -90, 25],
			"translation": [0.13, 3.2, 1.63],
			"scale": [0.68, 0.68, 0.68]
		},
		"firstperson_lefthand": {
			"rotation": [33, 90, 25],
			"translation": [0.13, 3.2, 2.38],
			"scale": [0.68, 0.68, 0.68]
		},
		"ground": {
			"translation": [0, 4.5, 0]
		},
		"gui": {
			"rotation": [-180, 0, -180],
			"translation": [-4.5, 2.5, 0],
			"scale": [0.55, 0.55, 0.55]
		}
	},
	"groups": [0, 1, 2, 3, 4, 5, 6, 7, 8, 9, 10, 11, 12, 13, 14, 15, 16, 17, 18,
		{
			"name": "carrot_on_a_stick",
			"origin": [8, 8, 8],
			"color": 0,
			"children": [19, 20, 21, 22, 23, 24, 25, 26, 27, 28, 29, 30, 31, 32]
		}
	]
}