{
	"credit": "Made with Blockbench",
        "gui_light": "front",
	"textures": {
		"1": "./diamond_stick",
		"particle": "./netherite"
	},
	"elements": [
		{
			"from": [26.98049, -2.98607, 7],
			"to": [28.98037, -0.98619, 7.99996],
			"rotation": {"angle": 0, "axis": "y", "origin": [-6.66608, 23.94641, 7.50002]},
			"faces": {
				"north": {"uv": [1, 14.5, 2, 15.5], "texture": "#1"},
				"east": {"uv": [1, 14.5, 1.5, 15.5], "texture": "#1"},
				"south": {"uv": [1, 14.5, 2, 15.5], "texture": "#1"},
				"west": {"uv": [1, 14.5, 1.5, 15.5], "texture": "#1"},
				"up": {"uv": [1, 14.5, 2, 15], "texture": "#1"},
				"down": {"uv": [1, 14.5, 2, 15], "texture": "#1"}
			}
		},
		{
			"from": [26.98049, -0.98607, 7],
			"to": [27.98037, 0.01381, 7.99996],
			"rotation": {"angle": 0, "axis": "y", "origin": [-6.66608, 23.94641, 7.50002]},
			"faces": {
				"north": {"uv": [1.5, 14, 2, 14.5], "texture": "#1"},
				"east": {"uv": [1.5, 14, 2, 14.5], "texture": "#1"},
				"south": {"uv": [1.5, 14, 2, 14.5], "texture": "#1"},
				"west": {"uv": [1.5, 14, 2, 14.5], "texture": "#1"},
				"up": {"uv": [1.5, 14, 2, 14.5], "texture": "#1"},
				"down": {"uv": [1.5, 14, 2, 14.5], "texture": "#1"}
			}
		},
		{
			"from": [24.98049, 1.01393, 7],
			"to": [25.98037, 2.01381, 7.99996],
			"rotation": {"angle": 0, "axis": "y", "origin": [-6.66608, 23.94641, 7.50002]},
			"faces": {
				"north": {"uv": [1.5, 14, 2, 14.5], "texture": "#1"},
				"east": {"uv": [1.5, 14, 2, 14.5], "texture": "#1"},
				"south": {"uv": [1.5, 14, 2, 14.5], "texture": "#1"},
				"west": {"uv": [1.5, 14, 2, 14.5], "texture": "#1"},
				"up": {"uv": [1.5, 14, 2, 14.5], "texture": "#1"},
				"down": {"uv": [1.5, 14, 2, 14.5], "texture": "#1"}
			}
		},
		{
			"from": [22.98049, 3.01393, 7],
			"to": [23.98037, 4.01381, 7.99996],
			"rotation": {"angle": 0, "axis": "y", "origin": [-6.66608, 23.94641, 7.50002]},
			"faces": {
				"north": {"uv": [1.5, 14, 2, 14.5], "texture": "#1"},
				"east": {"uv": [1.5, 14, 2, 14.5], "texture": "#1"},
				"south": {"uv": [1.5, 14, 2, 14.5], "texture": "#1"},
				"west": {"uv": [1.5, 14, 2, 14.5], "texture": "#1"},
				"up": {"uv": [1.5, 14, 2, 14.5], "texture": "#1"},
				"down": {"uv": [1.5, 14, 2, 14.5], "texture": "#1"}
			}
		},
		{
			"from": [21.98049, 2.01393, 7],
			"to": [22.98037, 3.01381, 7.99996],
			"rotation": {"angle": 0, "axis": "y", "origin": [-6.66608, 23.94641, 7.50002]},
			"faces": {
				"north": {"uv": [1.5, 14, 2, 14.5], "texture": "#1"},
				"east": {"uv": [1.5, 14, 2, 14.5], "texture": "#1"},
				"south": {"uv": [1.5, 14, 2, 14.5], "texture": "#1"},
				"west": {"uv": [1.5, 14, 2, 14.5], "texture": "#1"},
				"up": {"uv": [1.5, 14, 2, 14.5], "texture": "#1"},
				"down": {"uv": [1.5, 14, 2, 14.5], "texture": "#1"}
			}
		},
		{
			"from": [23.98049, 0.01393, 7],
			"to": [24.98037, 1.01381, 7.99996],
			"rotation": {"angle": 0, "axis": "y", "origin": [-6.66608, 23.94641, 7.50002]},
			"faces": {
				"north": {"uv": [1.5, 14, 2, 14.5], "texture": "#1"},
				"east": {"uv": [1.5, 14, 2, 14.5], "texture": "#1"},
				"south": {"uv": [1.5, 14, 2, 14.5], "texture": "#1"},
				"west": {"uv": [1.5, 14, 2, 14.5], "texture": "#1"},
				"up": {"uv": [1.5, 14, 2, 14.5], "texture": "#1"},
				"down": {"uv": [1.5, 14, 2, 14.5], "texture": "#1"}
			}
		},
		{
			"from": [25.98049, -1.98607, 7],
			"to": [26.98037, -0.98619, 7.99996],
			"rotation": {"angle": 0, "axis": "y", "origin": [-6.66608, 23.94641, 7.50002]},
			"faces": {
				"north": {"uv": [1.5, 14, 2, 14.5], "texture": "#1"},
				"east": {"uv": [1.5, 14, 2, 14.5], "texture": "#1"},
				"south": {"uv": [1.5, 14, 2, 14.5], "texture": "#1"},
				"west": {"uv": [1.5, 14, 2, 14.5], "texture": "#1"},
				"up": {"uv": [1.5, 14, 2, 14.5], "texture": "#1"},
				"down": {"uv": [1.5, 14, 2, 14.5], "texture": "#1"}
			}
		},
		{
			"from": [24.98049, -0.98607, 7],
			"to": [26.98037, 1.01381, 7.99996],
			"rotation": {"angle": 0, "axis": "y", "origin": [-6.66608, 23.94641, 7.50002]},
			"faces": {
				"north": {"uv": [2, 13.5, 3, 14.5], "texture": "#1"},
				"east": {"uv": [1, 14.5, 1.5, 15.5], "texture": "#1"},
				"south": {"uv": [3, 13.5, 2, 14.5], "texture": "#1"},
				"west": {"uv": [1, 14.5, 1.5, 15.5], "texture": "#1"},
				"up": {"uv": [2, 13.5, 3, 14], "texture": "#1"},
				"down": {"uv": [1, 14.5, 2, 15], "texture": "#1"}
			}
		},
		{
			"from": [22.98049, 1.01393, 7],
			"to": [24.98037, 3.01381, 7.99996],
			"rotation": {"angle": 0, "axis": "y", "origin": [-6.66608, 23.94641, 7.50002]},
			"faces": {
				"north": {"uv": [2, 13.5, 3, 14.5], "texture": "#1"},
				"east": {"uv": [1, 14.5, 1.5, 15.5], "texture": "#1"},
				"south": {"uv": [3, 13.5, 2, 14.5], "texture": "#1"},
				"west": {"uv": [1, 14.5, 1.5, 15.5], "texture": "#1"},
				"up": {"uv": [2, 13.5, 3, 14], "texture": "#1"},
				"down": {"uv": [1, 14.5, 2, 15], "texture": "#1"}
			}
		},
		{
			"from": [20.98049, 3.01393, 7],
			"to": [22.98037, 5.01381, 7.99996],
			"rotation": {"angle": 0, "axis": "y", "origin": [-6.66608, 23.94641, 7.50002]},
			"faces": {
				"north": {"uv": [2, 13.5, 3, 14.5], "texture": "#1"},
				"east": {"uv": [1, 14.5, 1.5, 15.5], "texture": "#1"},
				"south": {"uv": [3, 13.5, 2, 14.5], "texture": "#1"},
				"west": {"uv": [1, 14.5, 1.5, 15.5], "texture": "#1"},
				"up": {"uv": [2, 13.5, 3, 14], "texture": "#1"},
				"down": {"uv": [1, 14.5, 2, 15], "texture": "#1"}
			}
		},
		{
			"from": [20.98049, 5.01393, 7],
			"to": [21.98037, 6.01381, 7.99996],
			"rotation": {"angle": 0, "axis": "y", "origin": [-6.66608, 23.94641, 7.50002]},
			"faces": {
				"north": {"uv": [1.5, 14, 2, 14.5], "texture": "#1"},
				"east": {"uv": [1.5, 14, 2, 14.5], "texture": "#1"},
				"south": {"uv": [1.5, 14, 2, 14.5], "texture": "#1"},
				"west": {"uv": [1.5, 14, 2, 14.5], "texture": "#1"},
				"up": {"uv": [1.5, 14, 2, 14.5], "texture": "#1"},
				"down": {"uv": [1.5, 14, 2, 14.5], "texture": "#1"}
			}
		},
		{
			"from": [19.98049, 4.01393, 7],
			"to": [20.98037, 5.01381, 7.99996],
			"rotation": {"angle": 0, "axis": "y", "origin": [-6.66608, 23.94641, 7.50002]},
			"faces": {
				"north": {"uv": [1.5, 14, 2, 14.5], "texture": "#1"},
				"east": {"uv": [1.5, 14, 2, 14.5], "texture": "#1"},
				"south": {"uv": [1.5, 14, 2, 14.5], "texture": "#1"},
				"west": {"uv": [1.5, 14, 2, 14.5], "texture": "#1"},
				"up": {"uv": [1.5, 14, 2, 14.5], "texture": "#1"},
				"down": {"uv": [1.5, 14, 2, 14.5], "texture": "#1"}
			}
		},
		{
			"from": [18.98049, 5.01393, 7],
			"to": [20.98037, 7.01381, 7.99996],
			"rotation": {"angle": 0, "axis": "y", "origin": [-6.66608, 23.94641, 7.50002]},
			"faces": {
				"north": {"uv": [2, 13.5, 3, 14.5], "texture": "#1"},
				"east": {"uv": [1, 14.5, 1.5, 15.5], "texture": "#1"},
				"south": {"uv": [3, 13.5, 2, 14.5], "texture": "#1"},
				"west": {"uv": [1, 14.5, 1.5, 15.5], "texture": "#1"},
				"up": {"uv": [2, 13.5, 3, 14], "texture": "#1"},
				"down": {"uv": [1, 14.5, 2, 15], "texture": "#1"}
			}
		},
		{
			"from": [18.98049, 7.01393, 7],
			"to": [19.98037, 8.01381, 7.99996],
			"rotation": {"angle": 0, "axis": "y", "origin": [-6.66608, 23.94641, 7.50002]},
			"faces": {
				"north": {"uv": [1.5, 14, 2, 14.5], "texture": "#1"},
				"east": {"uv": [1.5, 14, 2, 14.5], "texture": "#1"},
				"south": {"uv": [1.5, 14, 2, 14.5], "texture": "#1"},
				"west": {"uv": [1.5, 14, 2, 14.5], "texture": "#1"},
				"up": {"uv": [1.5, 14, 2, 14.5], "texture": "#1"},
				"down": {"uv": [1.5, 14, 2, 14.5], "texture": "#1"}
			}
		},
		{
			"from": [17.98049, 6.01393, 7],
			"to": [18.98037, 7.01381, 7.99996],
			"rotation": {"angle": 0, "axis": "y", "origin": [-6.66608, 23.94641, 7.50002]},
			"faces": {
				"north": {"uv": [1.5, 14, 2, 14.5], "texture": "#1"},
				"east": {"uv": [1.5, 14, 2, 14.5], "texture": "#1"},
				"south": {"uv": [1.5, 14, 2, 14.5], "texture": "#1"},
				"west": {"uv": [1.5, 14, 2, 14.5], "texture": "#1"},
				"up": {"uv": [1.5, 14, 2, 14.5], "texture": "#1"},
				"down": {"uv": [1.5, 14, 2, 14.5], "texture": "#1"}
			}
		},
		{
			"from": [16.98049, 7.01393, 7],
			"to": [18.98037, 9.01381, 7.99996],
			"rotation": {"angle": 0, "axis": "y", "origin": [-6.66608, 23.94641, 7.50002]},
			"faces": {
				"north": {"uv": [6.5, 9, 7.5, 10], "texture": "#1"},
				"east": {"uv": [1, 14.5, 1.5, 15.5], "texture": "#1"},
				"south": {"uv": [3, 13.5, 2, 14.5], "texture": "#1"},
				"west": {"uv": [1, 14.5, 1.5, 15.5], "texture": "#1"},
				"up": {"uv": [2, 13.5, 3, 14], "texture": "#1"},
				"down": {"uv": [1, 14.5, 2, 15], "texture": "#1"}
			}
		},
		{
			"from": [10.98049, 18.01393, 7],
			"to": [14.98049, 21.01393, 7.99996],
			"rotation": {"angle": 0, "axis": "z", "origin": [0.98049, 15.56393, 7.49998]},
			"faces": {
				"north": {"uv": [3, 1, 5, 2.5], "texture": "#1"},
				"east": {"uv": [3, 1, 5, 2.5], "texture": "#1"},
				"south": {"uv": [5, 1, 3, 2.5], "texture": "#1"},
				"west": {"uv": [3, 1, 5, 2.5], "texture": "#1"},
				"up": {"uv": [3, 1, 5, 1.5], "texture": "#1"}
			}
		},
		{
			"from": [9.98049, 19.01393, 7],
			"to": [10.98049, 20.01393, 7.99996],
			"rotation": {"angle": 0, "axis": "z", "origin": [0.98049, 15.56393, 7.49998]},
			"faces": {
				"north": {"uv": [2.5, 2, 2, 2.5], "texture": "#1"},
				"south": {"uv": [2.5, 2, 2, 2.5], "texture": "#1"},
				"west": {"uv": [2.5, 2, 2, 2.5], "texture": "#1"},
				"up": {"uv": [2.5, 2, 2, 2.5], "texture": "#1"}
			}
		},
		{
			"from": [14.98049, 18.01393, 7],
			"to": [16.98049, 19.01393, 7.99996],
			"rotation": {"angle": 0, "axis": "z", "origin": [0.98049, 15.56393, 7.49998]},
			"faces": {
				"north": {"uv": [2, 2, 3, 2.5], "texture": "#1"},
				"east": {"uv": [2, 2, 2.5, 2.5], "texture": "#1"},
				"south": {"uv": [3, 2, 2, 2.5], "texture": "#1"},
				"up": {"uv": [2, 2, 2.5, 2.5], "texture": "#1"}
			}
		},
		{
			"from": [14.98049, 19.01393, 7],
			"to": [15.98049, 20.01393, 7.99996],
			"rotation": {"angle": 0, "axis": "z", "origin": [0.98049, 15.56393, 7.49998]},
			"faces": {
				"north": {"uv": [2.5, 2, 2, 2.5], "texture": "#1"},
				"east": {"uv": [2.5, 2, 2, 2.5], "texture": "#1"},
				"south": {"uv": [2.5, 2, 2, 2.5], "texture": "#1"},
				"up": {"uv": [2.5, 2, 2, 2.5], "texture": "#1"}
			}
		},
		{
			"from": [7.98049, 10.01393, 7],
			"to": [17.98049, 18.01393, 7.99996],
			"rotation": {"angle": 0, "axis": "z", "origin": [0.98049, 15.56393, 7.49998]},
			"faces": {
				"north": {"uv": [1.5, 2.5, 6.5, 6.5], "texture": "#1"},
				"east": {"uv": [1.5, 2.5, 2, 6.5], "texture": "#1"},
				"south": {"uv": [6.5, 2.5, 1.5, 6.5], "texture": "#1"},
				"west": {"uv": [6, 2.5, 6.5, 6.5], "texture": "#1"},
				"up": {"uv": [1.5, 2.5, 6.5, 3], "texture": "#1"},
				"down": {"uv": [1.5, 2.5, 6.5, 3], "texture": "#1"}
			}
		},
		{
			"from": [9.98049, 8.01393, 7],
			"to": [15.98049, 9.01393, 7.99996],
			"rotation": {"angle": 0, "axis": "z", "origin": [0.98049, 15.56393, 7.49998]},
			"faces": {
				"north": {"uv": [2, 6.5, 2.5, 7], "texture": "#1"},
				"east": {"uv": [2, 6.5, 2.5, 7], "texture": "#1"},
				"south": {"uv": [2, 6.5, 2.5, 7], "texture": "#1"},
				"west": {"uv": [2, 6.5, 2.5, 7], "texture": "#1"},
				"down": {"uv": [2, 6.5, 2.5, 7], "texture": "#1"}
			}
		},
		{
			"from": [8.98049, 9.01393, 7],
			"to": [16.98049, 10.01393, 7.99996],
			"rotation": {"angle": 0, "axis": "z", "origin": [0.98049, 15.56393, 7.49998]},
			"faces": {
				"north": {"uv": [2, 6.5, 6, 7], "texture": "#1"},
				"east": {"uv": [2, 6.5, 2.5, 7], "texture": "#1"},
				"south": {"uv": [6, 6.5, 2, 7], "texture": "#1"},
				"west": {"uv": [2, 6.5, 2.5, 7], "texture": "#1"},
				"down": {"uv": [2, 6.5, 6, 7], "texture": "#1"}
			}
		},
		{
			"from": [6.98049, 12.01393, 7],
			"to": [7.98049, 16.01393, 7.99996],
			"rotation": {"angle": 0, "axis": "z", "origin": [0.98049, 15.56393, 7.49998]},
			"faces": {
				"north": {"uv": [6.5, 4, 7, 5.5], "texture": "#1"},
				"south": {"uv": [6.5, 4, 7, 5.5], "texture": "#1"},
				"west": {"uv": [6.5, 4, 7, 5.5], "texture": "#1"},
				"up": {"uv": [6.5, 4, 7, 5.5], "texture": "#1"},
				"down": {"uv": [6.5, 4, 7, 5.5], "texture": "#1"}
			}
		},
		{
			"from": [17.98049, 12.01393, 7],
			"to": [18.98049, 16.01393, 7.99996],
			"rotation": {"angle": 0, "axis": "z", "origin": [0.98049, 15.56393, 7.49998]},
			"faces": {
				"north": {"uv": [1, 4, 1.5, 5.5], "texture": "#1"},
				"east": {"uv": [1, 4, 1.5, 5.5], "texture": "#1"},
				"south": {"uv": [1, 4, 1.5, 5.5], "texture": "#1"},
				"up": {"uv": [1, 4, 1.5, 5.5], "texture": "#1"},
				"down": {"uv": [1, 4, 1.5, 5.5], "texture": "#1"}
			}
		},
		{
			"from": [8.98049, 18.01393, 7],
			"to": [10.98049, 19.01393, 7.99996],
			"rotation": {"angle": 0, "axis": "z", "origin": [0.98049, 15.56393, 7.49998]},
			"faces": {
				"north": {"uv": [3, 2, 2, 2.5], "texture": "#1"},
				"south": {"uv": [2, 2, 3, 2.5], "texture": "#1"},
				"west": {"uv": [2, 2, 2, 2.5], "texture": "#1"},
				"up": {"uv": [2, 2, 3, 2.5], "texture": "#1"}
			}
		},
		{
			"from": [1.98049, 27.01393, 7],
			"to": [5.98049, 30.01393, 7.99996],
			"rotation": {"angle": 0, "axis": "y", "origin": [-6.66608, 23.94641, 7.50002]},
			"faces": {
				"north": {"uv": [3, 1, 5, 2.5], "texture": "#1"},
				"east": {"uv": [3, 1, 5, 2.5], "texture": "#1"},
				"south": {"uv": [5, 1, 3, 2.5], "texture": "#1"},
				"west": {"uv": [3, 1, 5, 2.5], "texture": "#1"},
				"up": {"uv": [3, 1, 5, 1.5], "texture": "#1"}
			}
		},
		{
			"from": [0.98049, 28.01393, 7],
			"to": [1.98049, 29.01393, 7.99996],
			"rotation": {"angle": 0, "axis": "y", "origin": [-6.66608, 23.94641, 7.50002]},
			"faces": {
				"north": {"uv": [2.5, 2, 2, 2.5], "texture": "#1"},
				"south": {"uv": [2.5, 2, 2, 2.5], "texture": "#1"},
				"west": {"uv": [2.5, 2, 2, 2.5], "texture": "#1"},
				"up": {"uv": [2.5, 2, 2, 2.5], "texture": "#1"}
			}
		},
		{
			"from": [5.98049, 27.01393, 7],
			"to": [7.98049, 28.01393, 7.99996],
			"rotation": {"angle": 0, "axis": "y", "origin": [-6.66608, 23.94641, 7.50002]},
			"faces": {
				"north": {"uv": [2, 2, 3, 2.5], "texture": "#1"},
				"east": {"uv": [2, 2, 2.5, 2.5], "texture": "#1"},
				"south": {"uv": [3, 2, 2, 2.5], "texture": "#1"},
				"up": {"uv": [2, 2, 2.5, 2.5], "texture": "#1"}
			}
		},
		{
			"from": [5.98049, 28.01393, 7],
			"to": [6.98049, 29.01393, 7.99996],
			"rotation": {"angle": 0, "axis": "y", "origin": [-6.66608, 23.94641, 7.50002]},
			"faces": {
				"north": {"uv": [2.5, 2, 2, 2.5], "texture": "#1"},
				"east": {"uv": [2.5, 2, 2, 2.5], "texture": "#1"},
				"south": {"uv": [2.5, 2, 2, 2.5], "texture": "#1"},
				"up": {"uv": [2.5, 2, 2, 2.5], "texture": "#1"}
			}
		},
		{
			"from": [-1.01951, 19.01393, 7],
			"to": [8.98049, 27.01393, 7.99996],
			"rotation": {"angle": 0, "axis": "y", "origin": [-6.66608, 23.94641, 7.50002]},
			"faces": {
				"north": {"uv": [1.5, 2.5, 6.5, 6.5], "texture": "#1"},
				"east": {"uv": [1.5, 2.5, 2, 6.5], "texture": "#1"},
				"south": {"uv": [6.5, 2.5, 1.5, 6.5], "texture": "#1"},
				"west": {"uv": [6, 2.5, 6.5, 6.5], "texture": "#1"},
				"up": {"uv": [1.5, 2.5, 6.5, 3], "texture": "#1"},
				"down": {"uv": [3, 1, 5, 1.5], "texture": "#1"}
			}
		},
		{
			"from": [0.98049, 17.01393, 7],
			"to": [6.98049, 18.01393, 7.99996],
			"rotation": {"angle": 0, "axis": "y", "origin": [-6.66608, 23.94641, 7.50002]},
			"faces": {
				"north": {"uv": [2, 6.5, 2.5, 7], "texture": "#1"},
				"east": {"uv": [2, 6.5, 2.5, 7], "texture": "#1"},
				"south": {"uv": [2, 6.5, 2.5, 7], "texture": "#1"},
				"west": {"uv": [2, 6.5, 2.5, 7], "texture": "#1"},
				"down": {"uv": [3, 1, 5, 1.5], "texture": "#1"}
			}
		},
		{
			"from": [-0.01951, 18.01393, 7],
			"to": [7.98049, 19.01393, 7.99996],
			"rotation": {"angle": 0, "axis": "y", "origin": [-6.66608, 23.94641, 7.50002]},
			"faces": {
				"north": {"uv": [2, 6.5, 6, 7], "texture": "#1"},
				"east": {"uv": [2, 6.5, 2.5, 7], "texture": "#1"},
				"south": {"uv": [6, 6.5, 2, 7], "texture": "#1"},
				"west": {"uv": [2, 6.5, 2.5, 7], "texture": "#1"},
				"down": {"uv": [3, 1, 5, 1.5], "texture": "#1"}
			}
		},
		{
			"from": [-2.01951, 21.01393, 7],
			"to": [-1.01951, 25.01393, 7.99996],
			"rotation": {"angle": 0, "axis": "y", "origin": [-6.66608, 23.94641, 7.50002]},
			"faces": {
				"north": {"uv": [6.5, 4, 7, 5.5], "texture": "#1"},
				"south": {"uv": [6.5, 4, 7, 5.5], "texture": "#1"},
				"west": {"uv": [6.5, 4, 7, 5.5], "texture": "#1"},
				"up": {"uv": [6.5, 4, 7, 5.5], "texture": "#1"},
				"down": {"uv": [3, 1, 5, 1.5], "texture": "#1"}
			}
		},
		{
			"from": [8.98049, 21.01393, 7],
			"to": [9.98049, 25.01393, 7.99996],
			"rotation": {"angle": 0, "axis": "y", "origin": [-6.66608, 23.94641, 7.50002]},
			"faces": {
				"north": {"uv": [1, 4, 1.5, 5.5], "texture": "#1"},
				"east": {"uv": [1, 4, 1.5, 5.5], "texture": "#1"},
				"south": {"uv": [1, 4, 1.5, 5.5], "texture": "#1"},
				"up": {"uv": [1, 4, 1.5, 5.5], "texture": "#1"},
				"down": {"uv": [3, 1, 5, 1.5], "texture": "#1"}
			}
		},
		{
			"from": [-0.01951, 27.01393, 7],
			"to": [1.98049, 28.01393, 7.99996],
			"rotation": {"angle": 0, "axis": "y", "origin": [-6.66608, 23.94641, 7.50002]},
			"faces": {
				"north": {"uv": [3, 2, 2, 2.5], "texture": "#1"},
				"south": {"uv": [2, 2, 3, 2.5], "texture": "#1"},
				"west": {"uv": [2, 2, 2, 2.5], "texture": "#1"},
				"up": {"uv": [2, 2, 3, 2.5], "texture": "#1"}
			}
		}
	],
	"display": {
		"thirdperson_righthand": {
			"rotation": [52, -90, 0],
			"translation": [0.25, 6, -2.5],
			"scale": [0.5, 0.5, 0.5]
		},
		"thirdperson_lefthand": {
			"rotation": [52, 90, 0],
			"translation": [1, 6, -2.5],
			"scale": [0.5, 0.5, 0.5]
		},
		"firstperson_righthand": {
			"rotation": [57, -94, 30],
			"translation": [3.25, 4.25, -5.75],
			"scale": [0.5, 0.5, 0.5]
		},
		"firstperson_lefthand": {
			"rotation": [-14, 102, 43],
			"translation": [3.25, 4.75, -6.25],
			"scale": [0.5, 0.5, 0.5]
		},
		"ground": {
			"translation": [0, 4.5, 0]
		},
		"gui": {
			"rotation": [0, -180, 0],
			"translation": [1.25, -2.75, 0],
			"scale": [0.4, 0.4, 0.4]
		}
	},
	"groups": [0, 1, 2, 3, 4, 5, 6, 7, 8, 9, 10, 11, 12, 13, 14, 15,
		{
			"name": "diamond",
			"origin": [-6.66608, 23.94641, 7.50002],
			"color": 0,
			"children": [16, 17, 18, 19, 20, 21, 22, 23, 24, 25]
		},
		{
			"name": "diamond",
			"origin": [-6.66608, 23.94641, 7.50002],
			"color": 0,
			"children": [26, 27, 28, 29, 30, 31, 32, 33, 34, 35]
		}
	]
}