{
	"credit": "Made with Blockbench",
        "gui_light": "front",
	"textures": {
		"1": "./diamond_stick",
		"2": "./netherite",
		"3": "./smithing_table",
		"particle": "./netherite"
	},
	"elements": [
		{
			"from": [26.98049, -2.98607, 7],
			"to": [28.98037, -0.98619, 7.99996],
			"rotation": {"angle": 0, "axis": "y", "origin": [-6.66608, 23.94641, 7.50002]},
			"faces": {
				"north": {"uv": [1, 14.5, 2, 15.5], "texture": "#1"},
				"east": {"uv": [1, 14.5, 1.5, 15.5], "texture": "#1"},
				"south": {"uv": [1, 14.5, 2, 15.5], "texture": "#1"},
				"west": {"uv": [1, 14.5, 1.5, 15.5], "texture": "#1"},
				"up": {"uv": [1, 14.5, 2, 15], "texture": "#1"},
				"down": {"uv": [1, 14.5, 2, 15], "texture": "#1"}
			}
		},
		{
			"from": [-2.01951, -2.98607, 4],
			"to": [5.98049, 5.01393, 12],
			"rotation": {"angle": 0, "axis": "y", "origin": [-6.66608, 23.94641, 7.50002]},
			"faces": {
				"north": {"uv": [0, 8, 8, 16], "texture": "#3"},
				"east": {"uv": [0, 0, 8, 8], "texture": "#3"},
				"south": {"uv": [0, 8, 8, 16], "texture": "#3"},
				"west": {"uv": [0, 0, 8, 8], "texture": "#3"},
				"up": {"uv": [8, 0, 16, 8], "texture": "#3"},
				"down": {"uv": [8, 8, 16, 16], "texture": "#3"}
			}
		},
		{
			"from": [26.98049, -0.98607, 7],
			"to": [27.98037, 0.01381, 7.99996],
			"rotation": {"angle": 0, "axis": "y", "origin": [-6.66608, 23.94641, 7.50002]},
			"faces": {
				"north": {"uv": [1.5, 14, 2, 14.5], "texture": "#1"},
				"east": {"uv": [1.5, 14, 2, 14.5], "texture": "#1"},
				"south": {"uv": [1.5, 14, 2, 14.5], "texture": "#1"},
				"west": {"uv": [1.5, 14, 2, 14.5], "texture": "#1"},
				"up": {"uv": [1.5, 14, 2, 14.5], "texture": "#1"},
				"down": {"uv": [1.5, 14, 2, 14.5], "texture": "#1"}
			}
		},
		{
			"from": [24.98049, 1.01393, 7],
			"to": [25.98037, 2.01381, 7.99996],
			"rotation": {"angle": 0, "axis": "y", "origin": [-6.66608, 23.94641, 7.50002]},
			"faces": {
				"north": {"uv": [1.5, 14, 2, 14.5], "texture": "#1"},
				"east": {"uv": [1.5, 14, 2, 14.5], "texture": "#1"},
				"south": {"uv": [1.5, 14, 2, 14.5], "texture": "#1"},
				"west": {"uv": [1.5, 14, 2, 14.5], "texture": "#1"},
				"up": {"uv": [1.5, 14, 2, 14.5], "texture": "#1"},
				"down": {"uv": [1.5, 14, 2, 14.5], "texture": "#1"}
			}
		},
		{
			"from": [22.98049, 3.01393, 7],
			"to": [23.98037, 4.01381, 7.99996],
			"rotation": {"angle": 0, "axis": "y", "origin": [-6.66608, 23.94641, 7.50002]},
			"faces": {
				"north": {"uv": [1.5, 14, 2, 14.5], "texture": "#1"},
				"east": {"uv": [1.5, 14, 2, 14.5], "texture": "#1"},
				"south": {"uv": [1.5, 14, 2, 14.5], "texture": "#1"},
				"west": {"uv": [1.5, 14, 2, 14.5], "texture": "#1"},
				"up": {"uv": [1.5, 14, 2, 14.5], "texture": "#1"},
				"down": {"uv": [1.5, 14, 2, 14.5], "texture": "#1"}
			}
		},
		{
			"from": [21.98049, 2.01393, 7],
			"to": [22.98037, 3.01381, 7.99996],
			"rotation": {"angle": 0, "axis": "y", "origin": [-6.66608, 23.94641, 7.50002]},
			"faces": {
				"north": {"uv": [1.5, 14, 2, 14.5], "texture": "#1"},
				"east": {"uv": [1.5, 14, 2, 14.5], "texture": "#1"},
				"south": {"uv": [1.5, 14, 2, 14.5], "texture": "#1"},
				"west": {"uv": [1.5, 14, 2, 14.5], "texture": "#1"},
				"up": {"uv": [1.5, 14, 2, 14.5], "texture": "#1"},
				"down": {"uv": [1.5, 14, 2, 14.5], "texture": "#1"}
			}
		},
		{
			"from": [11.98049, -0.98607, 7],
			"to": [12.98037, 6.01381, 7.99996],
			"rotation": {"angle": 0, "axis": "y", "origin": [-6.66608, 23.94641, 7.50002]},
			"faces": {
				"north": {"uv": [1.5, 4, 2, 4.5], "texture": "#1"},
				"east": {"uv": [1.5, 4, 2, 4.5], "texture": "#1"},
				"south": {"uv": [1.5, 4, 2, 4.5], "texture": "#1"},
				"west": {"uv": [1.5, 4, 2, 4.5], "texture": "#1"},
				"up": {"uv": [1.5, 4, 2, 4.5], "texture": "#1"},
				"down": {"uv": [1.5, 4, 2, 4.5], "texture": "#1"}
			}
		},
		{
			"from": [12.98049, 2.01393, 7],
			"to": [15.98037, 3.01381, 7.99996],
			"rotation": {"angle": 0, "axis": "y", "origin": [-6.66608, 23.94641, 7.50002]},
			"faces": {
				"north": {"uv": [1.5, 4, 2, 4.5], "texture": "#1"},
				"east": {"uv": [1.5, 4, 2, 4.5], "texture": "#1"},
				"south": {"uv": [1.5, 4, 2, 4.5], "texture": "#1"},
				"west": {"uv": [1.5, 4, 2, 4.5], "texture": "#1"},
				"up": {"uv": [1.5, 4, 2, 4.5], "texture": "#1"},
				"down": {"uv": [1.5, 4, 2, 4.5], "texture": "#1"}
			}
		},
		{
			"from": [8.98049, 2.01393, 7],
			"to": [11.98037, 3.01381, 7.99996],
			"rotation": {"angle": 0, "axis": "y", "origin": [-6.66608, 23.94641, 7.50002]},
			"faces": {
				"north": {"uv": [1.5, 4, 2, 4.5], "texture": "#1"},
				"east": {"uv": [1.5, 4, 2, 4.5], "texture": "#1"},
				"south": {"uv": [1.5, 4, 2, 4.5], "texture": "#1"},
				"west": {"uv": [1.5, 4, 2, 4.5], "texture": "#1"},
				"up": {"uv": [1.5, 4, 2, 4.5], "texture": "#1"},
				"down": {"uv": [1.5, 4, 2, 4.5], "texture": "#1"}
			}
		},
		{
			"from": [23.98049, 0.01393, 7],
			"to": [24.98037, 1.01381, 7.99996],
			"rotation": {"angle": 0, "axis": "y", "origin": [-6.66608, 23.94641, 7.50002]},
			"faces": {
				"north": {"uv": [1.5, 14, 2, 14.5], "texture": "#1"},
				"east": {"uv": [1.5, 14, 2, 14.5], "texture": "#1"},
				"south": {"uv": [1.5, 14, 2, 14.5], "texture": "#1"},
				"west": {"uv": [1.5, 14, 2, 14.5], "texture": "#1"},
				"up": {"uv": [1.5, 14, 2, 14.5], "texture": "#1"},
				"down": {"uv": [1.5, 14, 2, 14.5], "texture": "#1"}
			}
		},
		{
			"from": [25.98049, -1.98607, 7],
			"to": [26.98037, -0.98619, 7.99996],
			"rotation": {"angle": 0, "axis": "y", "origin": [-6.66608, 23.94641, 7.50002]},
			"faces": {
				"north": {"uv": [1.5, 14, 2, 14.5], "texture": "#1"},
				"east": {"uv": [1.5, 14, 2, 14.5], "texture": "#1"},
				"south": {"uv": [1.5, 14, 2, 14.5], "texture": "#1"},
				"west": {"uv": [1.5, 14, 2, 14.5], "texture": "#1"},
				"up": {"uv": [1.5, 14, 2, 14.5], "texture": "#1"},
				"down": {"uv": [1.5, 14, 2, 14.5], "texture": "#1"}
			}
		},
		{
			"from": [24.98049, -0.98607, 7],
			"to": [26.98037, 1.01381, 7.99996],
			"rotation": {"angle": 0, "axis": "y", "origin": [-6.66608, 23.94641, 7.50002]},
			"faces": {
				"north": {"uv": [2, 13.5, 3, 14.5], "texture": "#1"},
				"east": {"uv": [1, 14.5, 1.5, 15.5], "texture": "#1"},
				"south": {"uv": [3, 13.5, 2, 14.5], "texture": "#1"},
				"west": {"uv": [1, 14.5, 1.5, 15.5], "texture": "#1"},
				"up": {"uv": [2, 13.5, 3, 14], "texture": "#1"},
				"down": {"uv": [1, 14.5, 2, 15], "texture": "#1"}
			}
		},
		{
			"from": [22.98049, 1.01393, 7],
			"to": [24.98037, 3.01381, 7.99996],
			"rotation": {"angle": 0, "axis": "y", "origin": [-6.66608, 23.94641, 7.50002]},
			"faces": {
				"north": {"uv": [2, 13.5, 3, 14.5], "texture": "#1"},
				"east": {"uv": [1, 14.5, 1.5, 15.5], "texture": "#1"},
				"south": {"uv": [3, 13.5, 2, 14.5], "texture": "#1"},
				"west": {"uv": [1, 14.5, 1.5, 15.5], "texture": "#1"},
				"up": {"uv": [2, 13.5, 3, 14], "texture": "#1"},
				"down": {"uv": [1, 14.5, 2, 15], "texture": "#1"}
			}
		},
		{
			"from": [20.98049, 3.01393, 7],
			"to": [22.98037, 5.01381, 7.99996],
			"rotation": {"angle": 0, "axis": "y", "origin": [-6.66608, 23.94641, 7.50002]},
			"faces": {
				"north": {"uv": [2, 13.5, 3, 14.5], "texture": "#1"},
				"east": {"uv": [1, 14.5, 1.5, 15.5], "texture": "#1"},
				"south": {"uv": [3, 13.5, 2, 14.5], "texture": "#1"},
				"west": {"uv": [1, 14.5, 1.5, 15.5], "texture": "#1"},
				"up": {"uv": [2, 13.5, 3, 14], "texture": "#1"},
				"down": {"uv": [1, 14.5, 2, 15], "texture": "#1"}
			}
		},
		{
			"from": [20.98049, 5.01393, 7],
			"to": [21.98037, 6.01381, 7.99996],
			"rotation": {"angle": 0, "axis": "y", "origin": [-6.66608, 23.94641, 7.50002]},
			"faces": {
				"north": {"uv": [1.5, 14, 2, 14.5], "texture": "#1"},
				"east": {"uv": [1.5, 14, 2, 14.5], "texture": "#1"},
				"south": {"uv": [1.5, 14, 2, 14.5], "texture": "#1"},
				"west": {"uv": [1.5, 14, 2, 14.5], "texture": "#1"},
				"up": {"uv": [1.5, 14, 2, 14.5], "texture": "#1"},
				"down": {"uv": [1.5, 14, 2, 14.5], "texture": "#1"}
			}
		},
		{
			"from": [19.98049, 4.01393, 7],
			"to": [20.98037, 5.01381, 7.99996],
			"rotation": {"angle": 0, "axis": "y", "origin": [-6.66608, 23.94641, 7.50002]},
			"faces": {
				"north": {"uv": [1.5, 14, 2, 14.5], "texture": "#1"},
				"east": {"uv": [1.5, 14, 2, 14.5], "texture": "#1"},
				"south": {"uv": [1.5, 14, 2, 14.5], "texture": "#1"},
				"west": {"uv": [1.5, 14, 2, 14.5], "texture": "#1"},
				"up": {"uv": [1.5, 14, 2, 14.5], "texture": "#1"},
				"down": {"uv": [1.5, 14, 2, 14.5], "texture": "#1"}
			}
		},
		{
			"from": [18.98049, 5.01393, 7],
			"to": [20.98037, 7.01381, 7.99996],
			"rotation": {"angle": 0, "axis": "y", "origin": [-6.66608, 23.94641, 7.50002]},
			"faces": {
				"north": {"uv": [2, 13.5, 3, 14.5], "texture": "#1"},
				"east": {"uv": [1, 14.5, 1.5, 15.5], "texture": "#1"},
				"south": {"uv": [3, 13.5, 2, 14.5], "texture": "#1"},
				"west": {"uv": [1, 14.5, 1.5, 15.5], "texture": "#1"},
				"up": {"uv": [2, 13.5, 3, 14], "texture": "#1"},
				"down": {"uv": [1, 14.5, 2, 15], "texture": "#1"}
			}
		},
		{
			"from": [18.98049, 7.01393, 7],
			"to": [19.98037, 8.01381, 7.99996],
			"rotation": {"angle": 0, "axis": "y", "origin": [-6.66608, 23.94641, 7.50002]},
			"faces": {
				"north": {"uv": [1.5, 14, 2, 14.5], "texture": "#1"},
				"east": {"uv": [1.5, 14, 2, 14.5], "texture": "#1"},
				"south": {"uv": [1.5, 14, 2, 14.5], "texture": "#1"},
				"west": {"uv": [1.5, 14, 2, 14.5], "texture": "#1"},
				"up": {"uv": [1.5, 14, 2, 14.5], "texture": "#1"},
				"down": {"uv": [1.5, 14, 2, 14.5], "texture": "#1"}
			}
		},
		{
			"from": [17.98049, 6.01393, 7],
			"to": [18.98037, 7.01381, 7.99996],
			"rotation": {"angle": 0, "axis": "y", "origin": [-6.66608, 23.94641, 7.50002]},
			"faces": {
				"north": {"uv": [1.5, 14, 2, 14.5], "texture": "#1"},
				"east": {"uv": [1.5, 14, 2, 14.5], "texture": "#1"},
				"south": {"uv": [1.5, 14, 2, 14.5], "texture": "#1"},
				"west": {"uv": [1.5, 14, 2, 14.5], "texture": "#1"},
				"up": {"uv": [1.5, 14, 2, 14.5], "texture": "#1"},
				"down": {"uv": [1.5, 14, 2, 14.5], "texture": "#1"}
			}
		},
		{
			"from": [16.98049, 7.01393, 7],
			"to": [18.98037, 9.01381, 7.99996],
			"rotation": {"angle": 0, "axis": "y", "origin": [-6.66608, 23.94641, 7.50002]},
			"faces": {
				"north": {"uv": [6.5, 9, 7.5, 10], "texture": "#1"},
				"east": {"uv": [1, 14.5, 1.5, 15.5], "texture": "#1"},
				"south": {"uv": [3, 13.5, 2, 14.5], "texture": "#1"},
				"west": {"uv": [1, 14.5, 1.5, 15.5], "texture": "#1"},
				"up": {"uv": [2, 13.5, 3, 14], "texture": "#1"},
				"down": {"uv": [1, 14.5, 2, 15], "texture": "#1"}
			}
		},
		{
			"from": [10.98049, 18.01393, 7],
			"to": [14.98049, 21.01393, 7.99996],
			"rotation": {"angle": 0, "axis": "z", "origin": [0.98049, 15.56393, 7.49998]},
			"faces": {
				"north": {"uv": [3, 1, 5, 2.5], "texture": "#1"},
				"east": {"uv": [3, 1, 5, 2.5], "texture": "#1"},
				"south": {"uv": [5, 1, 3, 2.5], "texture": "#1"},
				"west": {"uv": [3, 1, 5, 2.5], "texture": "#1"},
				"up": {"uv": [3, 1, 5, 1.5], "texture": "#1"}
			}
		},
		{
			"from": [9.98049, 19.01393, 7],
			"to": [10.98049, 20.01393, 7.99996],
			"rotation": {"angle": 0, "axis": "z", "origin": [0.98049, 15.56393, 7.49998]},
			"faces": {
				"north": {"uv": [2.5, 2, 2, 2.5], "texture": "#1"},
				"south": {"uv": [2.5, 2, 2, 2.5], "texture": "#1"},
				"west": {"uv": [2.5, 2, 2, 2.5], "texture": "#1"},
				"up": {"uv": [2.5, 2, 2, 2.5], "texture": "#1"}
			}
		},
		{
			"from": [14.98049, 18.01393, 7],
			"to": [16.98049, 19.01393, 7.99996],
			"rotation": {"angle": 0, "axis": "z", "origin": [0.98049, 15.56393, 7.49998]},
			"faces": {
				"north": {"uv": [2, 2, 3, 2.5], "texture": "#1"},
				"east": {"uv": [2, 2, 2.5, 2.5], "texture": "#1"},
				"south": {"uv": [3, 2, 2, 2.5], "texture": "#1"},
				"up": {"uv": [2, 2, 2.5, 2.5], "texture": "#1"}
			}
		},
		{
			"from": [14.98049, 19.01393, 7],
			"to": [15.98049, 20.01393, 7.99996],
			"rotation": {"angle": 0, "axis": "z", "origin": [0.98049, 15.56393, 7.49998]},
			"faces": {
				"north": {"uv": [2.5, 2, 2, 2.5], "texture": "#1"},
				"east": {"uv": [2.5, 2, 2, 2.5], "texture": "#1"},
				"south": {"uv": [2.5, 2, 2, 2.5], "texture": "#1"},
				"up": {"uv": [2.5, 2, 2, 2.5], "texture": "#1"}
			}
		},
		{
			"from": [7.98049, 10.01393, 7],
			"to": [17.98049, 18.01393, 7.99996],
			"rotation": {"angle": 0, "axis": "z", "origin": [0.98049, 15.56393, 7.49998]},
			"faces": {
				"north": {"uv": [1.5, 2.5, 6.5, 6.5], "texture": "#1"},
				"east": {"uv": [1.5, 2.5, 2, 6.5], "texture": "#1"},
				"south": {"uv": [6.5, 2.5, 1.5, 6.5], "texture": "#1"},
				"west": {"uv": [6, 2.5, 6.5, 6.5], "texture": "#1"},
				"up": {"uv": [1.5, 2.5, 6.5, 3], "texture": "#1"},
				"down": {"uv": [1.5, 2.5, 6.5, 3], "texture": "#1"}
			}
		},
		{
			"from": [9.98049, 8.01393, 7],
			"to": [15.98049, 9.01393, 7.99996],
			"rotation": {"angle": 0, "axis": "z", "origin": [0.98049, 15.56393, 7.49998]},
			"faces": {
				"north": {"uv": [2, 6.5, 2.5, 7], "texture": "#1"},
				"east": {"uv": [2, 6.5, 2.5, 7], "texture": "#1"},
				"south": {"uv": [2, 6.5, 2.5, 7], "texture": "#1"},
				"west": {"uv": [2, 6.5, 2.5, 7], "texture": "#1"},
				"down": {"uv": [2, 6.5, 2.5, 7], "texture": "#1"}
			}
		},
		{
			"from": [2.49024, 6.00697, 7.5],
			"to": [4.49025, 6.50697, 7.99998],
			"rotation": {"angle": 0, "axis": "z", "origin": [1.60136, 6.11808, 7.74999]},
			"faces": {
				"north": {"uv": [3, 13, 7, 14], "texture": "#2"},
				"east": {"uv": [3, 13, 4, 14], "texture": "#2"},
				"south": {"uv": [7, 13, 3, 14], "texture": "#2"},
				"west": {"uv": [6, 13, 7, 14], "texture": "#2"},
				"down": {"uv": [7, 13, 3, 14], "texture": "#2"}
			}
		},
		{
			"from": [0.99024, 6.50697, 7.5],
			"to": [4.99025, 7.00697, 7.99998],
			"rotation": {"angle": 0, "axis": "z", "origin": [1.60136, 6.11808, 7.74999]},
			"faces": {
				"north": {"uv": [2, 12, 10, 13], "texture": "#2"},
				"east": {"uv": [2, 12, 3, 13], "texture": "#2"},
				"south": {"uv": [10, 12, 2, 13], "texture": "#2"},
				"west": {"uv": [9, 12, 10, 13], "texture": "#2"},
				"down": {"uv": [10, 12, 2, 13], "texture": "#2"}
			}
		},
		{
			"from": [-0.50976, 7.00697, 7.5],
			"to": [5.49025, 7.50697, 7.99998],
			"rotation": {"angle": 0, "axis": "z", "origin": [1.60136, 6.11808, 7.74999]},
			"faces": {
				"north": {"uv": [1, 11, 13, 12], "texture": "#2"},
				"east": {"uv": [1, 11, 2, 12], "texture": "#2"},
				"south": {"uv": [13, 11, 1, 12], "texture": "#2"},
				"west": {"uv": [12, 11, 13, 12], "texture": "#2"},
				"down": {"uv": [13, 11, 1, 12], "texture": "#2"}
			}
		},
		{
			"from": [-1.50976, 7.50697, 7.5],
			"to": [5.99025, 10.00697, 7.99998],
			"rotation": {"angle": 0, "axis": "z", "origin": [1.60136, 6.11808, 7.74999]},
			"faces": {
				"north": {"uv": [0, 6, 15, 11], "texture": "#2"},
				"east": {"uv": [0, 6, 1, 11], "texture": "#2"},
				"south": {"uv": [15, 6, 0, 11], "texture": "#2"},
				"west": {"uv": [14, 6, 15, 11], "texture": "#2"},
				"up": {"uv": [15, 6, 0, 7], "texture": "#2"},
				"down": {"uv": [15, 10, 0, 11], "texture": "#2"}
			}
		},
		{
			"from": [-1.50976, 10.00697, 7.5],
			"to": [5.49025, 10.50697, 7.99998],
			"rotation": {"angle": 0, "axis": "z", "origin": [1.60136, 6.11808, 7.74999]},
			"faces": {
				"north": {"uv": [1, 5, 15, 6], "texture": "#2"},
				"east": {"uv": [1, 5, 1.99996, 6], "texture": "#2"},
				"south": {"uv": [15, 5, 1, 6], "texture": "#2"},
				"west": {"uv": [14, 5, 14.99996, 6], "texture": "#2"},
				"up": {"uv": [15, 5, 1, 6], "texture": "#2"}
			}
		},
		{
			"from": [-1.00976, 10.50697, 7.5],
			"to": [3.99025, 11.00697, 7.99998],
			"rotation": {"angle": 0, "axis": "z", "origin": [1.60136, 6.11808, 7.74999]},
			"faces": {
				"north": {"uv": [4, 4, 14, 5], "texture": "#2"},
				"east": {"uv": [4, 4, 4.99996, 5], "texture": "#2"},
				"south": {"uv": [14, 4, 4, 5], "texture": "#2"},
				"west": {"uv": [13, 4, 13.99996, 5], "texture": "#2"},
				"up": {"uv": [14, 4, 4, 5], "texture": "#2"}
			}
		},
		{
			"from": [-0.50976, 11.00697, 7.5],
			"to": [2.49024, 11.50697, 7.99998],
			"rotation": {"angle": 0, "axis": "z", "origin": [1.60136, 6.11808, 7.74999]},
			"faces": {
				"north": {"uv": [7, 3, 13, 4], "texture": "#2"},
				"east": {"uv": [7, 3, 7.99996, 4], "texture": "#2"},
				"south": {"uv": [13, 3, 7, 4], "texture": "#2"},
				"west": {"uv": [12, 3, 12.99996, 4], "texture": "#2"},
				"up": {"uv": [13, 3, 7, 4], "texture": "#2"}
			}
		},
		{
			"from": [-0.00976, 11.50697, 7.5],
			"to": [0.99024, 12.00697, 7.99998],
			"rotation": {"angle": 0, "axis": "z", "origin": [1.60136, 6.11808, 7.74999]},
			"faces": {
				"north": {"uv": [11, 2, 11.99996, 3], "texture": "#2"},
				"east": {"uv": [11, 2, 11.99996, 3], "texture": "#2"},
				"south": {"uv": [11, 2, 11.99996, 3], "texture": "#2"},
				"west": {"uv": [11, 2, 11.99996, 3], "texture": "#2"},
				"up": {"uv": [11, 2, 11.99996, 3], "texture": "#2"}
			}
		},
		{
			"from": [-2.00976, 8.00697, 7.5],
			"to": [-1.50976, 10.00697, 7.99998],
			"rotation": {"angle": 0, "axis": "z", "origin": [1.60136, 6.11808, 7.74999]},
			"faces": {
				"north": {"uv": [15, 6, 16, 10], "texture": "#2"},
				"south": {"uv": [15, 6, 16, 10], "texture": "#2"},
				"west": {"uv": [15, 6, 16, 10], "texture": "#2"},
				"up": {"uv": [15, 6, 16, 7], "texture": "#2"},
				"down": {"uv": [15, 9, 16, 10], "texture": "#2"}
			}
		},
		{
			"from": [8.98049, 9.01393, 7],
			"to": [16.98049, 10.01393, 7.99996],
			"rotation": {"angle": 0, "axis": "z", "origin": [0.98049, 15.56393, 7.49998]},
			"faces": {
				"north": {"uv": [2, 6.5, 6, 7], "texture": "#1"},
				"east": {"uv": [2, 6.5, 2.5, 7], "texture": "#1"},
				"south": {"uv": [6, 6.5, 2, 7], "texture": "#1"},
				"west": {"uv": [2, 6.5, 2.5, 7], "texture": "#1"},
				"down": {"uv": [2, 6.5, 6, 7], "texture": "#1"}
			}
		},
		{
			"from": [6.98049, 12.01393, 7],
			"to": [7.98049, 16.01393, 7.99996],
			"rotation": {"angle": 0, "axis": "z", "origin": [0.98049, 15.56393, 7.49998]},
			"faces": {
				"north": {"uv": [6.5, 4, 7, 5.5], "texture": "#1"},
				"south": {"uv": [6.5, 4, 7, 5.5], "texture": "#1"},
				"west": {"uv": [6.5, 4, 7, 5.5], "texture": "#1"},
				"up": {"uv": [6.5, 4, 7, 5.5], "texture": "#1"},
				"down": {"uv": [6.5, 4, 7, 5.5], "texture": "#1"}
			}
		},
		{
			"from": [17.98049, 12.01393, 7],
			"to": [18.98049, 16.01393, 7.99996],
			"rotation": {"angle": 0, "axis": "z", "origin": [0.98049, 15.56393, 7.49998]},
			"faces": {
				"north": {"uv": [1, 4, 1.5, 5.5], "texture": "#1"},
				"east": {"uv": [1, 4, 1.5, 5.5], "texture": "#1"},
				"south": {"uv": [1, 4, 1.5, 5.5], "texture": "#1"},
				"up": {"uv": [1, 4, 1.5, 5.5], "texture": "#1"},
				"down": {"uv": [1, 4, 1.5, 5.5], "texture": "#1"}
			}
		},
		{
			"from": [8.98049, 18.01393, 7],
			"to": [10.98049, 19.01393, 7.99996],
			"rotation": {"angle": 0, "axis": "z", "origin": [0.98049, 15.56393, 7.49998]},
			"faces": {
				"north": {"uv": [3, 2, 2, 2.5], "texture": "#1"},
				"south": {"uv": [2, 2, 3, 2.5], "texture": "#1"},
				"west": {"uv": [2, 2, 2, 2.5], "texture": "#1"},
				"up": {"uv": [2, 2, 3, 2.5], "texture": "#1"}
			}
		},
		{
			"from": [1.98049, 27.01393, 7],
			"to": [5.98049, 30.01393, 7.99996],
			"rotation": {"angle": 0, "axis": "y", "origin": [-6.66608, 23.94641, 7.50002]},
			"faces": {
				"north": {"uv": [3, 1, 5, 2.5], "texture": "#1"},
				"east": {"uv": [3, 1, 5, 2.5], "texture": "#1"},
				"south": {"uv": [5, 1, 3, 2.5], "texture": "#1"},
				"west": {"uv": [3, 1, 5, 2.5], "texture": "#1"},
				"up": {"uv": [3, 1, 5, 1.5], "texture": "#1"}
			}
		},
		{
			"from": [0.98049, 28.01393, 7],
			"to": [1.98049, 29.01393, 7.99996],
			"rotation": {"angle": 0, "axis": "y", "origin": [-6.66608, 23.94641, 7.50002]},
			"faces": {
				"north": {"uv": [2.5, 2, 2, 2.5], "texture": "#1"},
				"south": {"uv": [2.5, 2, 2, 2.5], "texture": "#1"},
				"west": {"uv": [2.5, 2, 2, 2.5], "texture": "#1"},
				"up": {"uv": [2.5, 2, 2, 2.5], "texture": "#1"}
			}
		},
		{
			"from": [5.98049, 27.01393, 7],
			"to": [7.98049, 28.01393, 7.99996],
			"rotation": {"angle": 0, "axis": "y", "origin": [-6.66608, 23.94641, 7.50002]},
			"faces": {
				"north": {"uv": [2, 2, 3, 2.5], "texture": "#1"},
				"east": {"uv": [2, 2, 2.5, 2.5], "texture": "#1"},
				"south": {"uv": [3, 2, 2, 2.5], "texture": "#1"},
				"up": {"uv": [2, 2, 2.5, 2.5], "texture": "#1"}
			}
		},
		{
			"from": [5.98049, 28.01393, 7],
			"to": [6.98049, 29.01393, 7.99996],
			"rotation": {"angle": 0, "axis": "y", "origin": [-6.66608, 23.94641, 7.50002]},
			"faces": {
				"north": {"uv": [2.5, 2, 2, 2.5], "texture": "#1"},
				"east": {"uv": [2.5, 2, 2, 2.5], "texture": "#1"},
				"south": {"uv": [2.5, 2, 2, 2.5], "texture": "#1"},
				"up": {"uv": [2.5, 2, 2, 2.5], "texture": "#1"}
			}
		},
		{
			"from": [-1.01951, 19.01393, 7],
			"to": [8.98049, 27.01393, 7.99996],
			"rotation": {"angle": 0, "axis": "y", "origin": [-6.66608, 23.94641, 7.50002]},
			"faces": {
				"north": {"uv": [1.5, 2.5, 6.5, 6.5], "texture": "#1"},
				"east": {"uv": [1.5, 2.5, 2, 6.5], "texture": "#1"},
				"south": {"uv": [6.5, 2.5, 1.5, 6.5], "texture": "#1"},
				"west": {"uv": [6, 2.5, 6.5, 6.5], "texture": "#1"},
				"up": {"uv": [1.5, 2.5, 6.5, 3], "texture": "#1"},
				"down": {"uv": [3, 1, 5, 1.5], "texture": "#1"}
			}
		},
		{
			"from": [0.98049, 17.01393, 7],
			"to": [6.98049, 18.01393, 7.99996],
			"rotation": {"angle": 0, "axis": "y", "origin": [-6.66608, 23.94641, 7.50002]},
			"faces": {
				"north": {"uv": [2, 6.5, 2.5, 7], "texture": "#1"},
				"east": {"uv": [2, 6.5, 2.5, 7], "texture": "#1"},
				"south": {"uv": [2, 6.5, 2.5, 7], "texture": "#1"},
				"west": {"uv": [2, 6.5, 2.5, 7], "texture": "#1"},
				"down": {"uv": [3, 1, 5, 1.5], "texture": "#1"}
			}
		},
		{
			"from": [-0.01951, 18.01393, 7],
			"to": [7.98049, 19.01393, 7.99996],
			"rotation": {"angle": 0, "axis": "y", "origin": [-6.66608, 23.94641, 7.50002]},
			"faces": {
				"north": {"uv": [2, 6.5, 6, 7], "texture": "#1"},
				"east": {"uv": [2, 6.5, 2.5, 7], "texture": "#1"},
				"south": {"uv": [6, 6.5, 2, 7], "texture": "#1"},
				"west": {"uv": [2, 6.5, 2.5, 7], "texture": "#1"},
				"down": {"uv": [3, 1, 5, 1.5], "texture": "#1"}
			}
		},
		{
			"from": [-2.01951, 21.01393, 7],
			"to": [-1.01951, 25.01393, 7.99996],
			"rotation": {"angle": 0, "axis": "y", "origin": [-6.66608, 23.94641, 7.50002]},
			"faces": {
				"north": {"uv": [6.5, 4, 7, 5.5], "texture": "#1"},
				"south": {"uv": [6.5, 4, 7, 5.5], "texture": "#1"},
				"west": {"uv": [6.5, 4, 7, 5.5], "texture": "#1"},
				"up": {"uv": [6.5, 4, 7, 5.5], "texture": "#1"},
				"down": {"uv": [3, 1, 5, 1.5], "texture": "#1"}
			}
		},
		{
			"from": [8.98049, 21.01393, 7],
			"to": [9.98049, 25.01393, 7.99996],
			"rotation": {"angle": 0, "axis": "y", "origin": [-6.66608, 23.94641, 7.50002]},
			"faces": {
				"north": {"uv": [1, 4, 1.5, 5.5], "texture": "#1"},
				"east": {"uv": [1, 4, 1.5, 5.5], "texture": "#1"},
				"south": {"uv": [1, 4, 1.5, 5.5], "texture": "#1"},
				"up": {"uv": [1, 4, 1.5, 5.5], "texture": "#1"},
				"down": {"uv": [3, 1, 5, 1.5], "texture": "#1"}
			}
		},
		{
			"from": [-0.01951, 27.01393, 7],
			"to": [1.98049, 28.01393, 7.99996],
			"rotation": {"angle": 0, "axis": "y", "origin": [-6.66608, 23.94641, 7.50002]},
			"faces": {
				"north": {"uv": [3, 2, 2, 2.5], "texture": "#1"},
				"south": {"uv": [2, 2, 3, 2.5], "texture": "#1"},
				"west": {"uv": [2, 2, 2, 2.5], "texture": "#1"},
				"up": {"uv": [2, 2, 3, 2.5], "texture": "#1"}
			}
		}
	],
	"display": {
		"thirdperson_righthand": {
			"rotation": [52, -90, 0],
			"translation": [0.25, 6, -2.5],
			"scale": [0.5, 0.5, 0.5]
		},
		"thirdperson_lefthand": {
			"rotation": [52, 90, 0],
			"translation": [1, 6, -2.5],
			"scale": [0.5, 0.5, 0.5]
		},
		"firstperson_righthand": {
			"rotation": [57, -94, 30],
			"translation": [4.75, 3.25, -5.5],
			"scale": [0.5, 0.5, 0.5]
		},
		"firstperson_lefthand": {
			"rotation": [-14, 102, 43],
			"translation": [4.75, 3.75, -6.25],
			"scale": [0.5, 0.5, 0.5]
		},
		"ground": {
			"translation": [0, 4.5, 0]
		},
		"gui": {
			"rotation": [0, -180, 0],
			"translation": [1.5, -2.75, 0],
			"scale": [0.4, 0.4, 0.4]
		}
	},
	"groups": [0, 1, 2, 3, 4, 5, 6, 7, 8, 9, 10, 11, 12, 13, 14, 15, 16, 17, 18, 19,
		{
			"name": "diamond",
			"origin": [-6.66608, 23.94641, 7.50002],
			"color": 0,
			"children": [20, 21, 22, 23, 24, 25, 26, 27, 28, 29, 30, 31, 32, 33, 34, 35, 36, 37, 38]
		},
		{
			"name": "diamond",
			"origin": [-6.66608, 23.94641, 7.50002],
			"color": 0,
			"children": [39, 40, 41, 42, 43, 44, 45, 46, 47, 48]
		}
	]
}