{
	"credit": "Made with Blockbench",
        "gui_light": "front",
	"textures": {
		"1": "./upright_sword",
		"particle": "./upright_sword"
	},
	"elements": [
		{
			"from": [7, 1, 7],
			"to": [10, 6, 8],
			"faces": {
				"north": {"uv": [4, 3, 7, 8], "texture": "#1"},
				"east": {"uv": [4, 3, 5, 8], "texture": "#1"},
				"south": {"uv": [7, 3, 4, 8], "texture": "#1"},
				"west": {"uv": [6, 3, 7, 8], "texture": "#1"},
				"down": {"uv": [4, 7, 7, 8], "texture": "#1"}
			}
		},
		{
			"from": [6, 6, 7],
			"to": [11, 9, 8],
			"faces": {
				"north": {"uv": [3, 0, 8, 3], "texture": "#1"},
				"east": {"uv": [3, 0, 4, 3], "texture": "#1"},
				"south": {"uv": [8, 0, 3, 3], "texture": "#1"},
				"west": {"uv": [6, 3, 7, 6], "texture": "#1"},
				"down": {"uv": [4, 7, 7, 8], "texture": "#1"}
			}
		},
		{
			"from": [6, 9, 7],
			"to": [11, 20, 8],
			"faces": {
				"north": {"uv": [11, 5, 16, 16], "texture": "#1"},
				"east": {"uv": [11, 5, 12, 16], "texture": "#1"},
				"south": {"uv": [16, 5, 11, 16], "texture": "#1"},
				"west": {"uv": [15, 5, 16, 16], "texture": "#1"},
				"up": {"uv": [16, 5, 11, 6], "texture": "#1"}
			}
		},
		{
			"from": [7, 20, 7],
			"to": [10, 21, 8],
			"faces": {
				"north": {"uv": [12, 4, 15, 5], "texture": "#1"},
				"east": {"uv": [13, 4, 12, 5], "texture": "#1"},
				"south": {"uv": [15, 4, 12, 5], "texture": "#1"},
				"west": {"uv": [15, 4, 14, 5], "texture": "#1"},
				"up": {"uv": [15, 4, 12, 5], "texture": "#1"}
			}
		},
		{
			"from": [8, 21, 7],
			"to": [9, 22, 8],
			"faces": {
				"north": {"uv": [14, 3, 13, 4], "texture": "#1"},
				"east": {"uv": [14, 3, 13, 4], "texture": "#1"},
				"south": {"uv": [14, 3, 13, 4], "texture": "#1"},
				"west": {"uv": [14, 3, 13, 4], "texture": "#1"},
				"up": {"uv": [14, 3, 13, 4], "texture": "#1"}
			}
		},
		{
			"from": [11, 7, 7],
			"to": [13, 9, 8],
			"faces": {
				"north": {"uv": [1, 0, 3, 2], "texture": "#1"},
				"east": {"uv": [1, 0, 3, 2], "texture": "#1"},
				"south": {"uv": [1, 0, 3, 2], "texture": "#1"},
				"up": {"uv": [1, 0, 3, 2], "texture": "#1"},
				"down": {"uv": [1, 0, 3, 2], "texture": "#1"}
			}
		},
		{
			"from": [13, 8, 7],
			"to": [14, 9, 8],
			"faces": {
				"north": {"uv": [1, 0, 3, 2], "texture": "#1"},
				"east": {"uv": [1, 0, 3, 2], "texture": "#1"},
				"south": {"uv": [1, 0, 3, 2], "texture": "#1"},
				"up": {"uv": [1, 0, 3, 2], "texture": "#1"},
				"down": {"uv": [1, 0, 3, 2], "texture": "#1"}
			}
		},
		{
			"from": [4, 7, 7],
			"to": [6, 9, 8],
			"faces": {
				"north": {"uv": [8, 0, 10, 2], "texture": "#1"},
				"south": {"uv": [8, 0, 10, 2], "texture": "#1"},
				"west": {"uv": [8, 0, 10, 2], "texture": "#1"},
				"up": {"uv": [8, 0, 10, 2], "texture": "#1"},
				"down": {"uv": [8, 0, 10, 2], "texture": "#1"}
			}
		},
		{
			"from": [3, 8, 7],
			"to": [4, 9, 8],
			"faces": {
				"north": {"uv": [8, 0, 10, 2], "texture": "#1"},
				"south": {"uv": [8, 0, 10, 2], "texture": "#1"},
				"west": {"uv": [8, 0, 10, 2], "texture": "#1"},
				"up": {"uv": [8, 0, 10, 2], "texture": "#1"},
				"down": {"uv": [8, 0, 10, 2], "texture": "#1"}
			}
		},
		{
			"from": [8, 0, 7],
			"to": [9, 1, 8],
			"faces": {
				"north": {"uv": [5, 8, 6, 9], "texture": "#1"},
				"east": {"uv": [5, 8, 6, 9], "texture": "#1"},
				"south": {"uv": [5, 8, 6, 9], "texture": "#1"},
				"west": {"uv": [5, 8, 6, 9], "texture": "#1"},
				"down": {"uv": [5, 8, 6, 9], "texture": "#1"}
			}
		}
	],
	"display": {
		"thirdperson_righthand": {
			"rotation": [0, 90, 0],
			"translation": [1, 0.25, 1.5]
		},
		"thirdperson_lefthand": {
			"rotation": [0, 90, 0],
			"translation": [1, 0.75, 1.5]
		},
		"firstperson_righthand": {
			"rotation": [-22, 102, 41],
			"translation": [3.25, -1.75, -4.75]
		},
		"firstperson_lefthand": {
			"rotation": [-26, 99, 41],
			"translation": [6.75, -1.5, -7.75]
		},
		"ground": {
			"translation": [0, 4.5, 0]
		},
		"gui": {
			"rotation": [0, 0, -46],
			"translation": [-2.25, -1.5, 0],
			"scale": [0.8, 0.8, 0.8]
		}
	}
}