{
	"credit": "Made with Blockbench",
        "gui_light": "front",
	"textures": {
		"0": "item/netherite_sword",
		"particle": "item/netherite_sword"
	},
	"elements": [
		{
			"from": [13.33142, 0.25938, 7.24999],
			"to": [13.8314, 1.75932, 7.74997],
			"rotation": {"angle": 0, "axis": "z", "origin": [13.57717, 0.50483, 7.49998]},
			"faces": {
				"north": {"uv": [16, 0, 13, 1], "rotation": 270, "texture": "#0"},
				"east": {"uv": [16, 0, 13, 1], "rotation": 270, "texture": "#0"},
				"south": {"uv": [16, 0, 13, 1], "rotation": 90, "texture": "#0"},
				"up": {"uv": [16, 0, 13, 1], "rotation": 90, "texture": "#0"},
				"down": {"uv": [16, 0, 13, 1], "rotation": 90, "texture": "#0"}
			}
		},
		{
			"from": [12.83144, 0.25938, 7.24999],
			"to": [13.33142, 2.2593, 7.74997],
			"rotation": {"angle": 0, "axis": "z", "origin": [13.57717, 0.50483, 7.49998]},
			"faces": {
				"north": {"uv": [12, 1, 16, 2], "rotation": 270, "texture": "#0"},
				"east": {"uv": [12, 1, 16, 2], "rotation": 270, "texture": "#0"},
				"south": {"uv": [12, 1, 16, 2], "rotation": 90, "texture": "#0"},
				"up": {"uv": [12, 1, 13, 2], "rotation": 90, "texture": "#0"},
				"down": {"uv": [12, 1, 13, 2], "rotation": 90, "texture": "#0"}
			}
		},
		{
			"from": [12.33146, 0.25938, 7.24999],
			"to": [12.83144, 2.75928, 7.74997],
			"rotation": {"angle": 0, "axis": "z", "origin": [13.57717, 0.50483, 7.49998]},
			"faces": {
				"north": {"uv": [10, 3, 15, 4], "rotation": 270, "texture": "#0"},
				"east": {"uv": [6, 7, 11, 8], "rotation": 270, "texture": "#0"},
				"south": {"uv": [11, 2, 16, 3], "rotation": 90, "texture": "#0"},
				"west": {"uv": [6, 7, 11, 8], "rotation": 270, "texture": "#0"},
				"up": {"uv": [6, 7, 7, 8], "rotation": 90, "texture": "#0"},
				"down": {"uv": [6, 7, 7, 8], "rotation": 90, "texture": "#0"}
			}
		},
		{
			"from": [11.83148, 0.75936, 7.24999],
			"to": [12.33146, 3.25926, 7.74997],
			"rotation": {"angle": 0, "axis": "z", "origin": [13.57717, 0.50483, 7.49998]},
			"faces": {
				"north": {"uv": [10, 3, 15, 4], "rotation": 270, "texture": "#0"},
				"east": {"uv": [6, 7, 11, 8], "rotation": 270, "texture": "#0"},
				"south": {"uv": [11, 2, 16, 3], "rotation": 90, "texture": "#0"},
				"west": {"uv": [6, 7, 11, 8], "rotation": 270, "texture": "#0"},
				"up": {"uv": [6, 7, 7, 8], "rotation": 90, "texture": "#0"},
				"down": {"uv": [6, 7, 7, 8], "rotation": 90, "texture": "#0"}
			}
		},
		{
			"from": [11.3315, 1.25934, 7.24999],
			"to": [11.83148, 3.75924, 7.74997],
			"rotation": {"angle": 0, "axis": "z", "origin": [13.57717, 0.50483, 7.49998]},
			"faces": {
				"north": {"uv": [10, 3, 15, 4], "rotation": 270, "texture": "#0"},
				"east": {"uv": [6, 7, 11, 8], "rotation": 270, "texture": "#0"},
				"south": {"uv": [10, 3, 15, 4], "rotation": 90, "texture": "#0"},
				"west": {"uv": [6, 7, 11, 8], "rotation": 270, "texture": "#0"},
				"up": {"uv": [6, 7, 7, 8], "rotation": 90, "texture": "#0"},
				"down": {"uv": [6, 7, 7, 8], "rotation": 90, "texture": "#0"}
			}
		},
		{
			"from": [10.83152, 1.75932, 7.24999],
			"to": [11.3315, 4.25922, 7.74997],
			"rotation": {"angle": 0, "axis": "z", "origin": [13.57717, 0.50483, 7.49998]},
			"faces": {
				"north": {"uv": [6, 7, 11, 8], "rotation": 270, "texture": "#0"},
				"east": {"uv": [6, 7, 11, 8], "rotation": 270, "texture": "#0"},
				"south": {"uv": [7, 6, 12, 7], "rotation": 90, "texture": "#0"},
				"west": {"uv": [6, 7, 11, 8], "rotation": 270, "texture": "#0"},
				"up": {"uv": [6, 7, 7, 8], "rotation": 90, "texture": "#0"},
				"down": {"uv": [6, 7, 7, 8], "rotation": 90, "texture": "#0"}
			}
		},
		{
			"from": [10.33154, 2.2593, 7.24999],
			"to": [10.83152, 4.7592, 7.74997],
			"rotation": {"angle": 0, "axis": "z", "origin": [13.57717, 0.50483, 7.49998]},
			"faces": {
				"north": {"uv": [6, 7, 11, 8], "rotation": 270, "texture": "#0"},
				"east": {"uv": [6, 7, 11, 8], "rotation": 270, "texture": "#0"},
				"south": {"uv": [7, 6, 12, 7], "rotation": 90, "texture": "#0"},
				"west": {"uv": [6, 7, 11, 8], "rotation": 270, "texture": "#0"},
				"up": {"uv": [6, 7, 7, 8], "rotation": 90, "texture": "#0"},
				"down": {"uv": [6, 7, 7, 8], "rotation": 90, "texture": "#0"}
			}
		},
		{
			"from": [9.83156, 2.75928, 7.24999],
			"to": [10.33154, 5.25918, 7.74997],
			"rotation": {"angle": 0, "axis": "z", "origin": [13.57717, 0.50483, 7.49998]},
			"faces": {
				"north": {"uv": [7, 6, 12, 7], "rotation": 270, "texture": "#0"},
				"east": {"uv": [6, 7, 11, 8], "rotation": 270, "texture": "#0"},
				"south": {"uv": [7, 6, 12, 7], "rotation": 90, "texture": "#0"},
				"west": {"uv": [6, 7, 11, 8], "rotation": 270, "texture": "#0"},
				"up": {"uv": [6, 7, 7, 8], "rotation": 90, "texture": "#0"},
				"down": {"uv": [6, 7, 7, 8], "rotation": 90, "texture": "#0"}
			}
		},
		{
			"from": [9.33158, 3.25926, 7.24999],
			"to": [9.83156, 6.75912, 7.74997],
			"rotation": {"angle": 0, "axis": "z", "origin": [13.57717, 0.50483, 7.49998]},
			"faces": {
				"north": {"uv": [10, 8, 3, 9], "rotation": 270, "texture": "#0"},
				"east": {"uv": [10, 8, 3, 9], "rotation": 270, "texture": "#0"},
				"south": {"uv": [3, 8, 10, 9], "rotation": 90, "texture": "#0"},
				"west": {"uv": [3, 8, 10, 9], "rotation": 270, "texture": "#0"},
				"up": {"uv": [3, 8, 4, 9], "rotation": 90, "texture": "#0"},
				"down": {"uv": [9, 8, 10, 9], "rotation": 90, "texture": "#0"}
			}
		},
		{
			"from": [8.8316, 3.75924, 7.24999],
			"to": [9.33158, 6.75912, 7.74997],
			"rotation": {"angle": 0, "axis": "z", "origin": [13.57717, 0.50483, 7.49998]},
			"faces": {
				"north": {"uv": [9, 9, 3, 10], "rotation": 270, "texture": "#0"},
				"south": {"uv": [3, 9, 9, 10], "rotation": 90, "texture": "#0"},
				"west": {"uv": [3, 9, 9, 10], "rotation": 270, "texture": "#0"},
				"up": {"uv": [3, 9, 4, 10], "rotation": 90, "texture": "#0"},
				"down": {"uv": [8, 9, 9, 10], "rotation": 90, "texture": "#0"}
			}
		},
		{
			"from": [8.33162, 4.25922, 7.24999],
			"to": [8.8316, 6.25914, 7.74997],
			"rotation": {"angle": 0, "axis": "z", "origin": [13.57717, 0.50483, 7.49998]},
			"faces": {
				"north": {"uv": [8, 10, 4, 11], "rotation": 270, "texture": "#0"},
				"south": {"uv": [4, 10, 8, 11], "rotation": 90, "texture": "#0"},
				"up": {"uv": [4, 10, 5, 11], "rotation": 90, "texture": "#0"},
				"down": {"uv": [7, 10, 8, 11], "rotation": 90, "texture": "#0"}
			}
		},
		{
			"from": [7.83164, 3.75924, 7.24999],
			"to": [8.33162, 6.75912, 7.74997],
			"rotation": {"angle": 0, "axis": "z", "origin": [13.57717, 0.50483, 7.49998]},
			"faces": {
				"north": {"uv": [9, 11, 3, 12], "rotation": 270, "texture": "#0"},
				"east": {"uv": [9, 11, 3, 12], "rotation": 270, "texture": "#0"},
				"south": {"uv": [3, 11, 9, 12], "rotation": 90, "texture": "#0"},
				"west": {"uv": [3, 11, 9, 12], "rotation": 270, "texture": "#0"},
				"up": {"uv": [3, 11, 4, 12], "rotation": 90, "texture": "#0"},
				"down": {"uv": [8, 11, 9, 12], "rotation": 90, "texture": "#0"}
			}
		},
		{
			"from": [7.33166, 3.25926, 7.24999],
			"to": [7.83164, 5.25918, 7.74997],
			"rotation": {"angle": 0, "axis": "z", "origin": [13.57717, 0.50483, 7.49998]},
			"faces": {
				"north": {"uv": [10, 12, 6, 13], "rotation": 270, "texture": "#0"},
				"east": {"uv": [6, 12, 10, 13], "rotation": 270, "texture": "#0"},
				"south": {"uv": [6, 12, 10, 13], "rotation": 90, "texture": "#0"},
				"west": {"uv": [6, 12, 10, 13], "rotation": 270, "texture": "#0"},
				"up": {"uv": [6, 12, 10, 13], "rotation": 90, "texture": "#0"},
				"down": {"uv": [6, 12, 7, 13], "rotation": 90, "texture": "#0"}
			}
		},
		{
			"from": [6.83168, 3.25926, 7.24999],
			"to": [7.33166, 4.25922, 7.74997],
			"rotation": {"angle": 0, "axis": "z", "origin": [13.57717, 0.50483, 7.49998]},
			"faces": {
				"north": {"uv": [8, 13, 10, 14], "rotation": 270, "texture": "#0"},
				"south": {"uv": [8, 13, 10, 14], "rotation": 90, "texture": "#0"},
				"west": {"uv": [8, 13, 10, 14], "rotation": 270, "texture": "#0"},
				"up": {"uv": [8, 13, 10, 14], "rotation": 90, "texture": "#0"},
				"down": {"uv": [8, 13, 10, 14], "rotation": 90, "texture": "#0"}
			}
		},
		{
			"from": [9.83156, 5.75916, 7.24999],
			"to": [10.33154, 6.25914, 7.74997],
			"rotation": {"angle": 0, "axis": "z", "origin": [13.57717, 0.50483, 7.49998]},
			"faces": {
				"north": {"uv": [4, 7, 5, 8], "rotation": 270, "texture": "#0"},
				"east": {"uv": [4, 7, 5, 8], "rotation": 270, "texture": "#0"},
				"south": {"uv": [4, 7, 5, 8], "rotation": 90, "texture": "#0"},
				"down": {"uv": [4, 7, 5, 8], "rotation": 90, "texture": "#0"}
			}
		},
		{
			"from": [9.83156, 6.25914, 7.24999],
			"to": [10.83152, 7.2591, 7.74997],
			"rotation": {"angle": 0, "axis": "z", "origin": [13.57717, 0.50483, 7.49998]},
			"faces": {
				"north": {"uv": [4, 6, 2, 8], "rotation": 270, "texture": "#0"},
				"east": {"uv": [2, 6, 4, 7], "rotation": 270, "texture": "#0"},
				"south": {"uv": [2, 6, 4, 8], "rotation": 90, "texture": "#0"},
				"west": {"uv": [2, 6, 4, 7], "rotation": 270, "texture": "#0"},
				"up": {"uv": [2, 6, 4, 7], "rotation": 90, "texture": "#0"},
				"down": {"uv": [2, 6, 4, 7], "rotation": 90, "texture": "#0"}
			}
		},
		{
			"from": [7.33166, 5.75916, 7.24999],
			"to": [7.83164, 7.2591, 7.74997],
			"rotation": {"angle": 0, "axis": "z", "origin": [13.57717, 0.50483, 7.49998]},
			"faces": {
				"north": {"uv": [2, 12, 5, 13], "rotation": 270, "texture": "#0"},
				"east": {"uv": [2, 12, 5, 13], "rotation": 270, "texture": "#0"},
				"south": {"uv": [2, 12, 5, 13], "rotation": 90, "texture": "#0"},
				"west": {"uv": [2, 12, 5, 13], "rotation": 270, "texture": "#0"},
				"up": {"uv": [2, 12, 3, 13], "rotation": 90, "texture": "#0"},
				"down": {"uv": [4, 12, 5, 13], "rotation": 90, "texture": "#0"}
			}
		},
		{
			"from": [6.83168, 6.25914, 7.24999],
			"to": [7.33166, 6.75912, 7.74997],
			"rotation": {"angle": 0, "axis": "z", "origin": [13.57717, 0.50483, 7.49998]},
			"faces": {
				"north": {"uv": [3, 13, 4, 14], "rotation": 270, "texture": "#0"},
				"south": {"uv": [3, 13, 4, 14], "rotation": 90, "texture": "#0"},
				"west": {"uv": [3, 13, 4, 14], "rotation": 270, "texture": "#0"},
				"down": {"uv": [3, 13, 4, 14], "rotation": 90, "texture": "#0"}
			}
		},
		{
			"from": [5.83172, 6.75912, 7.24999],
			"to": [7.33166, 8.25906, 7.74997],
			"rotation": {"angle": 0, "axis": "z", "origin": [13.57717, 0.50483, 7.49998]},
			"faces": {
				"north": {"uv": [0, 13, 3, 16], "rotation": 180, "texture": "#0"},
				"east": {"uv": [0, 13, 3, 14], "rotation": 90, "texture": "#0"},
				"south": {"uv": [0, 13, 3, 16], "rotation": 90, "texture": "#0"},
				"west": {"uv": [0, 15, 3, 16], "rotation": 270, "texture": "#0"},
				"up": {"uv": [0, 13, 1, 16], "rotation": 90, "texture": "#0"},
				"down": {"uv": [2, 13, 3, 16], "rotation": 90, "texture": "#0"}
			}
		},
		{
			"from": [-0.6946, 0.23306, 7.24999],
			"to": [0.80534, 0.73304, 7.74997],
			"rotation": {"angle": 0, "axis": "z", "origin": [13.57717, 0.50483, 7.49998]},
			"faces": {
				"north": {"uv": [16, 0, 13, 1], "rotation": 180, "texture": "#0"},
				"east": {"uv": [16, 0, 13, 1], "rotation": 180, "texture": "#0"},
				"south": {"uv": [16, 0, 13, 1], "rotation": 180, "texture": "#0"},
				"west": {"uv": [16, 0, 13, 1], "rotation": 180, "texture": "#0"},
				"down": {"uv": [16, 0, 13, 1], "texture": "#0"}
			}
		},
		{
			"from": [-0.6946, 0.73304, 7.24999],
			"to": [1.30532, 1.23302, 7.74997],
			"rotation": {"angle": 0, "axis": "z", "origin": [13.57717, 0.50483, 7.49998]},
			"faces": {
				"north": {"uv": [12, 1, 16, 2], "rotation": 180, "texture": "#0"},
				"east": {"uv": [12, 1, 13, 2], "rotation": 180, "texture": "#0"},
				"south": {"uv": [12, 1, 16, 2], "rotation": 180, "texture": "#0"},
				"west": {"uv": [12, 1, 13, 2], "rotation": 180, "texture": "#0"},
				"down": {"uv": [12, 1, 16, 2], "texture": "#0"}
			}
		},
		{
			"from": [-0.6946, 1.23302, 7.24999],
			"to": [1.8053, 1.733, 7.74997],
			"rotation": {"angle": 0, "axis": "z", "origin": [13.57717, 0.50483, 7.49998]},
			"faces": {
				"north": {"uv": [10, 3, 15, 4], "rotation": 180, "texture": "#0"},
				"east": {"uv": [6, 7, 7, 8], "rotation": 180, "texture": "#0"},
				"south": {"uv": [11, 2, 16, 3], "rotation": 180, "texture": "#0"},
				"west": {"uv": [6, 7, 7, 8], "rotation": 180, "texture": "#0"},
				"up": {"uv": [6, 7, 11, 8], "texture": "#0"},
				"down": {"uv": [6, 7, 11, 8], "texture": "#0"}
			}
		},
		{
			"from": [-0.19462, 1.733, 7.24999],
			"to": [2.30528, 2.23298, 7.74997],
			"rotation": {"angle": 0, "axis": "z", "origin": [13.57717, 0.50483, 7.49998]},
			"faces": {
				"north": {"uv": [10, 3, 15, 4], "rotation": 180, "texture": "#0"},
				"east": {"uv": [6, 7, 7, 8], "rotation": 180, "texture": "#0"},
				"south": {"uv": [11, 2, 16, 3], "rotation": 180, "texture": "#0"},
				"west": {"uv": [6, 7, 7, 8], "rotation": 180, "texture": "#0"},
				"up": {"uv": [6, 7, 11, 8], "texture": "#0"},
				"down": {"uv": [6, 7, 11, 8], "texture": "#0"}
			}
		},
		{
			"from": [0.30536, 2.23298, 7.24999],
			"to": [2.80526, 2.73296, 7.74997],
			"rotation": {"angle": 0, "axis": "z", "origin": [13.57717, 0.50483, 7.49998]},
			"faces": {
				"north": {"uv": [10, 3, 15, 4], "rotation": 180, "texture": "#0"},
				"east": {"uv": [6, 7, 7, 8], "rotation": 180, "texture": "#0"},
				"south": {"uv": [10, 3, 15, 4], "rotation": 180, "texture": "#0"},
				"west": {"uv": [6, 7, 7, 8], "rotation": 180, "texture": "#0"},
				"up": {"uv": [6, 7, 11, 8], "texture": "#0"},
				"down": {"uv": [6, 7, 11, 8], "texture": "#0"}
			}
		},
		{
			"from": [0.80534, 2.73296, 7.24999],
			"to": [3.30524, 3.23294, 7.74997],
			"rotation": {"angle": 0, "axis": "z", "origin": [13.57717, 0.50483, 7.49998]},
			"faces": {
				"north": {"uv": [6, 7, 11, 8], "rotation": 180, "texture": "#0"},
				"east": {"uv": [6, 7, 7, 8], "rotation": 180, "texture": "#0"},
				"south": {"uv": [7, 6, 12, 7], "rotation": 180, "texture": "#0"},
				"west": {"uv": [6, 7, 7, 8], "rotation": 180, "texture": "#0"},
				"up": {"uv": [6, 7, 11, 8], "texture": "#0"},
				"down": {"uv": [6, 7, 11, 8], "texture": "#0"}
			}
		},
		{
			"from": [1.30532, 3.23294, 7.24999],
			"to": [3.80522, 3.73292, 7.74997],
			"rotation": {"angle": 0, "axis": "z", "origin": [13.57717, 0.50483, 7.49998]},
			"faces": {
				"north": {"uv": [6, 7, 11, 8], "rotation": 180, "texture": "#0"},
				"east": {"uv": [6, 7, 7, 8], "rotation": 180, "texture": "#0"},
				"south": {"uv": [7, 6, 12, 7], "rotation": 180, "texture": "#0"},
				"west": {"uv": [6, 7, 7, 8], "rotation": 180, "texture": "#0"},
				"up": {"uv": [6, 7, 11, 8], "texture": "#0"},
				"down": {"uv": [6, 7, 11, 8], "texture": "#0"}
			}
		},
		{
			"from": [1.8053, 3.73292, 7.24999],
			"to": [4.3052, 4.2329, 7.74997],
			"rotation": {"angle": 0, "axis": "z", "origin": [13.57717, 0.50483, 7.49998]},
			"faces": {
				"north": {"uv": [7, 6, 12, 7], "rotation": 180, "texture": "#0"},
				"east": {"uv": [6, 7, 7, 8], "rotation": 180, "texture": "#0"},
				"south": {"uv": [7, 6, 12, 7], "rotation": 180, "texture": "#0"},
				"west": {"uv": [6, 7, 7, 8], "rotation": 180, "texture": "#0"},
				"up": {"uv": [6, 7, 11, 8], "texture": "#0"},
				"down": {"uv": [6, 7, 11, 8], "texture": "#0"}
			}
		},
		{
			"from": [2.30528, 4.2329, 7.24999],
			"to": [5.80514, 4.73288, 7.74997],
			"rotation": {"angle": 0, "axis": "z", "origin": [13.57717, 0.50483, 7.49998]},
			"faces": {
				"north": {"uv": [10, 8, 3, 9], "rotation": 180, "texture": "#0"},
				"east": {"uv": [3, 8, 4, 9], "rotation": 180, "texture": "#0"},
				"south": {"uv": [3, 8, 10, 9], "rotation": 180, "texture": "#0"},
				"west": {"uv": [9, 8, 10, 9], "rotation": 180, "texture": "#0"},
				"up": {"uv": [3, 8, 10, 9], "texture": "#0"},
				"down": {"uv": [10, 8, 3, 9], "texture": "#0"}
			}
		},
		{
			"from": [2.80526, 4.73288, 7.24999],
			"to": [5.80514, 5.23286, 7.74997],
			"rotation": {"angle": 0, "axis": "z", "origin": [13.57717, 0.50483, 7.49998]},
			"faces": {
				"north": {"uv": [9, 9, 3, 10], "rotation": 180, "texture": "#0"},
				"east": {"uv": [3, 9, 4, 10], "rotation": 180, "texture": "#0"},
				"south": {"uv": [3, 9, 9, 10], "rotation": 180, "texture": "#0"},
				"west": {"uv": [8, 9, 9, 10], "rotation": 180, "texture": "#0"},
				"up": {"uv": [3, 9, 9, 10], "texture": "#0"}
			}
		},
		{
			"from": [3.30524, 5.23286, 7.24999],
			"to": [5.30516, 5.73284, 7.74997],
			"rotation": {"angle": 0, "axis": "z", "origin": [13.57717, 0.50483, 7.49998]},
			"faces": {
				"north": {"uv": [8, 10, 4, 11], "rotation": 180, "texture": "#0"},
				"east": {"uv": [4, 10, 5, 11], "rotation": 180, "texture": "#0"},
				"south": {"uv": [4, 10, 8, 11], "rotation": 180, "texture": "#0"},
				"west": {"uv": [7, 10, 8, 11], "rotation": 180, "texture": "#0"}
			}
		},
		{
			"from": [2.80526, 5.73284, 7.24999],
			"to": [5.80514, 6.23282, 7.74997],
			"rotation": {"angle": 0, "axis": "z", "origin": [13.57717, 0.50483, 7.49998]},
			"faces": {
				"north": {"uv": [9, 11, 3, 12], "rotation": 180, "texture": "#0"},
				"east": {"uv": [3, 11, 4, 12], "rotation": 180, "texture": "#0"},
				"south": {"uv": [3, 11, 9, 12], "rotation": 180, "texture": "#0"},
				"west": {"uv": [8, 11, 9, 12], "rotation": 180, "texture": "#0"},
				"up": {"uv": [3, 11, 9, 12], "texture": "#0"},
				"down": {"uv": [9, 11, 3, 12], "texture": "#0"}
			}
		},
		{
			"from": [2.30528, 6.23282, 7.24999],
			"to": [4.3052, 6.7328, 7.74997],
			"rotation": {"angle": 0, "axis": "z", "origin": [13.57717, 0.50483, 7.49998]},
			"faces": {
				"north": {"uv": [10, 12, 6, 13], "rotation": 180, "texture": "#0"},
				"east": {"uv": [6, 12, 10, 13], "rotation": 180, "texture": "#0"},
				"south": {"uv": [6, 12, 10, 13], "rotation": 180, "texture": "#0"},
				"west": {"uv": [6, 12, 7, 13], "rotation": 180, "texture": "#0"},
				"up": {"uv": [6, 12, 10, 13], "texture": "#0"},
				"down": {"uv": [6, 12, 10, 13], "texture": "#0"}
			}
		},
		{
			"from": [2.30528, 6.7328, 7.24999],
			"to": [3.30524, 7.23278, 7.74997],
			"rotation": {"angle": 0, "axis": "z", "origin": [13.57717, 0.50483, 7.49998]},
			"faces": {
				"north": {"uv": [8, 13, 10, 14], "rotation": 180, "texture": "#0"},
				"east": {"uv": [8, 13, 10, 14], "rotation": 180, "texture": "#0"},
				"south": {"uv": [8, 13, 10, 14], "rotation": 180, "texture": "#0"},
				"west": {"uv": [8, 13, 10, 14], "rotation": 180, "texture": "#0"},
				"up": {"uv": [8, 13, 10, 14], "texture": "#0"}
			}
		},
		{
			"from": [4.80518, 3.73292, 7.24999],
			"to": [5.30516, 4.2329, 7.74997],
			"rotation": {"angle": 0, "axis": "z", "origin": [13.57717, 0.50483, 7.49998]},
			"faces": {
				"north": {"uv": [4, 7, 5, 8], "rotation": 180, "texture": "#0"},
				"south": {"uv": [4, 7, 5, 8], "rotation": 180, "texture": "#0"},
				"west": {"uv": [4, 7, 5, 8], "rotation": 180, "texture": "#0"},
				"down": {"uv": [4, 7, 5, 8], "texture": "#0"}
			}
		},
		{
			"from": [5.30516, 3.23294, 7.24999],
			"to": [6.30512, 4.2329, 7.74997],
			"rotation": {"angle": 0, "axis": "z", "origin": [13.57717, 0.50483, 7.49998]},
			"faces": {
				"north": {"uv": [4, 6, 2, 8], "rotation": 180, "texture": "#0"},
				"east": {"uv": [2, 6, 4, 7], "rotation": 180, "texture": "#0"},
				"south": {"uv": [2, 6, 4, 8], "rotation": 180, "texture": "#0"},
				"west": {"uv": [2, 6, 4, 7], "rotation": 180, "texture": "#0"},
				"up": {"uv": [2, 6, 4, 7], "texture": "#0"},
				"down": {"uv": [2, 6, 4, 7], "texture": "#0"}
			}
		},
		{
			"from": [4.80518, 6.23282, 7.24999],
			"to": [6.30512, 6.7328, 7.74997],
			"rotation": {"angle": 0, "axis": "z", "origin": [13.57717, 0.50483, 7.49998]},
			"faces": {
				"north": {"uv": [2, 12, 5, 13], "rotation": 180, "texture": "#0"},
				"east": {"uv": [2, 12, 3, 13], "rotation": 180, "texture": "#0"},
				"south": {"uv": [2, 12, 5, 13], "rotation": 180, "texture": "#0"},
				"west": {"uv": [4, 12, 5, 13], "rotation": 180, "texture": "#0"},
				"up": {"uv": [2, 12, 5, 13], "texture": "#0"},
				"down": {"uv": [2, 12, 5, 13], "texture": "#0"}
			}
		},
		{
			"from": [5.30516, 6.7328, 7.24999],
			"to": [5.80514, 7.23278, 7.74997],
			"rotation": {"angle": 0, "axis": "z", "origin": [13.57717, 0.50483, 7.49998]},
			"faces": {
				"north": {"uv": [3, 13, 4, 14], "rotation": 180, "texture": "#0"},
				"south": {"uv": [3, 13, 4, 14], "rotation": 180, "texture": "#0"},
				"west": {"uv": [3, 13, 4, 14], "rotation": 180, "texture": "#0"},
				"up": {"uv": [3, 13, 4, 14], "texture": "#0"}
			}
		},
		{
			"from": [-0.67237, 13.24948, 7.24999],
			"to": [-0.17239, 14.74942, 7.74997],
			"rotation": {"angle": 0, "axis": "z", "origin": [13.57717, 0.50483, 7.49998]},
			"faces": {
				"north": {"uv": [16, 0, 13, 1], "rotation": 90, "texture": "#0"},
				"south": {"uv": [16, 0, 13, 1], "rotation": 270, "texture": "#0"},
				"west": {"uv": [16, 0, 13, 1], "rotation": 90, "texture": "#0"},
				"up": {"uv": [16, 0, 13, 1], "rotation": 270, "texture": "#0"},
				"down": {"uv": [16, 0, 13, 1], "rotation": 270, "texture": "#0"}
			}
		},
		{
			"from": [-0.17239, 12.7495, 7.24999],
			"to": [0.32759, 14.74942, 7.74997],
			"rotation": {"angle": 0, "axis": "z", "origin": [13.57717, 0.50483, 7.49998]},
			"faces": {
				"north": {"uv": [12, 1, 16, 2], "rotation": 90, "texture": "#0"},
				"south": {"uv": [12, 1, 16, 2], "rotation": 270, "texture": "#0"},
				"west": {"uv": [12, 1, 16, 2], "rotation": 90, "texture": "#0"},
				"up": {"uv": [12, 1, 13, 2], "rotation": 270, "texture": "#0"},
				"down": {"uv": [12, 1, 13, 2], "rotation": 270, "texture": "#0"}
			}
		},
		{
			"from": [0.32759, 12.24952, 7.24999],
			"to": [0.82757, 14.74942, 7.74997],
			"rotation": {"angle": 0, "axis": "z", "origin": [13.57717, 0.50483, 7.49998]},
			"faces": {
				"north": {"uv": [10, 3, 15, 4], "rotation": 90, "texture": "#0"},
				"east": {"uv": [6, 7, 11, 8], "rotation": 90, "texture": "#0"},
				"south": {"uv": [11, 2, 16, 3], "rotation": 270, "texture": "#0"},
				"west": {"uv": [6, 7, 11, 8], "rotation": 90, "texture": "#0"},
				"up": {"uv": [6, 7, 7, 8], "rotation": 270, "texture": "#0"},
				"down": {"uv": [6, 7, 7, 8], "rotation": 270, "texture": "#0"}
			}
		},
		{
			"from": [0.82757, 11.74954, 7.24999],
			"to": [1.32755, 14.24944, 7.74997],
			"rotation": {"angle": 0, "axis": "z", "origin": [13.57717, 0.50483, 7.49998]},
			"faces": {
				"north": {"uv": [10, 3, 15, 4], "rotation": 90, "texture": "#0"},
				"east": {"uv": [6, 7, 11, 8], "rotation": 90, "texture": "#0"},
				"south": {"uv": [11, 2, 16, 3], "rotation": 270, "texture": "#0"},
				"west": {"uv": [6, 7, 11, 8], "rotation": 90, "texture": "#0"},
				"up": {"uv": [6, 7, 7, 8], "rotation": 270, "texture": "#0"},
				"down": {"uv": [6, 7, 7, 8], "rotation": 270, "texture": "#0"}
			}
		},
		{
			"from": [1.32755, 11.24956, 7.24999],
			"to": [1.82753, 13.74946, 7.74997],
			"rotation": {"angle": 0, "axis": "z", "origin": [13.57717, 0.50483, 7.49998]},
			"faces": {
				"north": {"uv": [10, 3, 15, 4], "rotation": 90, "texture": "#0"},
				"east": {"uv": [6, 7, 11, 8], "rotation": 90, "texture": "#0"},
				"south": {"uv": [10, 3, 15, 4], "rotation": 270, "texture": "#0"},
				"west": {"uv": [6, 7, 11, 8], "rotation": 90, "texture": "#0"},
				"up": {"uv": [6, 7, 7, 8], "rotation": 270, "texture": "#0"},
				"down": {"uv": [6, 7, 7, 8], "rotation": 270, "texture": "#0"}
			}
		},
		{
			"from": [1.82753, 10.74958, 7.24999],
			"to": [2.32751, 13.24948, 7.74997],
			"rotation": {"angle": 0, "axis": "z", "origin": [13.57717, 0.50483, 7.49998]},
			"faces": {
				"north": {"uv": [6, 7, 11, 8], "rotation": 90, "texture": "#0"},
				"east": {"uv": [6, 7, 11, 8], "rotation": 90, "texture": "#0"},
				"south": {"uv": [7, 6, 12, 7], "rotation": 270, "texture": "#0"},
				"west": {"uv": [6, 7, 11, 8], "rotation": 90, "texture": "#0"},
				"up": {"uv": [6, 7, 7, 8], "rotation": 270, "texture": "#0"},
				"down": {"uv": [6, 7, 7, 8], "rotation": 270, "texture": "#0"}
			}
		},
		{
			"from": [2.32751, 10.2496, 7.24999],
			"to": [2.82749, 12.7495, 7.74997],
			"rotation": {"angle": 0, "axis": "z", "origin": [13.57717, 0.50483, 7.49998]},
			"faces": {
				"north": {"uv": [6, 7, 11, 8], "rotation": 90, "texture": "#0"},
				"east": {"uv": [6, 7, 11, 8], "rotation": 90, "texture": "#0"},
				"south": {"uv": [7, 6, 12, 7], "rotation": 270, "texture": "#0"},
				"west": {"uv": [6, 7, 11, 8], "rotation": 90, "texture": "#0"},
				"up": {"uv": [6, 7, 7, 8], "rotation": 270, "texture": "#0"},
				"down": {"uv": [6, 7, 7, 8], "rotation": 270, "texture": "#0"}
			}
		},
		{
			"from": [2.82749, 9.74962, 7.24999],
			"to": [3.32747, 12.24952, 7.74997],
			"rotation": {"angle": 0, "axis": "z", "origin": [13.57717, 0.50483, 7.49998]},
			"faces": {
				"north": {"uv": [7, 6, 12, 7], "rotation": 90, "texture": "#0"},
				"east": {"uv": [6, 7, 11, 8], "rotation": 90, "texture": "#0"},
				"south": {"uv": [7, 6, 12, 7], "rotation": 270, "texture": "#0"},
				"west": {"uv": [6, 7, 11, 8], "rotation": 90, "texture": "#0"},
				"up": {"uv": [6, 7, 7, 8], "rotation": 270, "texture": "#0"},
				"down": {"uv": [6, 7, 7, 8], "rotation": 270, "texture": "#0"}
			}
		},
		{
			"from": [3.32747, 8.24968, 7.24999],
			"to": [3.82745, 11.74954, 7.74997],
			"rotation": {"angle": 0, "axis": "z", "origin": [13.57717, 0.50483, 7.49998]},
			"faces": {
				"north": {"uv": [10, 8, 3, 9], "rotation": 90, "texture": "#0"},
				"east": {"uv": [3, 8, 10, 9], "rotation": 90, "texture": "#0"},
				"south": {"uv": [3, 8, 10, 9], "rotation": 270, "texture": "#0"},
				"west": {"uv": [10, 8, 3, 9], "rotation": 90, "texture": "#0"},
				"up": {"uv": [9, 8, 10, 9], "rotation": 270, "texture": "#0"},
				"down": {"uv": [3, 8, 4, 9], "rotation": 270, "texture": "#0"}
			}
		},
		{
			"from": [3.82745, 8.24968, 7.24999],
			"to": [4.32743, 11.24956, 7.74997],
			"rotation": {"angle": 0, "axis": "z", "origin": [13.57717, 0.50483, 7.49998]},
			"faces": {
				"north": {"uv": [9, 9, 3, 10], "rotation": 90, "texture": "#0"},
				"east": {"uv": [3, 9, 9, 10], "rotation": 90, "texture": "#0"},
				"south": {"uv": [3, 9, 9, 10], "rotation": 270, "texture": "#0"},
				"up": {"uv": [8, 9, 9, 10], "rotation": 270, "texture": "#0"},
				"down": {"uv": [3, 9, 4, 10], "rotation": 270, "texture": "#0"}
			}
		},
		{
			"from": [4.32743, 8.74966, 7.24999],
			"to": [4.82741, 10.74958, 7.74997],
			"rotation": {"angle": 0, "axis": "z", "origin": [13.57717, 0.50483, 7.49998]},
			"faces": {
				"north": {"uv": [8, 10, 4, 11], "rotation": 90, "texture": "#0"},
				"south": {"uv": [4, 10, 8, 11], "rotation": 270, "texture": "#0"},
				"up": {"uv": [7, 10, 8, 11], "rotation": 270, "texture": "#0"},
				"down": {"uv": [4, 10, 5, 11], "rotation": 270, "texture": "#0"}
			}
		},
		{
			"from": [4.82741, 8.24968, 7.24999],
			"to": [5.32739, 11.24956, 7.74997],
			"rotation": {"angle": 0, "axis": "z", "origin": [13.57717, 0.50483, 7.49998]},
			"faces": {
				"north": {"uv": [9, 11, 3, 12], "rotation": 90, "texture": "#0"},
				"east": {"uv": [3, 11, 9, 12], "rotation": 90, "texture": "#0"},
				"south": {"uv": [3, 11, 9, 12], "rotation": 270, "texture": "#0"},
				"west": {"uv": [9, 11, 3, 12], "rotation": 90, "texture": "#0"},
				"up": {"uv": [8, 11, 9, 12], "rotation": 270, "texture": "#0"},
				"down": {"uv": [3, 11, 4, 12], "rotation": 270, "texture": "#0"}
			}
		},
		{
			"from": [5.32739, 9.74962, 7.24999],
			"to": [5.82737, 11.74954, 7.74997],
			"rotation": {"angle": 0, "axis": "z", "origin": [13.57717, 0.50483, 7.49998]},
			"faces": {
				"north": {"uv": [10, 12, 6, 13], "rotation": 90, "texture": "#0"},
				"east": {"uv": [6, 12, 10, 13], "rotation": 90, "texture": "#0"},
				"south": {"uv": [6, 12, 10, 13], "rotation": 270, "texture": "#0"},
				"west": {"uv": [6, 12, 10, 13], "rotation": 90, "texture": "#0"},
				"up": {"uv": [6, 12, 7, 13], "rotation": 270, "texture": "#0"},
				"down": {"uv": [6, 12, 10, 13], "rotation": 270, "texture": "#0"}
			}
		},
		{
			"from": [5.82737, 10.74958, 7.24999],
			"to": [6.32735, 11.74954, 7.74997],
			"rotation": {"angle": 0, "axis": "z", "origin": [13.57717, 0.50483, 7.49998]},
			"faces": {
				"north": {"uv": [8, 13, 10, 14], "rotation": 90, "texture": "#0"},
				"east": {"uv": [8, 13, 10, 14], "rotation": 90, "texture": "#0"},
				"south": {"uv": [8, 13, 10, 14], "rotation": 270, "texture": "#0"},
				"up": {"uv": [8, 13, 10, 14], "rotation": 270, "texture": "#0"},
				"down": {"uv": [8, 13, 10, 14], "rotation": 270, "texture": "#0"}
			}
		},
		{
			"from": [2.82749, 8.74966, 7.24999],
			"to": [3.32747, 9.24964, 7.74997],
			"rotation": {"angle": 0, "axis": "z", "origin": [13.57717, 0.50483, 7.49998]},
			"faces": {
				"north": {"uv": [4, 7, 5, 8], "rotation": 90, "texture": "#0"},
				"south": {"uv": [4, 7, 5, 8], "rotation": 270, "texture": "#0"},
				"west": {"uv": [4, 7, 5, 8], "rotation": 90, "texture": "#0"},
				"up": {"uv": [4, 7, 5, 8], "rotation": 270, "texture": "#0"}
			}
		},
		{
			"from": [2.32751, 7.7497, 7.24999],
			"to": [3.32747, 8.74966, 7.74997],
			"rotation": {"angle": 0, "axis": "z", "origin": [13.57717, 0.50483, 7.49998]},
			"faces": {
				"north": {"uv": [4, 6, 2, 8], "rotation": 90, "texture": "#0"},
				"east": {"uv": [2, 6, 4, 7], "rotation": 90, "texture": "#0"},
				"south": {"uv": [2, 6, 4, 8], "rotation": 270, "texture": "#0"},
				"west": {"uv": [2, 6, 4, 7], "rotation": 90, "texture": "#0"},
				"up": {"uv": [2, 6, 4, 7], "rotation": 270, "texture": "#0"},
				"down": {"uv": [2, 6, 4, 7], "rotation": 270, "texture": "#0"}
			}
		},
		{
			"from": [5.32739, 7.7497, 7.24999],
			"to": [5.82737, 9.24964, 7.74997],
			"rotation": {"angle": 0, "axis": "z", "origin": [13.57717, 0.50483, 7.49998]},
			"faces": {
				"north": {"uv": [2, 12, 5, 13], "rotation": 90, "texture": "#0"},
				"east": {"uv": [2, 12, 5, 13], "rotation": 90, "texture": "#0"},
				"south": {"uv": [2, 12, 5, 13], "rotation": 270, "texture": "#0"},
				"west": {"uv": [2, 12, 5, 13], "rotation": 90, "texture": "#0"},
				"up": {"uv": [4, 12, 5, 13], "rotation": 270, "texture": "#0"},
				"down": {"uv": [2, 12, 3, 13], "rotation": 270, "texture": "#0"}
			}
		},
		{
			"from": [5.82737, 8.24968, 7.24999],
			"to": [6.32735, 8.74966, 7.74997],
			"rotation": {"angle": 0, "axis": "z", "origin": [13.57717, 0.50483, 7.49998]},
			"faces": {
				"north": {"uv": [3, 13, 4, 14], "rotation": 90, "texture": "#0"},
				"east": {"uv": [3, 13, 4, 14], "rotation": 90, "texture": "#0"},
				"south": {"uv": [3, 13, 4, 14], "rotation": 270, "texture": "#0"},
				"up": {"uv": [3, 13, 4, 14], "rotation": 270, "texture": "#0"}
			}
		},
		{
			"from": [12.34405, 14.27722, 7.24999],
			"to": [13.84399, 14.7772, 7.74997],
			"rotation": {"angle": 0, "axis": "z", "origin": [13.57717, 0.50483, 7.49998]},
			"faces": {
				"north": {"uv": [16, 0, 13, 1], "texture": "#0"},
				"east": {"uv": [16, 0, 13, 1], "texture": "#0"},
				"south": {"uv": [16, 0, 13, 1], "texture": "#0"},
				"west": {"uv": [16, 0, 13, 1], "texture": "#0"},
				"up": {"uv": [16, 0, 13, 1], "rotation": 180, "texture": "#0"}
			}
		},
		{
			"from": [11.84407, 13.77724, 7.24999],
			"to": [13.84399, 14.27722, 7.74997],
			"rotation": {"angle": 0, "axis": "z", "origin": [13.57717, 0.50483, 7.49998]},
			"faces": {
				"north": {"uv": [12, 1, 16, 2], "texture": "#0"},
				"east": {"uv": [12, 1, 13, 2], "texture": "#0"},
				"south": {"uv": [12, 1, 16, 2], "texture": "#0"},
				"west": {"uv": [12, 1, 13, 2], "texture": "#0"},
				"up": {"uv": [12, 1, 16, 2], "rotation": 180, "texture": "#0"}
			}
		},
		{
			"from": [11.34409, 13.27726, 7.24999],
			"to": [13.84399, 13.77724, 7.74997],
			"rotation": {"angle": 0, "axis": "z", "origin": [13.57717, 0.50483, 7.49998]},
			"faces": {
				"north": {"uv": [10, 3, 15, 4], "texture": "#0"},
				"east": {"uv": [6, 7, 7, 8], "texture": "#0"},
				"south": {"uv": [11, 2, 16, 3], "texture": "#0"},
				"west": {"uv": [6, 7, 7, 8], "texture": "#0"},
				"up": {"uv": [6, 7, 11, 8], "rotation": 180, "texture": "#0"},
				"down": {"uv": [6, 7, 11, 8], "rotation": 180, "texture": "#0"}
			}
		},
		{
			"from": [10.84411, 12.77728, 7.24999],
			"to": [13.34401, 13.27726, 7.74997],
			"rotation": {"angle": 0, "axis": "z", "origin": [13.57717, 0.50483, 7.49998]},
			"faces": {
				"north": {"uv": [10, 3, 15, 4], "texture": "#0"},
				"east": {"uv": [6, 7, 7, 8], "texture": "#0"},
				"south": {"uv": [11, 2, 16, 3], "texture": "#0"},
				"west": {"uv": [6, 7, 7, 8], "texture": "#0"},
				"up": {"uv": [6, 7, 11, 8], "rotation": 180, "texture": "#0"},
				"down": {"uv": [6, 7, 11, 8], "rotation": 180, "texture": "#0"}
			}
		},
		{
			"from": [10.34413, 12.2773, 7.24999],
			"to": [12.84403, 12.77728, 7.74997],
			"rotation": {"angle": 0, "axis": "z", "origin": [13.57717, 0.50483, 7.49998]},
			"faces": {
				"north": {"uv": [10, 3, 15, 4], "texture": "#0"},
				"east": {"uv": [6, 7, 7, 8], "texture": "#0"},
				"south": {"uv": [10, 3, 15, 4], "texture": "#0"},
				"west": {"uv": [6, 7, 7, 8], "texture": "#0"},
				"up": {"uv": [6, 7, 11, 8], "rotation": 180, "texture": "#0"},
				"down": {"uv": [6, 7, 11, 8], "rotation": 180, "texture": "#0"}
			}
		},
		{
			"from": [9.84415, 11.77732, 7.24999],
			"to": [12.34405, 12.2773, 7.74997],
			"rotation": {"angle": 0, "axis": "z", "origin": [13.57717, 0.50483, 7.49998]},
			"faces": {
				"north": {"uv": [6, 7, 11, 8], "texture": "#0"},
				"east": {"uv": [6, 7, 7, 8], "texture": "#0"},
				"south": {"uv": [7, 6, 12, 7], "texture": "#0"},
				"west": {"uv": [6, 7, 7, 8], "texture": "#0"},
				"up": {"uv": [6, 7, 11, 8], "rotation": 180, "texture": "#0"},
				"down": {"uv": [6, 7, 11, 8], "rotation": 180, "texture": "#0"}
			}
		},
		{
			"from": [9.34417, 11.27734, 7.24999],
			"to": [11.84407, 11.77732, 7.74997],
			"rotation": {"angle": 0, "axis": "z", "origin": [13.57717, 0.50483, 7.49998]},
			"faces": {
				"north": {"uv": [6, 7, 11, 8], "texture": "#0"},
				"east": {"uv": [6, 7, 7, 8], "texture": "#0"},
				"south": {"uv": [7, 6, 12, 7], "texture": "#0"},
				"west": {"uv": [6, 7, 7, 8], "texture": "#0"},
				"up": {"uv": [6, 7, 11, 8], "rotation": 180, "texture": "#0"},
				"down": {"uv": [6, 7, 11, 8], "rotation": 180, "texture": "#0"}
			}
		},
		{
			"from": [8.84419, 10.77736, 7.24999],
			"to": [11.34409, 11.27734, 7.74997],
			"rotation": {"angle": 0, "axis": "z", "origin": [13.57717, 0.50483, 7.49998]},
			"faces": {
				"north": {"uv": [7, 6, 12, 7], "texture": "#0"},
				"east": {"uv": [6, 7, 7, 8], "texture": "#0"},
				"south": {"uv": [7, 6, 12, 7], "texture": "#0"},
				"west": {"uv": [6, 7, 7, 8], "texture": "#0"},
				"up": {"uv": [6, 7, 11, 8], "rotation": 180, "texture": "#0"},
				"down": {"uv": [6, 7, 11, 8], "rotation": 180, "texture": "#0"}
			}
		},
		{
			"from": [7.34425, 10.27738, 7.24999],
			"to": [10.84411, 10.77736, 7.74997],
			"rotation": {"angle": 0, "axis": "z", "origin": [13.57717, 0.50483, 7.49998]},
			"faces": {
				"north": {"uv": [10, 8, 3, 9], "texture": "#0"},
				"east": {"uv": [9, 8, 10, 9], "texture": "#0"},
				"south": {"uv": [3, 8, 10, 9], "texture": "#0"},
				"west": {"uv": [3, 8, 4, 9], "texture": "#0"},
				"up": {"uv": [10, 8, 3, 9], "rotation": 180, "texture": "#0"},
				"down": {"uv": [3, 8, 10, 9], "rotation": 180, "texture": "#0"}
			}
		},
		{
			"from": [7.34425, 9.7774, 7.24999],
			"to": [10.34413, 10.27738, 7.74997],
			"rotation": {"angle": 0, "axis": "z", "origin": [13.57717, 0.50483, 7.49998]},
			"faces": {
				"north": {"uv": [9, 9, 3, 10], "texture": "#0"},
				"east": {"uv": [8, 9, 9, 10], "texture": "#0"},
				"south": {"uv": [3, 9, 9, 10], "texture": "#0"},
				"west": {"uv": [3, 9, 4, 10], "texture": "#0"},
				"down": {"uv": [3, 9, 9, 10], "rotation": 180, "texture": "#0"}
			}
		},
		{
			"from": [7.84423, 9.27742, 7.24999],
			"to": [9.84415, 9.7774, 7.74997],
			"rotation": {"angle": 0, "axis": "z", "origin": [13.57717, 0.50483, 7.49998]},
			"faces": {
				"north": {"uv": [8, 10, 4, 11], "texture": "#0"},
				"east": {"uv": [7, 10, 8, 11], "texture": "#0"},
				"south": {"uv": [4, 10, 8, 11], "texture": "#0"},
				"west": {"uv": [4, 10, 5, 11], "texture": "#0"}
			}
		},
		{
			"from": [7.34425, 8.77744, 7.24999],
			"to": [10.34413, 9.27742, 7.74997],
			"rotation": {"angle": 0, "axis": "z", "origin": [13.57717, 0.50483, 7.49998]},
			"faces": {
				"north": {"uv": [9, 11, 3, 12], "texture": "#0"},
				"east": {"uv": [8, 11, 9, 12], "texture": "#0"},
				"south": {"uv": [3, 11, 9, 12], "texture": "#0"},
				"west": {"uv": [3, 11, 4, 12], "texture": "#0"},
				"up": {"uv": [9, 11, 3, 12], "rotation": 180, "texture": "#0"},
				"down": {"uv": [3, 11, 9, 12], "rotation": 180, "texture": "#0"}
			}
		},
		{
			"from": [8.84419, 8.27746, 7.24999],
			"to": [10.84411, 8.77744, 7.74997],
			"rotation": {"angle": 0, "axis": "z", "origin": [13.57717, 0.50483, 7.49998]},
			"faces": {
				"north": {"uv": [10, 12, 6, 13], "texture": "#0"},
				"east": {"uv": [6, 12, 7, 13], "texture": "#0"},
				"south": {"uv": [6, 12, 10, 13], "texture": "#0"},
				"west": {"uv": [6, 12, 10, 13], "texture": "#0"},
				"up": {"uv": [6, 12, 10, 13], "rotation": 180, "texture": "#0"},
				"down": {"uv": [6, 12, 10, 13], "rotation": 180, "texture": "#0"}
			}
		},
		{
			"from": [9.84415, 7.77748, 7.24999],
			"to": [10.84411, 8.27746, 7.74997],
			"rotation": {"angle": 0, "axis": "z", "origin": [13.57717, 0.50483, 7.49998]},
			"faces": {
				"north": {"uv": [8, 13, 10, 14], "texture": "#0"},
				"east": {"uv": [8, 13, 10, 14], "texture": "#0"},
				"south": {"uv": [8, 13, 10, 14], "texture": "#0"},
				"west": {"uv": [8, 13, 10, 14], "texture": "#0"},
				"down": {"uv": [8, 13, 10, 14], "rotation": 180, "texture": "#0"}
			}
		},
		{
			"from": [7.84423, 10.77736, 7.24999],
			"to": [8.34421, 11.27734, 7.74997],
			"rotation": {"angle": 0, "axis": "z", "origin": [13.57717, 0.50483, 7.49998]},
			"faces": {
				"north": {"uv": [4, 7, 5, 8], "texture": "#0"},
				"east": {"uv": [4, 7, 5, 8], "texture": "#0"},
				"south": {"uv": [4, 7, 5, 8], "texture": "#0"},
				"up": {"uv": [4, 7, 5, 8], "rotation": 180, "texture": "#0"}
			}
		},
		{
			"from": [6.84427, 10.77736, 7.24999],
			"to": [7.84423, 11.77732, 7.74997],
			"rotation": {"angle": 0, "axis": "z", "origin": [13.57717, 0.50483, 7.49998]},
			"faces": {
				"north": {"uv": [4, 6, 2, 8], "texture": "#0"},
				"east": {"uv": [2, 6, 4, 7], "texture": "#0"},
				"south": {"uv": [2, 6, 4, 8], "texture": "#0"},
				"west": {"uv": [2, 6, 4, 7], "texture": "#0"},
				"up": {"uv": [2, 6, 4, 7], "rotation": 180, "texture": "#0"},
				"down": {"uv": [2, 6, 4, 7], "rotation": 180, "texture": "#0"}
			}
		},
		{
			"from": [6.84427, 8.27746, 7.24999],
			"to": [8.34421, 8.77744, 7.74997],
			"rotation": {"angle": 0, "axis": "z", "origin": [13.57717, 0.50483, 7.49998]},
			"faces": {
				"north": {"uv": [2, 12, 5, 13], "texture": "#0"},
				"east": {"uv": [4, 12, 5, 13], "texture": "#0"},
				"south": {"uv": [2, 12, 5, 13], "texture": "#0"},
				"west": {"uv": [2, 12, 3, 13], "texture": "#0"},
				"up": {"uv": [2, 12, 5, 13], "rotation": 180, "texture": "#0"},
				"down": {"uv": [2, 12, 5, 13], "rotation": 180, "texture": "#0"}
			}
		},
		{
			"from": [7.34425, 7.77748, 7.24999],
			"to": [7.84423, 8.27746, 7.74997],
			"rotation": {"angle": 0, "axis": "z", "origin": [13.57717, 0.50483, 7.49998]},
			"faces": {
				"north": {"uv": [3, 13, 4, 14], "texture": "#0"},
				"east": {"uv": [3, 13, 4, 14], "texture": "#0"},
				"south": {"uv": [3, 13, 4, 14], "texture": "#0"},
				"down": {"uv": [3, 13, 4, 14], "rotation": 180, "texture": "#0"}
			}
		}
	],
	"display": {
		"thirdperson_righthand": {
			"rotation": [-48, 90, 0],
			"translation": [1, 3.5, -1]
		},
		"thirdperson_lefthand": {
			"rotation": [52, 90, 0],
			"translation": [1, 3, 2.5]
		},
		"firstperson_righthand": {
			"rotation": [-66, 83, 41],
			"translation": [1.25, 4.75, -2.5]
		},
		"firstperson_lefthand": {
			"rotation": [-37, 85, 104],
			"translation": [2, 3.25, -1]
		},
		"ground": {
			"translation": [0, 4.5, 0]
		},
		"gui": {
			"rotation": [0, 0, -90],
			"translation": [0.5, -1.25, 0]
		},
		"fixed": {
			"translation": [1.25, 0, 0]
		}
	},
	"groups": [
		{
			"name": "sword",
			"origin": [-6.66608, 23.94641, 7.50002],
			"color": 0,
			"children": [0, 1, 2, 3, 4, 5, 6, 7, 8, 9, 10, 11, 12, 13, 14, 15, 16, 17, 18]
		},
		{
			"name": "sword",
			"origin": [-6.66608, 23.94641, 7.50002],
			"color": 0,
			"children": [19, 20, 21, 22, 23, 24, 25, 26, 27, 28, 29, 30, 31, 32, 33, 34, 35, 36]
		},
		{
			"name": "sword",
			"origin": [-6.66608, 23.94641, 7.50002],
			"color": 0,
			"children": [37, 38, 39, 40, 41, 42, 43, 44, 45, 46, 47, 48, 49, 50, 51, 52, 53, 54]
		},
		{
			"name": "sword",
			"origin": [-6.66608, 23.94641, 7.50002],
			"color": 0,
			"children": [55, 56, 57, 58, 59, 60, 61, 62, 63, 64, 65, 66, 67, 68, 69, 70, 71, 72]
		}
	]
}