{
	"credit": "Made with Blockbench",
        "gui_light": "front",
	"textures": {
		"0": "item/diamond_sword",
		"2": "./the_word_sword",
		"particle": "item/diamond_sword"
	},
	"elements": [
		{
			"from": [11, 0, 7],
			"to": [14, 3, 8],
			"faces": {
				"north": {"uv": [0, 13, 3, 16], "texture": "#0"},
				"east": {"uv": [0, 13, 1, 16], "texture": "#0"},
				"south": {"uv": [0, 13, 3, 16], "rotation": 270, "texture": "#0"},
				"west": {"uv": [2, 13, 3, 16], "texture": "#0"},
				"up": {"uv": [0, 13, 3, 14], "rotation": 180, "texture": "#0"},
				"down": {"uv": [0, 15, 3, 16], "texture": "#0"}
			}
		},
		{
			"from": [9, 3, 7],
			"to": [12, 4, 8],
			"faces": {
				"north": {"uv": [2, 12, 5, 13], "texture": "#0"},
				"east": {"uv": [2, 12, 3, 13], "texture": "#0"},
				"south": {"uv": [2, 12, 5, 13], "texture": "#0"},
				"west": {"uv": [4, 12, 5, 13], "texture": "#0"},
				"up": {"uv": [2, 12, 5, 13], "texture": "#0"},
				"down": {"uv": [2, 12, 5, 13], "texture": "#0"}
			}
		},
		{
			"from": [4, 3, 7],
			"to": [8, 4, 8],
			"faces": {
				"north": {"uv": [6, 12, 10, 13], "texture": "#0"},
				"east": {"uv": [6, 12, 10, 13], "texture": "#0"},
				"south": {"uv": [10, 12, 6, 13], "texture": "#0"},
				"west": {"uv": [6, 12, 7, 13], "texture": "#0"},
				"up": {"uv": [6, 12, 10, 13], "texture": "#0"},
				"down": {"uv": [6, 12, 10, 13], "texture": "#0"}
			}
		},
		{
			"from": [4, 2, 7],
			"to": [6, 3, 8],
			"faces": {
				"north": {"uv": [8, 13, 10, 14], "texture": "#0"},
				"east": {"uv": [8, 13, 10, 14], "texture": "#0"},
				"south": {"uv": [8, 13, 10, 14], "texture": "#0"},
				"west": {"uv": [8, 13, 10, 14], "texture": "#0"},
				"down": {"uv": [8, 13, 10, 14], "texture": "#0"}
			}
		},
		{
			"from": [5, 4, 7],
			"to": [11, 5, 8],
			"faces": {
				"north": {"uv": [3, 11, 9, 12], "texture": "#0"},
				"east": {"uv": [3, 11, 4, 12], "texture": "#0"},
				"south": {"uv": [9, 11, 3, 12], "texture": "#0"},
				"west": {"uv": [8, 11, 9, 12], "texture": "#0"},
				"up": {"uv": [9, 11, 3, 12], "texture": "#0"},
				"down": {"uv": [3, 11, 9, 12], "texture": "#0"}
			}
		},
		{
			"from": [7, 6, 7],
			"to": [11, 7, 8],
			"faces": {
				"north": {"uv": [3, 9, 7, 10], "texture": "#0"},
				"east": {"uv": [3, 9, 4, 10], "texture": "#0"},
				"south": {"uv": [7, 9, 3, 10], "texture": "#0"},
				"west": {"uv": [6, 9, 7, 10], "texture": "#0"},
				"up": {"uv": [3, 8, 6, 9], "texture": "#0"},
				"down": {"uv": [3, 9, 9, 10], "texture": "#0"}
			}
		},
		{
			"from": [8, 7, 7],
			"to": [11, 8, 8],
			"faces": {
				"north": {"uv": [3, 8, 6, 9], "texture": "#0"},
				"east": {"uv": [3, 8, 4, 9], "texture": "#0"},
				"south": {"uv": [6, 8, 3, 9], "texture": "#0"},
				"west": {"uv": [5, 8, 6, 9], "texture": "#0"},
				"up": {"uv": [6, 8, 3, 9], "texture": "#0"}
			}
		},
		{
			"from": [10, 8, 7],
			"to": [12, 10, 8],
			"faces": {
				"north": {"uv": [2, 6, 4, 8], "texture": "#0"},
				"east": {"uv": [2, 6, 4, 7], "texture": "#0"},
				"south": {"uv": [4, 6, 2, 8], "texture": "#0"},
				"west": {"uv": [2, 6, 4, 7], "texture": "#0"},
				"up": {"uv": [2, 6, 4, 7], "texture": "#0"},
				"down": {"uv": [2, 6, 4, 7], "texture": "#0"}
			}
		},
		{
			"from": [6, 5, 7],
			"to": [10, 6, 8],
			"faces": {
				"north": {"uv": [4, 10, 8, 11], "texture": "#0"},
				"east": {"uv": [4, 10, 5, 11], "texture": "#0"},
				"south": {"uv": [8, 10, 4, 11], "texture": "#0"},
				"west": {"uv": [7, 10, 8, 11], "texture": "#0"},
				"up": {"uv": [3, 9, 7, 10], "texture": "#0"}
			}
		},
		{
			"from": [10, 2, 7],
			"to": [11, 3, 8],
			"faces": {
				"north": {"uv": [3, 13, 4, 14], "texture": "#0"},
				"south": {"uv": [3, 13, 4, 14], "texture": "#0"},
				"west": {"uv": [3, 13, 4, 14], "texture": "#0"},
				"down": {"uv": [3, 13, 4, 14], "texture": "#0"}
			}
		},
		{
			"from": [9, 8, 7],
			"to": [10, 9, 8],
			"faces": {
				"north": {"uv": [4, 7, 5, 8], "texture": "#0"},
				"south": {"uv": [4, 7, 5, 8], "texture": "#0"},
				"west": {"uv": [4, 7, 5, 8], "texture": "#0"},
				"up": {"uv": [4, 7, 5, 8], "texture": "#0"}
			}
		},
		{
			"name": "the_word_sword_0",
			"from": [-4.04487, 17.36538, 7.06538],
			"to": [-3.37821, 19.03205, 7.99872],
			"rotation": {"angle": 0, "axis": "y", "origin": [8.89423, 0.16667, 7.53205]},
			"faces": {
				"north": {"uv": [12.66667, 0.66667, 13.33333, 2.33333], "texture": "#2"},
				"east": {"uv": [12.66667, 0.66667, 13, 2.33333], "texture": "#2"},
				"south": {"uv": [12.66667, 2.33333, 13.33333, 0.66667], "rotation": 180, "texture": "#2"},
				"west": {"uv": [13, 0.66667, 13.33333, 2.33333], "texture": "#2"},
				"up": {"uv": [13.33333, 0.66667, 12.66667, 1], "texture": "#2"},
				"down": {"uv": [12.66667, 2, 13.33333, 2.33333], "rotation": 180, "texture": "#2"}
			}
		},
		{
			"name": "the_word_sword_1",
			"from": [-3.37821, 18.03205, 7.06538],
			"to": [-3.04487, 18.69872, 7.99872],
			"rotation": {"angle": 0, "axis": "y", "origin": [8.89423, 0.16667, 7.53205]},
			"faces": {
				"north": {"uv": [12.33333, 1, 12.66667, 1.66667], "texture": "#2"},
				"east": {"uv": [12.33333, 1, 12.66667, 1.66667], "texture": "#2"},
				"south": {"uv": [12.33333, 1.66667, 12.66667, 1], "rotation": 180, "texture": "#2"},
				"up": {"uv": [12.66667, 1, 12.33333, 1.33333], "texture": "#2"},
				"down": {"uv": [12.33333, 1.33333, 12.66667, 1.66667], "rotation": 180, "texture": "#2"}
			}
		},
		{
			"name": "the_word_sword_2",
			"from": [-4.37821, 15.69872, 7.06538],
			"to": [-4.04487, 18.69872, 7.99872],
			"rotation": {"angle": 0, "axis": "y", "origin": [8.89423, 0.16667, 7.53205]},
			"faces": {
				"north": {"uv": [13.33333, 1, 13.66667, 4], "texture": "#2"},
				"south": {"uv": [13.33333, 4, 13.66667, 1], "rotation": 180, "texture": "#2"},
				"west": {"uv": [13.33333, 1, 13.66667, 4], "texture": "#2"},
				"up": {"uv": [13.66667, 1, 13.33333, 1.33333], "texture": "#2"},
				"down": {"uv": [13.33333, 3.66667, 13.66667, 4], "rotation": 180, "texture": "#2"}
			}
		},
		{
			"name": "the_word_sword_3",
			"from": [-4.71154, 15.69872, 7.06538],
			"to": [-4.37821, 18.36538, 7.99872],
			"rotation": {"angle": 0, "axis": "y", "origin": [8.89423, 0.16667, 7.53205]},
			"faces": {
				"north": {"uv": [13.66667, 1.33333, 14, 4], "texture": "#2"},
				"south": {"uv": [13.66667, 4, 14, 1.33333], "rotation": 180, "texture": "#2"},
				"west": {"uv": [13.66667, 1.33333, 14, 4], "texture": "#2"},
				"up": {"uv": [14, 1.33333, 13.66667, 1.66667], "texture": "#2"},
				"down": {"uv": [13.66667, 3.66667, 14, 4], "rotation": 180, "texture": "#2"}
			}
		},
		{
			"name": "the_word_sword_4",
			"from": [-5.04487, 15.69872, 7.06538],
			"to": [-4.71154, 18.03205, 7.99872],
			"rotation": {"angle": 0, "axis": "y", "origin": [8.89423, 0.16667, 7.53205]},
			"faces": {
				"north": {"uv": [14, 1.66667, 14.33333, 4], "texture": "#2"},
				"south": {"uv": [14, 4, 14.33333, 1.66667], "rotation": 180, "texture": "#2"},
				"west": {"uv": [14, 1.66667, 14.33333, 4], "texture": "#2"},
				"up": {"uv": [14.33333, 1.66667, 14, 2], "texture": "#2"},
				"down": {"uv": [14, 3.66667, 14.33333, 4], "rotation": 180, "texture": "#2"}
			}
		},
		{
			"name": "the_word_sword_5",
			"from": [-4.04487, 13.36538, 7.06538],
			"to": [-3.71154, 17.36538, 7.99872],
			"rotation": {"angle": 0, "axis": "y", "origin": [8.89423, 0.16667, 7.53205]},
			"faces": {
				"north": {"uv": [13, 2.33333, 13.33333, 6.33333], "texture": "#2"},
				"east": {"uv": [13, 2.33333, 13.33333, 6.33333], "texture": "#2"},
				"south": {"uv": [13, 6.33333, 13.33333, 2.33333], "rotation": 180, "texture": "#2"},
				"west": {"uv": [13, 2.33333, 13.33333, 6.33333], "texture": "#2"},
				"down": {"uv": [13, 6, 13.33333, 6.33333], "rotation": 180, "texture": "#2"}
			}
		},
		{
			"name": "the_word_sword_6",
			"from": [-5.37821, 13.03205, 7.06538],
			"to": [-5.04487, 17.36538, 7.99872],
			"rotation": {"angle": 0, "axis": "y", "origin": [8.89423, 0.16667, 7.53205]},
			"faces": {
				"north": {"uv": [14.33333, 2.33333, 14.66667, 6.66667], "texture": "#2"},
				"east": {"uv": [14.33333, 2.33333, 14.66667, 6.66667], "texture": "#2"},
				"south": {"uv": [14.33333, 6.66667, 14.66667, 2.33333], "rotation": 180, "texture": "#2"},
				"west": {"uv": [14.33333, 2.33333, 14.66667, 6.66667], "texture": "#2"},
				"up": {"uv": [14.66667, 2.33333, 14.33333, 2.66667], "texture": "#2"},
				"down": {"uv": [14.33333, 6.33333, 14.66667, 6.66667], "rotation": 180, "texture": "#2"}
			}
		},
		{
			"name": "the_word_sword_7",
			"from": [-3.71154, 13.69872, 7.06538],
			"to": [-3.37821, 17.03205, 7.99872],
			"rotation": {"angle": 0, "axis": "y", "origin": [8.89423, 0.16667, 7.53205]},
			"faces": {
				"north": {"uv": [12.66667, 2.66667, 13, 6], "texture": "#2"},
				"east": {"uv": [12.66667, 2.66667, 13, 6], "texture": "#2"},
				"south": {"uv": [12.66667, 6, 13, 2.66667], "rotation": 180, "texture": "#2"},
				"up": {"uv": [13, 2.66667, 12.66667, 3], "texture": "#2"},
				"down": {"uv": [12.66667, 5.66667, 13, 6], "rotation": 180, "texture": "#2"}
			}
		},
		{
			"name": "the_word_sword_8",
			"from": [-5.71154, 13.36538, 7.06538],
			"to": [-5.37821, 17.03205, 7.99872],
			"rotation": {"angle": 0, "axis": "y", "origin": [8.89423, 0.16667, 7.53205]},
			"faces": {
				"north": {"uv": [14.66667, 2.66667, 15, 6.33333], "texture": "#2"},
				"south": {"uv": [14.66667, 6.33333, 15, 2.66667], "rotation": 180, "texture": "#2"},
				"west": {"uv": [14.66667, 2.66667, 15, 6.33333], "texture": "#2"},
				"up": {"uv": [15, 2.66667, 14.66667, 3], "texture": "#2"},
				"down": {"uv": [14.66667, 6, 15, 6.33333], "rotation": 180, "texture": "#2"}
			}
		},
		{
			"name": "the_word_sword_9",
			"from": [-3.37821, 14.03205, 7.06538],
			"to": [-3.04487, 16.69872, 7.99872],
			"rotation": {"angle": 0, "axis": "y", "origin": [8.89423, 0.16667, 7.53205]},
			"faces": {
				"north": {"uv": [12.33333, 3, 12.66667, 5.66667], "texture": "#2"},
				"east": {"uv": [12.33333, 3, 12.66667, 5.66667], "texture": "#2"},
				"south": {"uv": [12.33333, 5.66667, 12.66667, 3], "rotation": 180, "texture": "#2"},
				"up": {"uv": [12.66667, 3, 12.33333, 3.33333], "texture": "#2"},
				"down": {"uv": [12.33333, 5.33333, 12.66667, 5.66667], "rotation": 180, "texture": "#2"}
			}
		},
		{
			"name": "the_word_sword_10",
			"from": [-2.37821, 14.69872, 7.06538],
			"to": [-1.71154, 16.36538, 7.99872],
			"rotation": {"angle": 0, "axis": "y", "origin": [8.89423, 0.16667, 7.53205]},
			"faces": {
				"north": {"uv": [11, 3.33333, 11.66667, 5], "texture": "#2"},
				"east": {"uv": [11, 3.33333, 11.33333, 5], "texture": "#2"},
				"south": {"uv": [11, 5, 11.66667, 3.33333], "rotation": 180, "texture": "#2"},
				"west": {"uv": [11.33333, 3.33333, 11.66667, 5], "texture": "#2"},
				"up": {"uv": [11.66667, 3.33333, 11, 3.66667], "texture": "#2"},
				"down": {"uv": [11, 4.66667, 11.66667, 5], "rotation": 180, "texture": "#2"}
			}
		},
		{
			"name": "the_word_sword_11",
			"from": [-3.04487, 14.36538, 7.06538],
			"to": [-2.71154, 16.36538, 7.99872],
			"rotation": {"angle": 0, "axis": "y", "origin": [8.89423, 0.16667, 7.53205]},
			"faces": {
				"north": {"uv": [12, 3.33333, 12.33333, 5.33333], "texture": "#2"},
				"east": {"uv": [12, 3.33333, 12.33333, 5.33333], "texture": "#2"},
				"south": {"uv": [12, 5.33333, 12.33333, 3.33333], "rotation": 180, "texture": "#2"},
				"up": {"uv": [12.33333, 3.33333, 12, 3.66667], "texture": "#2"},
				"down": {"uv": [12, 5, 12.33333, 5.33333], "rotation": 180, "texture": "#2"}
			}
		},
		{
			"name": "the_word_sword_12",
			"from": [-6.04487, 13.69872, 7.06538],
			"to": [-5.71154, 16.36538, 7.99872],
			"rotation": {"angle": 0, "axis": "y", "origin": [8.89423, 0.16667, 7.53205]},
			"faces": {
				"north": {"uv": [15, 3.33333, 15.33333, 6], "texture": "#2"},
				"south": {"uv": [15, 6, 15.33333, 3.33333], "rotation": 180, "texture": "#2"},
				"west": {"uv": [15, 3.33333, 15.33333, 6], "texture": "#2"},
				"up": {"uv": [15.33333, 3.33333, 15, 3.66667], "texture": "#2"},
				"down": {"uv": [15, 5.66667, 15.33333, 6], "rotation": 180, "texture": "#2"}
			}
		},
		{
			"name": "the_word_sword_13",
			"from": [-1.71154, 11.03205, 7.06538],
			"to": [-1.37821, 16.03205, 7.99872],
			"rotation": {"angle": 0, "axis": "y", "origin": [8.89423, 0.16667, 7.53205]},
			"faces": {
				"north": {"uv": [10.66667, 3.66667, 11, 8.66667], "texture": "#2"},
				"east": {"uv": [10.66667, 3.66667, 11, 8.66667], "texture": "#2"},
				"south": {"uv": [10.66667, 8.66667, 11, 3.66667], "rotation": 180, "texture": "#2"},
				"west": {"uv": [10.66667, 3.66667, 11, 8.66667], "texture": "#2"},
				"up": {"uv": [11, 3.66667, 10.66667, 4], "texture": "#2"},
				"down": {"uv": [10.66667, 8.33333, 11, 8.66667], "rotation": 180, "texture": "#2"}
			}
		},
		{
			"name": "the_word_sword_14",
			"from": [-2.71154, 14.69872, 7.06538],
			"to": [-2.37821, 16.03205, 7.99872],
			"rotation": {"angle": 0, "axis": "y", "origin": [8.89423, 0.16667, 7.53205]},
			"faces": {
				"north": {"uv": [11.66667, 3.66667, 12, 5], "texture": "#2"},
				"south": {"uv": [11.66667, 5, 12, 3.66667], "rotation": 180, "texture": "#2"},
				"up": {"uv": [12, 3.66667, 11.66667, 4], "texture": "#2"},
				"down": {"uv": [11.66667, 4.66667, 12, 5], "rotation": 180, "texture": "#2"}
			}
		},
		{
			"name": "the_word_sword_15",
			"from": [-6.37821, 14.03205, 7.06538],
			"to": [-6.04487, 16.03205, 7.99872],
			"rotation": {"angle": 0, "axis": "y", "origin": [8.89423, 0.16667, 7.53205]},
			"faces": {
				"north": {"uv": [15.33333, 3.66667, 15.66667, 5.66667], "texture": "#2"},
				"south": {"uv": [15.33333, 5.66667, 15.66667, 3.66667], "rotation": 180, "texture": "#2"},
				"west": {"uv": [15.33333, 3.66667, 15.66667, 5.66667], "texture": "#2"},
				"up": {"uv": [15.66667, 3.66667, 15.33333, 4], "texture": "#2"},
				"down": {"uv": [15.33333, 5.33333, 15.66667, 5.66667], "rotation": 180, "texture": "#2"}
			}
		},
		{
			"name": "the_word_sword_16",
			"from": [-1.37821, 10.69872, 7.06538],
			"to": [-1.04487, 15.69872, 7.99872],
			"rotation": {"angle": 0, "axis": "y", "origin": [8.89423, 0.16667, 7.53205]},
			"faces": {
				"north": {"uv": [10.33333, 4, 10.66667, 9], "texture": "#2"},
				"east": {"uv": [10.33333, 4, 10.66667, 9], "texture": "#2"},
				"south": {"uv": [10.33333, 9, 10.66667, 4], "rotation": 180, "texture": "#2"},
				"west": {"uv": [10.33333, 4, 10.66667, 9], "texture": "#2"},
				"up": {"uv": [10.66667, 4, 10.33333, 4.33333], "texture": "#2"},
				"down": {"uv": [10.33333, 8.66667, 10.66667, 9], "rotation": 180, "texture": "#2"}
			}
		},
		{
			"name": "the_word_sword_17",
			"from": [-6.71154, 14.69872, 7.06538],
			"to": [-6.37821, 15.69872, 7.99872],
			"rotation": {"angle": 0, "axis": "y", "origin": [8.89423, 0.16667, 7.53205]},
			"faces": {
				"north": {"uv": [15.66667, 4, 16, 5], "texture": "#2"},
				"south": {"uv": [15.66667, 5, 16, 4], "rotation": 180, "texture": "#2"},
				"west": {"uv": [15.66667, 4, 16, 5], "texture": "#2"},
				"up": {"uv": [16, 4, 15.66667, 4.33333], "texture": "#2"},
				"down": {"uv": [15.66667, 4.66667, 16, 5], "rotation": 180, "texture": "#2"}
			}
		},
		{
			"name": "the_word_sword_18",
			"from": [-1.04487, 10.36538, 7.06538],
			"to": [-0.71154, 15.36538, 7.99872],
			"rotation": {"angle": 0, "axis": "y", "origin": [8.89423, 0.16667, 7.53205]},
			"faces": {
				"north": {"uv": [10, 4.33333, 10.33333, 9.33333], "texture": "#2"},
				"east": {"uv": [10, 4.33333, 10.33333, 9.33333], "texture": "#2"},
				"south": {"uv": [10, 9.33333, 10.33333, 4.33333], "rotation": 180, "texture": "#2"},
				"west": {"uv": [10, 4.33333, 10.33333, 9.33333], "texture": "#2"},
				"up": {"uv": [10.33333, 4.33333, 10, 4.66667], "texture": "#2"},
				"down": {"uv": [10, 9, 10.33333, 9.33333], "rotation": 180, "texture": "#2"}
			}
		},
		{
			"name": "the_word_sword_19",
			"from": [-0.71154, 10.03205, 7.06538],
			"to": [-0.37821, 14.69872, 7.99872],
			"rotation": {"angle": 0, "axis": "y", "origin": [8.89423, 0.16667, 7.53205]},
			"faces": {
				"north": {"uv": [9.66667, 5, 10, 9.66667], "texture": "#2"},
				"east": {"uv": [9.66667, 5, 10, 9.66667], "texture": "#2"},
				"south": {"uv": [9.66667, 9.66667, 10, 5], "rotation": 180, "texture": "#2"},
				"west": {"uv": [9.66667, 5, 10, 9.66667], "texture": "#2"},
				"up": {"uv": [10, 5, 9.66667, 5.33333], "texture": "#2"},
				"down": {"uv": [9.66667, 9.33333, 10, 9.66667], "rotation": 180, "texture": "#2"}
			}
		},
		{
			"name": "the_word_sword_20",
			"from": [-2.04487, 11.36538, 7.06538],
			"to": [-1.71154, 14.69872, 7.99872],
			"rotation": {"angle": 0, "axis": "y", "origin": [8.89423, 0.16667, 7.53205]},
			"faces": {
				"north": {"uv": [11, 5, 11.33333, 8.33333], "texture": "#2"},
				"south": {"uv": [11, 8.33333, 11.33333, 5], "rotation": 180, "texture": "#2"},
				"west": {"uv": [11, 5, 11.33333, 8.33333], "texture": "#2"},
				"down": {"uv": [11, 8, 11.33333, 8.33333], "rotation": 180, "texture": "#2"}
			}
		},
		{
			"name": "the_word_sword_21",
			"from": [-5.04487, 13.03205, 7.06538],
			"to": [-4.04487, 14.69872, 7.99872],
			"rotation": {"angle": 0, "axis": "y", "origin": [8.89423, 0.16667, 7.53205]},
			"faces": {
				"north": {"uv": [13.33333, 5, 14.33333, 6.66667], "texture": "#2"},
				"east": {"uv": [13.33333, 5, 13.66667, 6.66667], "texture": "#2"},
				"south": {"uv": [13.33333, 6.66667, 14.33333, 5], "rotation": 180, "texture": "#2"},
				"up": {"uv": [14.33333, 5, 13.33333, 5.33333], "texture": "#2"},
				"down": {"uv": [13.33333, 6.33333, 14.33333, 6.66667], "rotation": 180, "texture": "#2"}
			}
		},
		{
			"name": "the_word_sword_22",
			"from": [-0.04487, 12.69872, 7.06538],
			"to": [0.95513, 14.36538, 7.99872],
			"rotation": {"angle": 0, "axis": "y", "origin": [8.89423, 0.16667, 7.53205]},
			"faces": {
				"north": {"uv": [8.33333, 5.33333, 9.33333, 7], "texture": "#2"},
				"east": {"uv": [8.33333, 5.33333, 8.66667, 7], "texture": "#2"},
				"south": {"uv": [8.33333, 7, 9.33333, 5.33333], "rotation": 180, "texture": "#2"},
				"west": {"uv": [9, 5.33333, 9.33333, 7], "texture": "#2"},
				"up": {"uv": [9.33333, 5.33333, 8.33333, 5.66667], "texture": "#2"},
				"down": {"uv": [8.33333, 6.66667, 9.33333, 7], "rotation": 180, "texture": "#2"}
			}
		},
		{
			"name": "the_word_sword_23",
			"from": [0.95513, 10.36538, 7.06538],
			"to": [1.28846, 14.03205, 7.99872],
			"rotation": {"angle": 0, "axis": "y", "origin": [8.89423, 0.16667, 7.53205]},
			"faces": {
				"north": {"uv": [8, 5.66667, 8.33333, 9.33333], "texture": "#2"},
				"east": {"uv": [8, 5.66667, 8.33333, 9.33333], "texture": "#2"},
				"south": {"uv": [8, 9.33333, 8.33333, 5.66667], "rotation": 180, "texture": "#2"},
				"west": {"uv": [8, 5.66667, 8.33333, 9.33333], "texture": "#2"},
				"up": {"uv": [8.33333, 5.66667, 8, 6], "texture": "#2"},
				"down": {"uv": [8, 9, 8.33333, 9.33333], "rotation": 180, "texture": "#2"}
			}
		},
		{
			"name": "the_word_sword_24",
			"from": [-0.37821, 12.36538, 7.06538],
			"to": [-0.04487, 14.03205, 7.99872],
			"rotation": {"angle": 0, "axis": "y", "origin": [8.89423, 0.16667, 7.53205]},
			"faces": {
				"north": {"uv": [9.33333, 5.66667, 9.66667, 7.33333], "texture": "#2"},
				"east": {"uv": [9.33333, 5.66667, 9.66667, 7.33333], "texture": "#2"},
				"south": {"uv": [9.33333, 7.33333, 9.66667, 5.66667], "rotation": 180, "texture": "#2"},
				"up": {"uv": [9.66667, 5.66667, 9.33333, 6], "texture": "#2"},
				"down": {"uv": [9.33333, 7, 9.66667, 7.33333], "rotation": 180, "texture": "#2"}
			}
		},
		{
			"name": "the_word_sword_25",
			"from": [-2.37821, 11.69872, 7.06538],
			"to": [-2.04487, 14.03205, 7.99872],
			"rotation": {"angle": 0, "axis": "y", "origin": [8.89423, 0.16667, 7.53205]},
			"faces": {
				"north": {"uv": [11.33333, 5.66667, 11.66667, 8], "texture": "#2"},
				"south": {"uv": [11.33333, 8, 11.66667, 5.66667], "rotation": 180, "texture": "#2"},
				"west": {"uv": [11.33333, 5.66667, 11.66667, 8], "texture": "#2"},
				"up": {"uv": [11.66667, 5.66667, 11.33333, 6], "texture": "#2"},
				"down": {"uv": [11.33333, 7.66667, 11.66667, 8], "rotation": 180, "texture": "#2"}
			}
		},
		{
			"name": "the_word_sword_26",
			"from": [1.28846, 9.36538, 7.06538],
			"to": [1.62179, 13.69872, 7.99872],
			"rotation": {"angle": 0, "axis": "y", "origin": [8.89423, 0.16667, 7.53205]},
			"faces": {
				"north": {"uv": [7.66667, 6, 8, 10.33333], "texture": "#2"},
				"east": {"uv": [7.66667, 6, 8, 10.33333], "texture": "#2"},
				"south": {"uv": [7.66667, 10.33333, 8, 6], "rotation": 180, "texture": "#2"},
				"west": {"uv": [7.66667, 6, 8, 10.33333], "texture": "#2"},
				"up": {"uv": [8, 6, 7.66667, 6.33333], "texture": "#2"},
				"down": {"uv": [7.66667, 10, 8, 10.33333], "rotation": 180, "texture": "#2"}
			}
		},
		{
			"name": "the_word_sword_27",
			"from": [-2.71154, 11.36538, 7.06538],
			"to": [-2.37821, 13.69872, 7.99872],
			"rotation": {"angle": 0, "axis": "y", "origin": [8.89423, 0.16667, 7.53205]},
			"faces": {
				"north": {"uv": [11.66667, 6, 12, 8.33333], "texture": "#2"},
				"east": {"uv": [11.66667, 6, 12, 8.33333], "texture": "#2"},
				"south": {"uv": [11.66667, 8.33333, 12, 6], "rotation": 180, "texture": "#2"},
				"west": {"uv": [11.66667, 6, 12, 8.33333], "texture": "#2"},
				"up": {"uv": [12, 6, 11.66667, 6.33333], "texture": "#2"},
				"down": {"uv": [11.66667, 8, 12, 8.33333], "rotation": 180, "texture": "#2"}
			}
		},
		{
			"name": "the_word_sword_28",
			"from": [1.62179, 9.03205, 7.06538],
			"to": [1.95513, 13.36538, 7.99872],
			"rotation": {"angle": 0, "axis": "y", "origin": [8.89423, 0.16667, 7.53205]},
			"faces": {
				"north": {"uv": [7.33333, 6.33333, 7.66667, 10.66667], "texture": "#2"},
				"east": {"uv": [7.33333, 6.33333, 7.66667, 10.66667], "texture": "#2"},
				"south": {"uv": [7.33333, 10.66667, 7.66667, 6.33333], "rotation": 180, "texture": "#2"},
				"west": {"uv": [7.33333, 6.33333, 7.66667, 10.66667], "texture": "#2"},
				"up": {"uv": [7.66667, 6.33333, 7.33333, 6.66667], "texture": "#2"},
				"down": {"uv": [7.33333, 10.33333, 7.66667, 10.66667], "rotation": 180, "texture": "#2"}
			}
		},
		{
			"name": "the_word_sword_29",
			"from": [-3.04487, 11.69872, 7.06538],
			"to": [-2.71154, 13.36538, 7.99872],
			"rotation": {"angle": 0, "axis": "y", "origin": [8.89423, 0.16667, 7.53205]},
			"faces": {
				"north": {"uv": [12, 6.33333, 12.33333, 8], "texture": "#2"},
				"south": {"uv": [12, 8, 12.33333, 6.33333], "rotation": 180, "texture": "#2"},
				"west": {"uv": [12, 6.33333, 12.33333, 8], "texture": "#2"},
				"up": {"uv": [12.33333, 6.33333, 12, 6.66667], "texture": "#2"},
				"down": {"uv": [12, 7.66667, 12.33333, 8], "rotation": 180, "texture": "#2"}
			}
		},
		{
			"name": "the_word_sword_30",
			"from": [2.62179, 9.03205, 7.06538],
			"to": [2.95513, 13.03205, 7.99872],
			"rotation": {"angle": 0, "axis": "y", "origin": [8.89423, 0.16667, 7.53205]},
			"faces": {
				"north": {"uv": [6.33333, 6.66667, 6.66667, 10.66667], "texture": "#2"},
				"east": {"uv": [6.33333, 6.66667, 6.66667, 10.66667], "texture": "#2"},
				"south": {"uv": [6.33333, 10.66667, 6.66667, 6.66667], "rotation": 180, "texture": "#2"},
				"west": {"uv": [6.33333, 6.66667, 6.66667, 10.66667], "texture": "#2"},
				"up": {"uv": [6.66667, 6.66667, 6.33333, 7], "texture": "#2"},
				"down": {"uv": [6.33333, 10.33333, 6.66667, 10.66667], "rotation": 180, "texture": "#2"}
			}
		},
		{
			"name": "the_word_sword_31",
			"from": [1.95513, 8.69872, 7.06538],
			"to": [2.28846, 13.03205, 7.99872],
			"rotation": {"angle": 0, "axis": "y", "origin": [8.89423, 0.16667, 7.53205]},
			"faces": {
				"north": {"uv": [7, 6.66667, 7.33333, 11], "texture": "#2"},
				"east": {"uv": [7, 6.66667, 7.33333, 11], "texture": "#2"},
				"south": {"uv": [7, 11, 7.33333, 6.66667], "rotation": 180, "texture": "#2"},
				"west": {"uv": [7, 6.66667, 7.33333, 11], "texture": "#2"},
				"up": {"uv": [7.33333, 6.66667, 7, 7], "texture": "#2"},
				"down": {"uv": [7, 10.66667, 7.33333, 11], "rotation": 180, "texture": "#2"}
			}
		},
		{
			"name": "the_word_sword_32",
			"from": [2.95513, 8.36538, 7.06538],
			"to": [3.28846, 12.69872, 7.99872],
			"rotation": {"angle": 0, "axis": "y", "origin": [8.89423, 0.16667, 7.53205]},
			"faces": {
				"north": {"uv": [6, 7, 6.33333, 11.33333], "texture": "#2"},
				"east": {"uv": [6, 7, 6.33333, 11.33333], "texture": "#2"},
				"south": {"uv": [6, 11.33333, 6.33333, 7], "rotation": 180, "texture": "#2"},
				"west": {"uv": [6, 7, 6.33333, 11.33333], "texture": "#2"},
				"up": {"uv": [6.33333, 7, 6, 7.33333], "texture": "#2"},
				"down": {"uv": [6, 11, 6.33333, 11.33333], "rotation": 180, "texture": "#2"}
			}
		},
		{
			"name": "the_word_sword_33",
			"from": [2.28846, 8.69872, 7.06538],
			"to": [2.62179, 12.69872, 7.99872],
			"rotation": {"angle": 0, "axis": "y", "origin": [8.89423, 0.16667, 7.53205]},
			"faces": {
				"north": {"uv": [6.66667, 7, 7, 11], "texture": "#2"},
				"east": {"uv": [6.66667, 7, 7, 11], "texture": "#2"},
				"south": {"uv": [6.66667, 11, 7, 7], "rotation": 180, "texture": "#2"},
				"up": {"uv": [7, 7, 6.66667, 7.33333], "texture": "#2"},
				"down": {"uv": [6.66667, 10.66667, 7, 11], "rotation": 180, "texture": "#2"}
			}
		},
		{
			"name": "the_word_sword_34",
			"from": [-3.37821, 12.03205, 7.06538],
			"to": [-3.04487, 12.69872, 7.99872],
			"rotation": {"angle": 0, "axis": "y", "origin": [8.89423, 0.16667, 7.53205]},
			"faces": {
				"north": {"uv": [12.33333, 7, 12.66667, 7.66667], "texture": "#2"},
				"south": {"uv": [12.33333, 7.66667, 12.66667, 7], "rotation": 180, "texture": "#2"},
				"west": {"uv": [12.33333, 7, 12.66667, 7.66667], "texture": "#2"},
				"up": {"uv": [12.66667, 7, 12.33333, 7.33333], "texture": "#2"},
				"down": {"uv": [12.33333, 7.33333, 12.66667, 7.66667], "rotation": 180, "texture": "#2"}
			}
		},
		{
			"name": "the_word_sword_35",
			"from": [3.28846, 8.03205, 7.06538],
			"to": [3.62179, 12.36538, 7.99872],
			"rotation": {"angle": 0, "axis": "y", "origin": [8.89423, 0.16667, 7.53205]},
			"faces": {
				"north": {"uv": [5.66667, 7.33333, 6, 11.66667], "texture": "#2"},
				"east": {"uv": [5.66667, 7.33333, 6, 11.66667], "texture": "#2"},
				"south": {"uv": [5.66667, 11.66667, 6, 7.33333], "rotation": 180, "texture": "#2"},
				"west": {"uv": [5.66667, 7.33333, 6, 11.66667], "texture": "#2"},
				"up": {"uv": [6, 7.33333, 5.66667, 7.66667], "texture": "#2"},
				"down": {"uv": [5.66667, 11.33333, 6, 11.66667], "rotation": 180, "texture": "#2"}
			}
		},
		{
			"name": "the_word_sword_36",
			"from": [0.62179, 10.03205, 7.06538],
			"to": [0.95513, 12.03205, 7.99872],
			"rotation": {"angle": 0, "axis": "y", "origin": [8.89423, 0.16667, 7.53205]},
			"faces": {
				"north": {"uv": [8.33333, 7.66667, 8.66667, 9.66667], "texture": "#2"},
				"east": {"uv": [8.33333, 7.66667, 8.66667, 9.66667], "texture": "#2"},
				"south": {"uv": [8.33333, 9.66667, 8.66667, 7.66667], "rotation": 180, "texture": "#2"},
				"west": {"uv": [8.33333, 7.66667, 8.66667, 9.66667], "texture": "#2"},
				"up": {"uv": [8.66667, 7.66667, 8.33333, 8], "texture": "#2"},
				"down": {"uv": [8.33333, 9.33333, 8.66667, 9.66667], "rotation": 180, "texture": "#2"}
			}
		},
		{
			"name": "the_word_sword_37",
			"from": [3.62179, 7.69872, 7.06538],
			"to": [4.28846, 11.69872, 7.99872],
			"rotation": {"angle": 0, "axis": "y", "origin": [8.89423, 0.16667, 7.53205]},
			"faces": {
				"north": {"uv": [5, 8, 5.66667, 12], "texture": "#2"},
				"east": {"uv": [5, 8, 5.33333, 12], "texture": "#2"},
				"south": {"uv": [5, 12, 5.66667, 8], "rotation": 180, "texture": "#2"},
				"west": {"uv": [5.33333, 8, 5.66667, 12], "texture": "#2"},
				"up": {"uv": [5.66667, 8, 5, 8.33333], "texture": "#2"},
				"down": {"uv": [5, 11.66667, 5.66667, 12], "rotation": 180, "texture": "#2"}
			}
		},
		{
			"name": "the_word_sword_38",
			"from": [4.28846, 8.03205, 7.06538],
			"to": [4.95513, 11.36538, 7.99872],
			"rotation": {"angle": 0, "axis": "y", "origin": [8.89423, 0.16667, 7.53205]},
			"faces": {
				"north": {"uv": [4.33333, 8.33333, 5, 11.66667], "texture": "#2"},
				"east": {"uv": [4.33333, 8.33333, 4.66667, 11.66667], "texture": "#2"},
				"south": {"uv": [4.33333, 11.66667, 5, 8.33333], "rotation": 180, "texture": "#2"},
				"up": {"uv": [5, 8.33333, 4.33333, 8.66667], "texture": "#2"},
				"down": {"uv": [4.33333, 11.33333, 5, 11.66667], "rotation": 180, "texture": "#2"}
			}
		},
		{
			"name": "the_word_sword_39",
			"from": [-0.37821, 9.69872, 7.06538],
			"to": [0.62179, 11.36538, 7.99872],
			"rotation": {"angle": 0, "axis": "y", "origin": [8.89423, 0.16667, 7.53205]},
			"faces": {
				"north": {"uv": [8.66667, 8.33333, 9.66667, 10], "texture": "#2"},
				"east": {"uv": [8.66667, 8.33333, 9, 10], "texture": "#2"},
				"south": {"uv": [8.66667, 10, 9.66667, 8.33333], "rotation": 180, "texture": "#2"},
				"west": {"uv": [9.33333, 8.33333, 9.66667, 10], "texture": "#2"},
				"up": {"uv": [9.66667, 8.33333, 8.66667, 8.66667], "texture": "#2"},
				"down": {"uv": [8.66667, 9.66667, 9.66667, 10], "rotation": 180, "texture": "#2"}
			}
		},
		{
			"name": "the_word_sword_40",
			"from": [5.62179, 5.69872, 7.06538],
			"to": [6.28846, 10.69872, 7.99872],
			"rotation": {"angle": 0, "axis": "y", "origin": [8.89423, 0.16667, 7.53205]},
			"faces": {
				"north": {"uv": [3, 9, 3.66667, 14], "texture": "#2"},
				"east": {"uv": [3, 9, 3.33333, 14], "texture": "#2"},
				"south": {"uv": [3, 14, 3.66667, 9], "rotation": 180, "texture": "#2"},
				"west": {"uv": [3.33333, 9, 3.66667, 14], "texture": "#2"},
				"up": {"uv": [3.66667, 9, 3, 9.33333], "texture": "#2"},
				"down": {"uv": [3, 13.66667, 3.66667, 14], "rotation": 180, "texture": "#2"}
			}
		},
		{
			"name": "the_word_sword_41",
			"from": [6.28846, 5.36538, 7.06538],
			"to": [6.62179, 10.36538, 7.99872],
			"rotation": {"angle": 0, "axis": "y", "origin": [8.89423, 0.16667, 7.53205]},
			"faces": {
				"north": {"uv": [2.66667, 9.33333, 3, 14.33333], "texture": "#2"},
				"east": {"uv": [2.66667, 9.33333, 3, 14.33333], "texture": "#2"},
				"south": {"uv": [2.66667, 14.33333, 3, 9.33333], "rotation": 180, "texture": "#2"},
				"up": {"uv": [3, 9.33333, 2.66667, 9.66667], "texture": "#2"}
			}
		},
		{
			"name": "the_word_sword_42",
			"from": [5.28846, 6.03205, 7.06538],
			"to": [5.62179, 10.36538, 7.99872],
			"rotation": {"angle": 0, "axis": "y", "origin": [8.89423, 0.16667, 7.53205]},
			"faces": {
				"north": {"uv": [3.66667, 9.33333, 4, 13.66667], "texture": "#2"},
				"south": {"uv": [3.66667, 13.66667, 4, 9.33333], "rotation": 180, "texture": "#2"},
				"west": {"uv": [3.66667, 9.33333, 4, 13.66667], "texture": "#2"},
				"up": {"uv": [4, 9.33333, 3.66667, 9.66667], "texture": "#2"},
				"down": {"uv": [3.66667, 13.33333, 4, 13.66667], "rotation": 180, "texture": "#2"}
			}
		},
		{
			"name": "the_word_sword_43",
			"from": [6.62179, 5.69872, 7.06538],
			"to": [7.28846, 10.03205, 7.99872],
			"rotation": {"angle": 0, "axis": "y", "origin": [8.89423, 0.16667, 7.53205]},
			"faces": {
				"north": {"uv": [2, 9.66667, 2.66667, 14], "texture": "#2"},
				"east": {"uv": [2, 9.66667, 2.33333, 14], "texture": "#2"},
				"south": {"uv": [2, 14, 2.66667, 9.66667], "rotation": 180, "texture": "#2"},
				"up": {"uv": [2.66667, 9.66667, 2, 10], "texture": "#2"}
			}
		},
		{
			"name": "the_word_sword_44",
			"from": [4.95513, 6.36538, 7.06538],
			"to": [5.28846, 10.03205, 7.99872],
			"rotation": {"angle": 0, "axis": "y", "origin": [8.89423, 0.16667, 7.53205]},
			"faces": {
				"north": {"uv": [4, 9.66667, 4.33333, 13.33333], "texture": "#2"},
				"south": {"uv": [4, 13.33333, 4.33333, 9.66667], "rotation": 180, "texture": "#2"},
				"west": {"uv": [4, 9.66667, 4.33333, 13.33333], "texture": "#2"},
				"up": {"uv": [4.33333, 9.66667, 4, 10], "texture": "#2"},
				"down": {"uv": [4, 13, 4.33333, 13.33333], "rotation": 180, "texture": "#2"}
			}
		},
		{
			"name": "the_word_sword_45",
			"from": [7.28846, 6.36538, 7.06538],
			"to": [7.95513, 9.69872, 7.99872],
			"rotation": {"angle": 0, "axis": "y", "origin": [8.89423, 0.16667, 7.53205]},
			"faces": {
				"north": {"uv": [1.33333, 10, 2, 13.33333], "texture": "#2"},
				"east": {"uv": [1.33333, 10, 1.66667, 13.33333], "texture": "#2"},
				"south": {"uv": [1.33333, 13.33333, 2, 10], "rotation": 180, "texture": "#2"},
				"up": {"uv": [2, 10, 1.33333, 10.33333], "texture": "#2"}
			}
		},
		{
			"name": "the_word_sword_46",
			"from": [7.95513, 7.03205, 7.06538],
			"to": [8.28846, 9.36538, 7.99872],
			"rotation": {"angle": 0, "axis": "y", "origin": [8.89423, 0.16667, 7.53205]},
			"faces": {
				"north": {"uv": [1, 10.33333, 1.33333, 12.66667], "texture": "#2"},
				"east": {"uv": [1, 10.33333, 1.33333, 12.66667], "texture": "#2"},
				"south": {"uv": [1, 12.66667, 1.33333, 10.33333], "rotation": 180, "texture": "#2"},
				"up": {"uv": [1.33333, 10.33333, 1, 10.66667], "texture": "#2"},
				"down": {"uv": [1, 12.33333, 1.33333, 12.66667], "rotation": 180, "texture": "#2"}
			}
		},
		{
			"name": "the_word_sword_47",
			"from": [8.28846, 7.36538, 7.06538],
			"to": [8.62179, 9.03205, 7.99872],
			"rotation": {"angle": 0, "axis": "y", "origin": [8.89423, 0.16667, 7.53205]},
			"faces": {
				"north": {"uv": [0.66667, 10.66667, 1, 12.33333], "texture": "#2"},
				"east": {"uv": [0.66667, 10.66667, 1, 12.33333], "texture": "#2"},
				"south": {"uv": [0.66667, 12.33333, 1, 10.66667], "rotation": 180, "texture": "#2"},
				"up": {"uv": [1, 10.66667, 0.66667, 11], "texture": "#2"}
			}
		},
		{
			"name": "the_word_sword_48",
			"from": [8.62179, 7.69872, 7.06538],
			"to": [8.95513, 8.69872, 7.99872],
			"rotation": {"angle": 0, "axis": "y", "origin": [8.89423, 0.16667, 7.53205]},
			"faces": {
				"north": {"uv": [0.33333, 11, 0.66667, 12], "texture": "#2"},
				"east": {"uv": [0.33333, 11, 0.66667, 12], "texture": "#2"},
				"south": {"uv": [0.33333, 12, 0.66667, 11], "rotation": 180, "texture": "#2"},
				"up": {"uv": [0.66667, 11, 0.33333, 11.33333], "texture": "#2"}
			}
		},
		{
			"name": "the_word_sword_49",
			"from": [4.62179, 6.69872, 7.06538],
			"to": [4.95513, 7.69872, 7.99872],
			"rotation": {"angle": 0, "axis": "y", "origin": [8.89423, 0.16667, 7.53205]},
			"faces": {
				"north": {"uv": [4.33333, 12, 4.66667, 13], "texture": "#2"},
				"south": {"uv": [4.33333, 13, 4.66667, 12], "rotation": 180, "texture": "#2"},
				"west": {"uv": [4.33333, 12, 4.66667, 13], "texture": "#2"},
				"up": {"uv": [4.66667, 12, 4.33333, 12.33333], "texture": "#2"},
				"down": {"uv": [4.33333, 12.66667, 4.66667, 13], "rotation": 180, "texture": "#2"}
			}
		}
	],
	"display": {
		"thirdperson_righthand": {
			"rotation": [90, -90, 45],
			"translation": [0, 3.25, 1.5],
			"scale": [0.85, 0.85, 0.85]
		},
		"thirdperson_lefthand": {
			"rotation": [90, 90, -45],
			"translation": [0.5, 3.25, 1.75],
			"scale": [0.85, 0.85, 0.85]
		},
		"firstperson_righthand": {
			"rotation": [-71, 90, 25],
			"translation": [0.13, 3.2, 1.13],
			"scale": [0.68, 0.68, 0.68]
		},
		"firstperson_lefthand": {
			"rotation": [39, 90, 25],
			"translation": [0.13, 3.2, 1.13],
			"scale": [0.68, 0.68, 0.68]
		},
		"ground": {
			"translation": [0, 4.5, 0]
		},
		"gui": {
			"rotation": [-180, 0, -180],
			"translation": [-3, -1.25, 0],
			"scale": [0.75, 0.75, 0.75]
		}
	},
	"groups": [0, 1, 2, 3, 4, 5, 6, 7, 8, 9, 10,
		{
			"name": "diamond_sword",
			"origin": [8, 8, 8],
			"color": 0,
			"children": []
		},
		{
			"name": "the_word_sword",
			"origin": [8, 8, 8],
			"color": 0,
			"children": [11, 12, 13, 14, 15, 16, 17, 18, 19, 20, 21, 22, 23, 24, 25, 26, 27, 28, 29, 30, 31, 32, 33, 34, 35, 36, 37, 38, 39, 40, 41, 42, 43, 44, 45, 46, 47, 48, 49, 50, 51, 52, 53, 54, 55, 56, 57, 58, 59, 60]
		}
	]
}