{
	"credit": "Made with Blockbench",
        "gui_light": "front",
	"textures": {
		"0": "item/diamond_sword",
		"1": "./nether_portal",
		"particle": "item/diamond_sword"
	},
	"elements": [
		{
			"from": [-1.01899, 0.01341, 7],
			"to": [-0.01903, 3.01329, 7.99996],
			"rotation": {"angle": 0, "axis": "y", "origin": [-6.66608, 23.94641, 7.50002]},
			"faces": {
				"north": {"uv": [16, 0, 13, 1], "rotation": 90, "texture": "#0"},
				"south": {"uv": [16, 0, 13, 1], "rotation": 270, "texture": "#0"},
				"west": {"uv": [16, 0, 13, 1], "rotation": 90, "texture": "#0"},
				"up": {"uv": [16, 0, 13, 1], "rotation": 270, "texture": "#0"},
				"down": {"uv": [16, 0, 13, 1], "rotation": 270, "texture": "#0"}
			}
		},
		{
			"from": [-0.01903, -0.98655, 7],
			"to": [0.98093, 3.01329, 7.99996],
			"rotation": {"angle": 0, "axis": "y", "origin": [-6.66608, 23.94641, 7.50002]},
			"faces": {
				"north": {"uv": [12, 1, 16, 2], "rotation": 90, "texture": "#0"},
				"south": {"uv": [12, 1, 16, 2], "rotation": 270, "texture": "#0"},
				"west": {"uv": [12, 1, 16, 2], "rotation": 90, "texture": "#0"},
				"up": {"uv": [12, 1, 13, 2], "rotation": 270, "texture": "#0"},
				"down": {"uv": [12, 1, 13, 2], "rotation": 270, "texture": "#0"}
			}
		},
		{
			"from": [0.98093, -1.98651, 7],
			"to": [1.98089, 3.01329, 7.99996],
			"rotation": {"angle": 0, "axis": "y", "origin": [-6.66608, 23.94641, 7.50002]},
			"faces": {
				"north": {"uv": [10, 3, 15, 4], "rotation": 90, "texture": "#0"},
				"east": {"uv": [6, 7, 11, 8], "rotation": 90, "texture": "#0"},
				"south": {"uv": [11, 2, 16, 3], "rotation": 270, "texture": "#0"},
				"west": {"uv": [6, 7, 11, 8], "rotation": 90, "texture": "#0"},
				"up": {"uv": [6, 7, 7, 8], "rotation": 270, "texture": "#0"},
				"down": {"uv": [6, 7, 7, 8], "rotation": 270, "texture": "#0"}
			}
		},
		{
			"from": [1.98089, -2.98647, 7],
			"to": [2.98085, 2.01333, 7.99996],
			"rotation": {"angle": 0, "axis": "y", "origin": [-6.66608, 23.94641, 7.50002]},
			"faces": {
				"north": {"uv": [10, 3, 15, 4], "rotation": 90, "texture": "#0"},
				"east": {"uv": [6, 7, 11, 8], "rotation": 90, "texture": "#0"},
				"south": {"uv": [11, 2, 16, 3], "rotation": 270, "texture": "#0"},
				"west": {"uv": [6, 7, 11, 8], "rotation": 90, "texture": "#0"},
				"up": {"uv": [6, 7, 7, 8], "rotation": 270, "texture": "#0"},
				"down": {"uv": [6, 7, 7, 8], "rotation": 270, "texture": "#0"}
			}
		},
		{
			"from": [2.98085, -3.98643, 7],
			"to": [3.98081, 1.01337, 7.99996],
			"rotation": {"angle": 0, "axis": "y", "origin": [-6.66608, 23.94641, 7.50002]},
			"faces": {
				"north": {"uv": [10, 3, 15, 4], "rotation": 90, "texture": "#0"},
				"east": {"uv": [6, 7, 11, 8], "rotation": 90, "texture": "#0"},
				"south": {"uv": [10, 3, 15, 4], "rotation": 270, "texture": "#0"},
				"west": {"uv": [6, 7, 11, 8], "rotation": 90, "texture": "#0"},
				"up": {"uv": [6, 7, 7, 8], "rotation": 270, "texture": "#0"},
				"down": {"uv": [6, 7, 7, 8], "rotation": 270, "texture": "#0"}
			}
		},
		{
			"from": [3.98081, -4.98639, 7],
			"to": [4.98077, 0.01341, 7.99996],
			"rotation": {"angle": 0, "axis": "y", "origin": [-6.66608, 23.94641, 7.50002]},
			"faces": {
				"north": {"uv": [6, 7, 11, 8], "rotation": 90, "texture": "#0"},
				"east": {"uv": [6, 7, 11, 8], "rotation": 90, "texture": "#0"},
				"south": {"uv": [7, 6, 12, 7], "rotation": 270, "texture": "#0"},
				"west": {"uv": [6, 7, 11, 8], "rotation": 90, "texture": "#0"},
				"up": {"uv": [6, 7, 7, 8], "rotation": 270, "texture": "#0"},
				"down": {"uv": [6, 7, 7, 8], "rotation": 270, "texture": "#0"}
			}
		},
		{
			"from": [4.98077, -5.98635, 7],
			"to": [5.98073, -0.98655, 7.99996],
			"rotation": {"angle": 0, "axis": "y", "origin": [-6.66608, 23.94641, 7.50002]},
			"faces": {
				"north": {"uv": [6, 7, 11, 8], "rotation": 90, "texture": "#0"},
				"east": {"uv": [6, 7, 11, 8], "rotation": 90, "texture": "#0"},
				"south": {"uv": [7, 6, 12, 7], "rotation": 270, "texture": "#0"},
				"west": {"uv": [6, 7, 11, 8], "rotation": 90, "texture": "#0"},
				"up": {"uv": [6, 7, 7, 8], "rotation": 270, "texture": "#0"},
				"down": {"uv": [6, 7, 7, 8], "rotation": 270, "texture": "#0"}
			}
		},
		{
			"from": [5.98073, -6.98631, 7],
			"to": [6.98069, -1.98651, 7.99996],
			"rotation": {"angle": 0, "axis": "y", "origin": [-6.66608, 23.94641, 7.50002]},
			"faces": {
				"north": {"uv": [7, 6, 12, 7], "rotation": 90, "texture": "#0"},
				"east": {"uv": [6, 7, 11, 8], "rotation": 90, "texture": "#0"},
				"south": {"uv": [7, 6, 12, 7], "rotation": 270, "texture": "#0"},
				"west": {"uv": [6, 7, 11, 8], "rotation": 90, "texture": "#0"},
				"up": {"uv": [6, 7, 7, 8], "rotation": 270, "texture": "#0"},
				"down": {"uv": [6, 7, 7, 8], "rotation": 270, "texture": "#0"}
			}
		},
		{
			"from": [6.98069, -9.98619, 7],
			"to": [7.98065, -2.98647, 7.99996],
			"rotation": {"angle": 0, "axis": "y", "origin": [-6.66608, 23.94641, 7.50002]},
			"faces": {
				"north": {"uv": [10, 8, 3, 9], "rotation": 90, "texture": "#0"},
				"east": {"uv": [3, 8, 10, 9], "rotation": 90, "texture": "#0"},
				"south": {"uv": [3, 8, 10, 9], "rotation": 270, "texture": "#0"},
				"west": {"uv": [10, 8, 3, 9], "rotation": 90, "texture": "#0"},
				"up": {"uv": [9, 8, 10, 9], "rotation": 270, "texture": "#0"},
				"down": {"uv": [3, 8, 4, 9], "rotation": 270, "texture": "#0"}
			}
		},
		{
			"from": [7.98065, -9.98619, 7],
			"to": [8.98061, -3.98643, 7.99996],
			"rotation": {"angle": 0, "axis": "y", "origin": [-6.66608, 23.94641, 7.50002]},
			"faces": {
				"north": {"uv": [9, 9, 3, 10], "rotation": 90, "texture": "#0"},
				"east": {"uv": [3, 9, 9, 10], "rotation": 90, "texture": "#0"},
				"south": {"uv": [3, 9, 9, 10], "rotation": 270, "texture": "#0"},
				"up": {"uv": [8, 9, 9, 10], "rotation": 270, "texture": "#0"},
				"down": {"uv": [3, 9, 4, 10], "rotation": 270, "texture": "#0"}
			}
		},
		{
			"from": [8.98061, -8.98623, 7],
			"to": [9.98057, -4.98639, 7.99996],
			"rotation": {"angle": 0, "axis": "y", "origin": [-6.66608, 23.94641, 7.50002]},
			"faces": {
				"north": {"uv": [8, 10, 4, 11], "rotation": 90, "texture": "#0"},
				"south": {"uv": [4, 10, 8, 11], "rotation": 270, "texture": "#0"},
				"up": {"uv": [7, 10, 8, 11], "rotation": 270, "texture": "#0"},
				"down": {"uv": [4, 10, 5, 11], "rotation": 270, "texture": "#0"}
			}
		},
		{
			"from": [9.98057, -9.98619, 7],
			"to": [10.98053, -3.98643, 7.99996],
			"rotation": {"angle": 0, "axis": "y", "origin": [-6.66608, 23.94641, 7.50002]},
			"faces": {
				"north": {"uv": [9, 11, 3, 12], "rotation": 90, "texture": "#0"},
				"east": {"uv": [3, 11, 9, 12], "rotation": 90, "texture": "#0"},
				"south": {"uv": [3, 11, 9, 12], "rotation": 270, "texture": "#0"},
				"west": {"uv": [9, 11, 3, 12], "rotation": 90, "texture": "#0"},
				"up": {"uv": [8, 11, 9, 12], "rotation": 270, "texture": "#0"},
				"down": {"uv": [3, 11, 4, 12], "rotation": 270, "texture": "#0"}
			}
		},
		{
			"from": [10.98053, -6.98631, 7],
			"to": [11.98049, -2.98647, 7.99996],
			"rotation": {"angle": 0, "axis": "y", "origin": [-6.66608, 23.94641, 7.50002]},
			"faces": {
				"north": {"uv": [10, 12, 6, 13], "rotation": 90, "texture": "#0"},
				"east": {"uv": [6, 12, 10, 13], "rotation": 90, "texture": "#0"},
				"south": {"uv": [6, 12, 10, 13], "rotation": 270, "texture": "#0"},
				"west": {"uv": [6, 12, 10, 13], "rotation": 90, "texture": "#0"},
				"up": {"uv": [6, 12, 7, 13], "rotation": 270, "texture": "#0"},
				"down": {"uv": [6, 12, 10, 13], "rotation": 270, "texture": "#0"}
			}
		},
		{
			"from": [11.98049, -4.98639, 7],
			"to": [12.98045, -2.98647, 7.99996],
			"rotation": {"angle": 0, "axis": "y", "origin": [-6.66608, 23.94641, 7.50002]},
			"faces": {
				"north": {"uv": [8, 13, 10, 14], "rotation": 90, "texture": "#0"},
				"east": {"uv": [8, 13, 10, 14], "rotation": 90, "texture": "#0"},
				"south": {"uv": [8, 13, 10, 14], "rotation": 270, "texture": "#0"},
				"up": {"uv": [8, 13, 10, 14], "rotation": 270, "texture": "#0"},
				"down": {"uv": [8, 13, 10, 14], "rotation": 270, "texture": "#0"}
			}
		},
		{
			"from": [5.98073, -8.98623, 7],
			"to": [6.98069, -7.98627, 7.99996],
			"rotation": {"angle": 0, "axis": "y", "origin": [-6.66608, 23.94641, 7.50002]},
			"faces": {
				"north": {"uv": [4, 7, 5, 8], "rotation": 90, "texture": "#0"},
				"south": {"uv": [4, 7, 5, 8], "rotation": 270, "texture": "#0"},
				"west": {"uv": [4, 7, 5, 8], "rotation": 90, "texture": "#0"},
				"up": {"uv": [4, 7, 5, 8], "rotation": 270, "texture": "#0"}
			}
		},
		{
			"from": [4.98077, -10.98615, 7],
			"to": [6.98069, -8.98623, 7.99996],
			"rotation": {"angle": 0, "axis": "y", "origin": [-6.66608, 23.94641, 7.50002]},
			"faces": {
				"north": {"uv": [4, 6, 2, 8], "rotation": 90, "texture": "#0"},
				"east": {"uv": [2, 6, 4, 7], "rotation": 90, "texture": "#0"},
				"south": {"uv": [2, 6, 4, 8], "rotation": 270, "texture": "#0"},
				"west": {"uv": [2, 6, 4, 7], "rotation": 90, "texture": "#0"},
				"up": {"uv": [2, 6, 4, 7], "rotation": 270, "texture": "#0"},
				"down": {"uv": [2, 6, 4, 7], "rotation": 270, "texture": "#0"}
			}
		},
		{
			"from": [-14.01899, 13.01341, 7],
			"to": [-13.01903, 16.01329, 8],
			"rotation": {"angle": 0, "axis": "y", "origin": [-6.66608, 23.94641, 7.50002]},
			"faces": {
				"north": {"uv": [16, 0, 13, 1], "rotation": 90, "texture": "#0"},
				"south": {"uv": [16, 0, 13, 1], "rotation": 270, "texture": "#0"},
				"west": {"uv": [16, 0, 13, 1], "rotation": 90, "texture": "#0"},
				"up": {"uv": [16, 0, 13, 1], "rotation": 270, "texture": "#0"},
				"down": {"uv": [16, 0, 13, 1], "rotation": 270, "texture": "#0"}
			}
		},
		{
			"from": [-13.01903, 12.01345, 7],
			"to": [-12.01907, 16.01329, 8],
			"rotation": {"angle": 0, "axis": "y", "origin": [-6.66608, 23.94641, 7.50002]},
			"faces": {
				"north": {"uv": [12, 1, 16, 2], "rotation": 90, "texture": "#0"},
				"south": {"uv": [12, 1, 16, 2], "rotation": 270, "texture": "#0"},
				"west": {"uv": [12, 1, 16, 2], "rotation": 90, "texture": "#0"},
				"up": {"uv": [12, 1, 13, 2], "rotation": 270, "texture": "#0"},
				"down": {"uv": [12, 1, 13, 2], "rotation": 270, "texture": "#0"}
			}
		},
		{
			"from": [-12.01907, 11.01349, 7],
			"to": [-11.01911, 16.01329, 8],
			"rotation": {"angle": 0, "axis": "y", "origin": [-6.66608, 23.94641, 7.50002]},
			"faces": {
				"north": {"uv": [10, 3, 15, 4], "rotation": 90, "texture": "#0"},
				"east": {"uv": [6, 7, 11, 8], "rotation": 90, "texture": "#0"},
				"south": {"uv": [11, 2, 16, 3], "rotation": 270, "texture": "#0"},
				"west": {"uv": [6, 7, 11, 8], "rotation": 90, "texture": "#0"},
				"up": {"uv": [6, 7, 7, 8], "rotation": 270, "texture": "#0"},
				"down": {"uv": [6, 7, 7, 8], "rotation": 270, "texture": "#0"}
			}
		},
		{
			"from": [-11.01911, 10.01353, 7],
			"to": [-10.01915, 15.01333, 8],
			"rotation": {"angle": 0, "axis": "y", "origin": [-6.66608, 23.94641, 7.50002]},
			"faces": {
				"north": {"uv": [10, 3, 15, 4], "rotation": 90, "texture": "#0"},
				"east": {"uv": [6, 7, 11, 8], "rotation": 90, "texture": "#0"},
				"south": {"uv": [11, 2, 16, 3], "rotation": 270, "texture": "#0"},
				"west": {"uv": [6, 7, 11, 8], "rotation": 90, "texture": "#0"},
				"up": {"uv": [6, 7, 7, 8], "rotation": 270, "texture": "#0"},
				"down": {"uv": [6, 7, 7, 8], "rotation": 270, "texture": "#0"}
			}
		},
		{
			"from": [-10.01915, 9.01357, 7],
			"to": [-9.01919, 14.01337, 8],
			"rotation": {"angle": 0, "axis": "y", "origin": [-6.66608, 23.94641, 7.50002]},
			"faces": {
				"north": {"uv": [10, 3, 15, 4], "rotation": 90, "texture": "#0"},
				"east": {"uv": [6, 7, 11, 8], "rotation": 90, "texture": "#0"},
				"south": {"uv": [10, 3, 15, 4], "rotation": 270, "texture": "#0"},
				"west": {"uv": [6, 7, 11, 8], "rotation": 90, "texture": "#0"},
				"up": {"uv": [6, 7, 7, 8], "rotation": 270, "texture": "#0"},
				"down": {"uv": [6, 7, 7, 8], "rotation": 270, "texture": "#0"}
			}
		},
		{
			"from": [-9.01919, 8.01361, 7],
			"to": [-8.01923, 13.01341, 8],
			"rotation": {"angle": 0, "axis": "y", "origin": [-6.66608, 23.94641, 7.50002]},
			"faces": {
				"north": {"uv": [6, 7, 11, 8], "rotation": 90, "texture": "#0"},
				"east": {"uv": [6, 7, 11, 8], "rotation": 90, "texture": "#0"},
				"south": {"uv": [7, 6, 12, 7], "rotation": 270, "texture": "#0"},
				"west": {"uv": [6, 7, 11, 8], "rotation": 90, "texture": "#0"},
				"up": {"uv": [6, 7, 7, 8], "rotation": 270, "texture": "#0"},
				"down": {"uv": [6, 7, 7, 8], "rotation": 270, "texture": "#0"}
			}
		},
		{
			"from": [-8.01923, 7.01365, 7],
			"to": [-7.01927, 12.01345, 8],
			"rotation": {"angle": 0, "axis": "y", "origin": [-6.66608, 23.94641, 7.50002]},
			"faces": {
				"north": {"uv": [6, 7, 11, 8], "rotation": 90, "texture": "#0"},
				"east": {"uv": [6, 7, 11, 8], "rotation": 90, "texture": "#0"},
				"south": {"uv": [7, 6, 12, 7], "rotation": 270, "texture": "#0"},
				"west": {"uv": [6, 7, 11, 8], "rotation": 90, "texture": "#0"},
				"up": {"uv": [6, 7, 7, 8], "rotation": 270, "texture": "#0"},
				"down": {"uv": [6, 7, 7, 8], "rotation": 270, "texture": "#0"}
			}
		},
		{
			"from": [-7.01927, 6.01369, 7],
			"to": [-6.01931, 11.01349, 8],
			"rotation": {"angle": 0, "axis": "y", "origin": [-6.66608, 23.94641, 7.50002]},
			"faces": {
				"north": {"uv": [7, 6, 12, 7], "rotation": 90, "texture": "#0"},
				"east": {"uv": [6, 7, 11, 8], "rotation": 90, "texture": "#0"},
				"south": {"uv": [7, 6, 12, 7], "rotation": 270, "texture": "#0"},
				"west": {"uv": [6, 7, 11, 8], "rotation": 90, "texture": "#0"},
				"up": {"uv": [6, 7, 7, 8], "rotation": 270, "texture": "#0"},
				"down": {"uv": [6, 7, 7, 8], "rotation": 270, "texture": "#0"}
			}
		},
		{
			"from": [-6.01931, 3.01381, 7],
			"to": [-5.01935, 10.01353, 8],
			"rotation": {"angle": 0, "axis": "y", "origin": [-6.66608, 23.94641, 7.50002]},
			"faces": {
				"north": {"uv": [10, 8, 3, 9], "rotation": 90, "texture": "#0"},
				"east": {"uv": [3, 8, 10, 9], "rotation": 90, "texture": "#0"},
				"south": {"uv": [3, 8, 10, 9], "rotation": 270, "texture": "#0"},
				"west": {"uv": [10, 8, 3, 9], "rotation": 90, "texture": "#0"},
				"up": {"uv": [9, 8, 10, 9], "rotation": 270, "texture": "#0"},
				"down": {"uv": [3, 8, 4, 9], "rotation": 270, "texture": "#0"}
			}
		},
		{
			"from": [-5.01935, 3.01381, 7],
			"to": [-4.01939, 9.01357, 8],
			"rotation": {"angle": 0, "axis": "y", "origin": [-6.66608, 23.94641, 7.50002]},
			"faces": {
				"north": {"uv": [9, 9, 3, 10], "rotation": 90, "texture": "#0"},
				"east": {"uv": [3, 9, 9, 10], "rotation": 90, "texture": "#0"},
				"south": {"uv": [3, 9, 9, 10], "rotation": 270, "texture": "#0"},
				"up": {"uv": [8, 9, 9, 10], "rotation": 270, "texture": "#0"},
				"down": {"uv": [3, 9, 4, 10], "rotation": 270, "texture": "#0"}
			}
		},
		{
			"from": [-4.01939, 4.01377, 7],
			"to": [-3.01943, 8.01361, 8],
			"rotation": {"angle": 0, "axis": "y", "origin": [-6.66608, 23.94641, 7.50002]},
			"faces": {
				"north": {"uv": [8, 10, 4, 11], "rotation": 90, "texture": "#0"},
				"south": {"uv": [4, 10, 8, 11], "rotation": 270, "texture": "#0"},
				"up": {"uv": [7, 10, 8, 11], "rotation": 270, "texture": "#0"},
				"down": {"uv": [4, 10, 5, 11], "rotation": 270, "texture": "#0"}
			}
		},
		{
			"from": [-3.01943, 3.01381, 7],
			"to": [-2.01947, 9.01357, 8],
			"rotation": {"angle": 0, "axis": "y", "origin": [-6.66608, 23.94641, 7.50002]},
			"faces": {
				"north": {"uv": [9, 11, 3, 12], "rotation": 90, "texture": "#0"},
				"east": {"uv": [3, 11, 9, 12], "rotation": 90, "texture": "#0"},
				"south": {"uv": [3, 11, 9, 12], "rotation": 270, "texture": "#0"},
				"west": {"uv": [9, 11, 3, 12], "rotation": 90, "texture": "#0"},
				"up": {"uv": [8, 11, 9, 12], "rotation": 270, "texture": "#0"},
				"down": {"uv": [3, 11, 4, 12], "rotation": 270, "texture": "#0"}
			}
		},
		{
			"from": [-2.01947, 6.01369, 7],
			"to": [-1.01951, 10.01353, 8],
			"rotation": {"angle": 0, "axis": "y", "origin": [-6.66608, 23.94641, 7.50002]},
			"faces": {
				"north": {"uv": [10, 12, 6, 13], "rotation": 90, "texture": "#0"},
				"east": {"uv": [6, 12, 10, 13], "rotation": 90, "texture": "#0"},
				"south": {"uv": [6, 12, 10, 13], "rotation": 270, "texture": "#0"},
				"west": {"uv": [6, 12, 10, 13], "rotation": 90, "texture": "#0"},
				"up": {"uv": [6, 12, 7, 13], "rotation": 270, "texture": "#0"},
				"down": {"uv": [6, 12, 10, 13], "rotation": 270, "texture": "#0"}
			}
		},
		{
			"from": [-1.01951, 8.01361, 7],
			"to": [-0.01955, 10.01353, 8],
			"rotation": {"angle": 0, "axis": "y", "origin": [-6.66608, 23.94641, 7.50002]},
			"faces": {
				"north": {"uv": [8, 13, 10, 14], "rotation": 90, "texture": "#0"},
				"east": {"uv": [8, 13, 10, 14], "rotation": 90, "texture": "#0"},
				"south": {"uv": [8, 13, 10, 14], "rotation": 270, "texture": "#0"},
				"up": {"uv": [8, 13, 10, 14], "rotation": 270, "texture": "#0"},
				"down": {"uv": [8, 13, 10, 14], "rotation": 270, "texture": "#0"}
			}
		},
		{
			"from": [-7.01927, 4.01377, 7],
			"to": [-6.01931, 5.01373, 8],
			"rotation": {"angle": 0, "axis": "y", "origin": [-6.66608, 23.94641, 7.50002]},
			"faces": {
				"north": {"uv": [4, 7, 5, 8], "rotation": 90, "texture": "#0"},
				"south": {"uv": [4, 7, 5, 8], "rotation": 270, "texture": "#0"},
				"west": {"uv": [4, 7, 5, 8], "rotation": 90, "texture": "#0"},
				"up": {"uv": [4, 7, 5, 8], "rotation": 270, "texture": "#0"}
			}
		},
		{
			"from": [-8.01923, 2.01385, 7],
			"to": [-6.01931, 4.01377, 8],
			"rotation": {"angle": 0, "axis": "y", "origin": [-6.66608, 23.94641, 7.50002]},
			"faces": {
				"north": {"uv": [4, 6, 2, 8], "rotation": 90, "texture": "#0"},
				"east": {"uv": [2, 6, 4, 7], "rotation": 90, "texture": "#0"},
				"south": {"uv": [2, 6, 4, 8], "rotation": 270, "texture": "#0"},
				"west": {"uv": [2, 6, 4, 7], "rotation": 90, "texture": "#0"},
				"up": {"uv": [2, 6, 4, 7], "rotation": 270, "texture": "#0"},
				"down": {"uv": [2, 6, 4, 7], "rotation": 270, "texture": "#0"}
			}
		},
		{
			"from": [-2.01947, 2.01385, 7],
			"to": [-1.01951, 5.01373, 8],
			"rotation": {"angle": 0, "axis": "y", "origin": [-6.66608, 23.94641, 7.50002]},
			"faces": {
				"north": {"uv": [2, 12, 5, 13], "rotation": 90, "texture": "#0"},
				"east": {"uv": [2, 12, 5, 13], "rotation": 90, "texture": "#0"},
				"south": {"uv": [2, 12, 5, 13], "rotation": 270, "texture": "#0"},
				"west": {"uv": [2, 12, 5, 13], "rotation": 90, "texture": "#0"},
				"up": {"uv": [4, 12, 5, 13], "rotation": 270, "texture": "#0"},
				"down": {"uv": [2, 12, 3, 13], "rotation": 270, "texture": "#0"}
			}
		},
		{
			"from": [-1.01951, 3.01381, 7],
			"to": [-0.01955, 4.01377, 8],
			"rotation": {"angle": 0, "axis": "y", "origin": [-6.66608, 23.94641, 7.50002]},
			"faces": {
				"north": {"uv": [3, 13, 4, 14], "rotation": 90, "texture": "#0"},
				"east": {"uv": [3, 13, 4, 14], "rotation": 90, "texture": "#0"},
				"south": {"uv": [3, 13, 4, 14], "rotation": 270, "texture": "#0"},
				"up": {"uv": [3, 13, 4, 14], "rotation": 270, "texture": "#0"}
			}
		},
		{
			"from": [10.98101, 15.01341, 7],
			"to": [11.98097, 18.01329, 7.99996],
			"rotation": {"angle": 0, "axis": "y", "origin": [-6.66608, 23.94641, 7.50002]},
			"faces": {
				"north": {"uv": [16, 0, 13, 1], "rotation": 90, "texture": "#0"},
				"south": {"uv": [16, 0, 13, 1], "rotation": 270, "texture": "#0"},
				"west": {"uv": [16, 0, 13, 1], "rotation": 90, "texture": "#0"},
				"up": {"uv": [16, 0, 13, 1], "rotation": 270, "texture": "#0"},
				"down": {"uv": [16, 0, 13, 1], "rotation": 270, "texture": "#0"}
			}
		},
		{
			"from": [11.98097, 14.01345, 7],
			"to": [12.98093, 18.01329, 7.99996],
			"rotation": {"angle": 0, "axis": "y", "origin": [-6.66608, 23.94641, 7.50002]},
			"faces": {
				"north": {"uv": [12, 1, 16, 2], "rotation": 90, "texture": "#0"},
				"south": {"uv": [12, 1, 16, 2], "rotation": 270, "texture": "#0"},
				"west": {"uv": [12, 1, 16, 2], "rotation": 90, "texture": "#0"},
				"up": {"uv": [12, 1, 13, 2], "rotation": 270, "texture": "#0"},
				"down": {"uv": [12, 1, 13, 2], "rotation": 270, "texture": "#0"}
			}
		},
		{
			"from": [12.98093, 13.01349, 7],
			"to": [13.98089, 18.01329, 7.99996],
			"rotation": {"angle": 0, "axis": "y", "origin": [-6.66608, 23.94641, 7.50002]},
			"faces": {
				"north": {"uv": [10, 3, 15, 4], "rotation": 90, "texture": "#0"},
				"east": {"uv": [6, 7, 11, 8], "rotation": 90, "texture": "#0"},
				"south": {"uv": [11, 2, 16, 3], "rotation": 270, "texture": "#0"},
				"west": {"uv": [6, 7, 11, 8], "rotation": 90, "texture": "#0"},
				"up": {"uv": [6, 7, 7, 8], "rotation": 270, "texture": "#0"},
				"down": {"uv": [6, 7, 7, 8], "rotation": 270, "texture": "#0"}
			}
		},
		{
			"from": [13.98089, 12.01353, 7],
			"to": [14.98085, 17.01333, 7.99996],
			"rotation": {"angle": 0, "axis": "y", "origin": [-6.66608, 23.94641, 7.50002]},
			"faces": {
				"north": {"uv": [10, 3, 15, 4], "rotation": 90, "texture": "#0"},
				"east": {"uv": [6, 7, 11, 8], "rotation": 90, "texture": "#0"},
				"south": {"uv": [11, 2, 16, 3], "rotation": 270, "texture": "#0"},
				"west": {"uv": [6, 7, 11, 8], "rotation": 90, "texture": "#0"},
				"up": {"uv": [6, 7, 7, 8], "rotation": 270, "texture": "#0"},
				"down": {"uv": [6, 7, 7, 8], "rotation": 270, "texture": "#0"}
			}
		},
		{
			"from": [14.98085, 11.01357, 7],
			"to": [15.98081, 16.01337, 7.99996],
			"rotation": {"angle": 0, "axis": "y", "origin": [-6.66608, 23.94641, 7.50002]},
			"faces": {
				"north": {"uv": [10, 3, 15, 4], "rotation": 90, "texture": "#0"},
				"east": {"uv": [6, 7, 11, 8], "rotation": 90, "texture": "#0"},
				"south": {"uv": [10, 3, 15, 4], "rotation": 270, "texture": "#0"},
				"west": {"uv": [6, 7, 11, 8], "rotation": 90, "texture": "#0"},
				"up": {"uv": [6, 7, 7, 8], "rotation": 270, "texture": "#0"},
				"down": {"uv": [6, 7, 7, 8], "rotation": 270, "texture": "#0"}
			}
		},
		{
			"from": [15.98081, 10.01361, 7],
			"to": [16.98077, 15.01341, 7.99996],
			"rotation": {"angle": 0, "axis": "y", "origin": [-6.66608, 23.94641, 7.50002]},
			"faces": {
				"north": {"uv": [6, 7, 11, 8], "rotation": 90, "texture": "#0"},
				"east": {"uv": [6, 7, 11, 8], "rotation": 90, "texture": "#0"},
				"south": {"uv": [7, 6, 12, 7], "rotation": 270, "texture": "#0"},
				"west": {"uv": [6, 7, 11, 8], "rotation": 90, "texture": "#0"},
				"up": {"uv": [6, 7, 7, 8], "rotation": 270, "texture": "#0"},
				"down": {"uv": [6, 7, 7, 8], "rotation": 270, "texture": "#0"}
			}
		},
		{
			"from": [16.98077, 9.01365, 7],
			"to": [17.98073, 14.01345, 7.99996],
			"rotation": {"angle": 0, "axis": "y", "origin": [-6.66608, 23.94641, 7.50002]},
			"faces": {
				"north": {"uv": [6, 7, 11, 8], "rotation": 90, "texture": "#0"},
				"east": {"uv": [6, 7, 11, 8], "rotation": 90, "texture": "#0"},
				"south": {"uv": [7, 6, 12, 7], "rotation": 270, "texture": "#0"},
				"west": {"uv": [6, 7, 11, 8], "rotation": 90, "texture": "#0"},
				"up": {"uv": [6, 7, 7, 8], "rotation": 270, "texture": "#0"},
				"down": {"uv": [6, 7, 7, 8], "rotation": 270, "texture": "#0"}
			}
		},
		{
			"from": [17.98073, 8.01369, 7],
			"to": [18.98069, 13.01349, 7.99996],
			"rotation": {"angle": 0, "axis": "y", "origin": [-6.66608, 23.94641, 7.50002]},
			"faces": {
				"north": {"uv": [7, 6, 12, 7], "rotation": 90, "texture": "#0"},
				"east": {"uv": [6, 7, 11, 8], "rotation": 90, "texture": "#0"},
				"south": {"uv": [7, 6, 12, 7], "rotation": 270, "texture": "#0"},
				"west": {"uv": [6, 7, 11, 8], "rotation": 90, "texture": "#0"},
				"up": {"uv": [6, 7, 7, 8], "rotation": 270, "texture": "#0"},
				"down": {"uv": [6, 7, 7, 8], "rotation": 270, "texture": "#0"}
			}
		},
		{
			"from": [18.98069, 5.01381, 7],
			"to": [19.98065, 12.01353, 7.99996],
			"rotation": {"angle": 0, "axis": "y", "origin": [-6.66608, 23.94641, 7.50002]},
			"faces": {
				"north": {"uv": [10, 8, 3, 9], "rotation": 90, "texture": "#0"},
				"east": {"uv": [3, 8, 10, 9], "rotation": 90, "texture": "#0"},
				"south": {"uv": [3, 8, 10, 9], "rotation": 270, "texture": "#0"},
				"west": {"uv": [10, 8, 3, 9], "rotation": 90, "texture": "#0"},
				"up": {"uv": [9, 8, 10, 9], "rotation": 270, "texture": "#0"},
				"down": {"uv": [3, 8, 4, 9], "rotation": 270, "texture": "#0"}
			}
		},
		{
			"from": [19.98065, 5.01381, 7],
			"to": [20.98061, 11.01357, 7.99996],
			"rotation": {"angle": 0, "axis": "y", "origin": [-6.66608, 23.94641, 7.50002]},
			"faces": {
				"north": {"uv": [9, 9, 3, 10], "rotation": 90, "texture": "#0"},
				"east": {"uv": [3, 9, 9, 10], "rotation": 90, "texture": "#0"},
				"south": {"uv": [3, 9, 9, 10], "rotation": 270, "texture": "#0"},
				"up": {"uv": [8, 9, 9, 10], "rotation": 270, "texture": "#0"},
				"down": {"uv": [3, 9, 4, 10], "rotation": 270, "texture": "#0"}
			}
		},
		{
			"from": [20.98061, 6.01377, 7],
			"to": [21.98057, 10.01361, 7.99996],
			"rotation": {"angle": 0, "axis": "y", "origin": [-6.66608, 23.94641, 7.50002]},
			"faces": {
				"north": {"uv": [8, 10, 4, 11], "rotation": 90, "texture": "#0"},
				"south": {"uv": [4, 10, 8, 11], "rotation": 270, "texture": "#0"},
				"up": {"uv": [7, 10, 8, 11], "rotation": 270, "texture": "#0"},
				"down": {"uv": [4, 10, 5, 11], "rotation": 270, "texture": "#0"}
			}
		},
		{
			"from": [21.98057, 5.01381, 7],
			"to": [22.98053, 11.01357, 7.99996],
			"rotation": {"angle": 0, "axis": "y", "origin": [-6.66608, 23.94641, 7.50002]},
			"faces": {
				"north": {"uv": [9, 11, 3, 12], "rotation": 90, "texture": "#0"},
				"east": {"uv": [3, 11, 9, 12], "rotation": 90, "texture": "#0"},
				"south": {"uv": [3, 11, 9, 12], "rotation": 270, "texture": "#0"},
				"west": {"uv": [9, 11, 3, 12], "rotation": 90, "texture": "#0"},
				"up": {"uv": [8, 11, 9, 12], "rotation": 270, "texture": "#0"},
				"down": {"uv": [3, 11, 4, 12], "rotation": 270, "texture": "#0"}
			}
		},
		{
			"from": [22.98053, 8.01369, 7],
			"to": [23.98049, 12.01353, 7.99996],
			"rotation": {"angle": 0, "axis": "y", "origin": [-6.66608, 23.94641, 7.50002]},
			"faces": {
				"north": {"uv": [10, 12, 6, 13], "rotation": 90, "texture": "#0"},
				"east": {"uv": [6, 12, 10, 13], "rotation": 90, "texture": "#0"},
				"south": {"uv": [6, 12, 10, 13], "rotation": 270, "texture": "#0"},
				"west": {"uv": [6, 12, 10, 13], "rotation": 90, "texture": "#0"},
				"up": {"uv": [6, 12, 7, 13], "rotation": 270, "texture": "#0"},
				"down": {"uv": [6, 12, 10, 13], "rotation": 270, "texture": "#0"}
			}
		},
		{
			"from": [23.98049, 10.01361, 7],
			"to": [24.98045, 12.01353, 7.99996],
			"rotation": {"angle": 0, "axis": "y", "origin": [-6.66608, 23.94641, 7.50002]},
			"faces": {
				"north": {"uv": [8, 13, 10, 14], "rotation": 90, "texture": "#0"},
				"east": {"uv": [8, 13, 10, 14], "rotation": 90, "texture": "#0"},
				"south": {"uv": [8, 13, 10, 14], "rotation": 270, "texture": "#0"},
				"up": {"uv": [8, 13, 10, 14], "rotation": 270, "texture": "#0"},
				"down": {"uv": [8, 13, 10, 14], "rotation": 270, "texture": "#0"}
			}
		},
		{
			"from": [17.98073, 6.01377, 7],
			"to": [18.98069, 7.01373, 7.99996],
			"rotation": {"angle": 0, "axis": "y", "origin": [-6.66608, 23.94641, 7.50002]},
			"faces": {
				"north": {"uv": [4, 7, 5, 8], "rotation": 90, "texture": "#0"},
				"south": {"uv": [4, 7, 5, 8], "rotation": 270, "texture": "#0"},
				"west": {"uv": [4, 7, 5, 8], "rotation": 90, "texture": "#0"},
				"up": {"uv": [4, 7, 5, 8], "rotation": 270, "texture": "#0"}
			}
		},
		{
			"from": [16.98077, 4.01385, 7],
			"to": [18.98069, 6.01377, 7.99996],
			"rotation": {"angle": 0, "axis": "y", "origin": [-6.66608, 23.94641, 7.50002]},
			"faces": {
				"north": {"uv": [4, 6, 2, 8], "rotation": 90, "texture": "#0"},
				"east": {"uv": [2, 6, 4, 7], "rotation": 90, "texture": "#0"},
				"south": {"uv": [2, 6, 4, 8], "rotation": 270, "texture": "#0"},
				"west": {"uv": [2, 6, 4, 7], "rotation": 90, "texture": "#0"},
				"up": {"uv": [2, 6, 4, 7], "rotation": 270, "texture": "#0"},
				"down": {"uv": [2, 6, 4, 7], "rotation": 270, "texture": "#0"}
			}
		},
		{
			"from": [22.98053, 4.01385, 7],
			"to": [23.98049, 7.01373, 7.99996],
			"rotation": {"angle": 0, "axis": "y", "origin": [-6.66608, 23.94641, 7.50002]},
			"faces": {
				"north": {"uv": [2, 12, 5, 13], "rotation": 90, "texture": "#0"},
				"east": {"uv": [2, 12, 5, 13], "rotation": 90, "texture": "#0"},
				"south": {"uv": [2, 12, 5, 13], "rotation": 270, "texture": "#0"},
				"west": {"uv": [2, 12, 5, 13], "rotation": 90, "texture": "#0"},
				"up": {"uv": [4, 12, 5, 13], "rotation": 270, "texture": "#0"},
				"down": {"uv": [2, 12, 3, 13], "rotation": 270, "texture": "#0"}
			}
		},
		{
			"from": [23.98049, 5.01381, 7],
			"to": [24.98045, 6.01377, 7.99996],
			"rotation": {"angle": 0, "axis": "y", "origin": [-6.66608, 23.94641, 7.50002]},
			"faces": {
				"north": {"uv": [3, 13, 4, 14], "rotation": 90, "texture": "#0"},
				"east": {"uv": [3, 13, 4, 14], "rotation": 90, "texture": "#0"},
				"south": {"uv": [3, 13, 4, 14], "rotation": 270, "texture": "#0"},
				"up": {"uv": [3, 13, 4, 14], "rotation": 270, "texture": "#0"}
			}
		},
		{
			"from": [-2.01899, 28.01341, 7],
			"to": [-1.01903, 31.01329, 8],
			"rotation": {"angle": 0, "axis": "y", "origin": [-6.66608, 23.94641, 7.50002]},
			"faces": {
				"north": {"uv": [16, 0, 13, 1], "rotation": 90, "texture": "#0"},
				"south": {"uv": [16, 0, 13, 1], "rotation": 270, "texture": "#0"},
				"west": {"uv": [16, 0, 13, 1], "rotation": 90, "texture": "#0"},
				"up": {"uv": [16, 0, 13, 1], "rotation": 270, "texture": "#0"},
				"down": {"uv": [16, 0, 13, 1], "rotation": 270, "texture": "#0"}
			}
		},
		{
			"from": [-1.01903, 27.01345, 7],
			"to": [-0.01907, 31.01329, 8],
			"rotation": {"angle": 0, "axis": "y", "origin": [-6.66608, 23.94641, 7.50002]},
			"faces": {
				"north": {"uv": [12, 1, 16, 2], "rotation": 90, "texture": "#0"},
				"south": {"uv": [12, 1, 16, 2], "rotation": 270, "texture": "#0"},
				"west": {"uv": [12, 1, 16, 2], "rotation": 90, "texture": "#0"},
				"up": {"uv": [12, 1, 13, 2], "rotation": 270, "texture": "#0"},
				"down": {"uv": [12, 1, 13, 2], "rotation": 270, "texture": "#0"}
			}
		},
		{
			"from": [-0.01907, 26.01349, 7],
			"to": [0.98089, 31.01329, 8],
			"rotation": {"angle": 0, "axis": "y", "origin": [-6.66608, 23.94641, 7.50002]},
			"faces": {
				"north": {"uv": [10, 3, 15, 4], "rotation": 90, "texture": "#0"},
				"east": {"uv": [6, 7, 11, 8], "rotation": 90, "texture": "#0"},
				"south": {"uv": [11, 2, 16, 3], "rotation": 270, "texture": "#0"},
				"west": {"uv": [6, 7, 11, 8], "rotation": 90, "texture": "#0"},
				"up": {"uv": [6, 7, 7, 8], "rotation": 270, "texture": "#0"},
				"down": {"uv": [6, 7, 7, 8], "rotation": 270, "texture": "#0"}
			}
		},
		{
			"from": [0.98089, 25.01353, 7],
			"to": [1.98085, 30.01333, 8],
			"rotation": {"angle": 0, "axis": "y", "origin": [-6.66608, 23.94641, 7.50002]},
			"faces": {
				"north": {"uv": [10, 3, 15, 4], "rotation": 90, "texture": "#0"},
				"east": {"uv": [6, 7, 11, 8], "rotation": 90, "texture": "#0"},
				"south": {"uv": [11, 2, 16, 3], "rotation": 270, "texture": "#0"},
				"west": {"uv": [6, 7, 11, 8], "rotation": 90, "texture": "#0"},
				"up": {"uv": [6, 7, 7, 8], "rotation": 270, "texture": "#0"},
				"down": {"uv": [6, 7, 7, 8], "rotation": 270, "texture": "#0"}
			}
		},
		{
			"from": [1.98085, 24.01357, 7],
			"to": [2.98081, 29.01337, 8],
			"rotation": {"angle": 0, "axis": "y", "origin": [-6.66608, 23.94641, 7.50002]},
			"faces": {
				"north": {"uv": [10, 3, 15, 4], "rotation": 90, "texture": "#0"},
				"east": {"uv": [6, 7, 11, 8], "rotation": 90, "texture": "#0"},
				"south": {"uv": [10, 3, 15, 4], "rotation": 270, "texture": "#0"},
				"west": {"uv": [6, 7, 11, 8], "rotation": 90, "texture": "#0"},
				"up": {"uv": [6, 7, 7, 8], "rotation": 270, "texture": "#0"},
				"down": {"uv": [6, 7, 7, 8], "rotation": 270, "texture": "#0"}
			}
		},
		{
			"from": [2.98081, 23.01361, 7],
			"to": [3.98077, 28.01341, 8],
			"rotation": {"angle": 0, "axis": "y", "origin": [-6.66608, 23.94641, 7.50002]},
			"faces": {
				"north": {"uv": [6, 7, 11, 8], "rotation": 90, "texture": "#0"},
				"east": {"uv": [6, 7, 11, 8], "rotation": 90, "texture": "#0"},
				"south": {"uv": [7, 6, 12, 7], "rotation": 270, "texture": "#0"},
				"west": {"uv": [6, 7, 11, 8], "rotation": 90, "texture": "#0"},
				"up": {"uv": [6, 7, 7, 8], "rotation": 270, "texture": "#0"},
				"down": {"uv": [6, 7, 7, 8], "rotation": 270, "texture": "#0"}
			}
		},
		{
			"from": [3.98077, 22.01365, 7],
			"to": [4.98073, 27.01345, 8],
			"rotation": {"angle": 0, "axis": "y", "origin": [-6.66608, 23.94641, 7.50002]},
			"faces": {
				"north": {"uv": [6, 7, 11, 8], "rotation": 90, "texture": "#0"},
				"east": {"uv": [6, 7, 11, 8], "rotation": 90, "texture": "#0"},
				"south": {"uv": [7, 6, 12, 7], "rotation": 270, "texture": "#0"},
				"west": {"uv": [6, 7, 11, 8], "rotation": 90, "texture": "#0"},
				"up": {"uv": [6, 7, 7, 8], "rotation": 270, "texture": "#0"},
				"down": {"uv": [6, 7, 7, 8], "rotation": 270, "texture": "#0"}
			}
		},
		{
			"from": [4.98073, 21.01369, 7],
			"to": [5.98069, 26.01349, 8],
			"rotation": {"angle": 0, "axis": "y", "origin": [-6.66608, 23.94641, 7.50002]},
			"faces": {
				"north": {"uv": [7, 6, 12, 7], "rotation": 90, "texture": "#0"},
				"east": {"uv": [6, 7, 11, 8], "rotation": 90, "texture": "#0"},
				"south": {"uv": [7, 6, 12, 7], "rotation": 270, "texture": "#0"},
				"west": {"uv": [6, 7, 11, 8], "rotation": 90, "texture": "#0"},
				"up": {"uv": [6, 7, 7, 8], "rotation": 270, "texture": "#0"},
				"down": {"uv": [6, 7, 7, 8], "rotation": 270, "texture": "#0"}
			}
		},
		{
			"from": [5.98069, 18.01381, 7],
			"to": [6.98065, 25.01353, 8],
			"rotation": {"angle": 0, "axis": "y", "origin": [-6.66608, 23.94641, 7.50002]},
			"faces": {
				"north": {"uv": [10, 8, 3, 9], "rotation": 90, "texture": "#0"},
				"east": {"uv": [3, 8, 10, 9], "rotation": 90, "texture": "#0"},
				"south": {"uv": [3, 8, 10, 9], "rotation": 270, "texture": "#0"},
				"west": {"uv": [10, 8, 3, 9], "rotation": 90, "texture": "#0"},
				"up": {"uv": [9, 8, 10, 9], "rotation": 270, "texture": "#0"},
				"down": {"uv": [3, 8, 4, 9], "rotation": 270, "texture": "#0"}
			}
		},
		{
			"from": [6.98065, 18.01381, 7],
			"to": [7.98061, 24.01357, 8],
			"rotation": {"angle": 0, "axis": "y", "origin": [-6.66608, 23.94641, 7.50002]},
			"faces": {
				"north": {"uv": [9, 9, 3, 10], "rotation": 90, "texture": "#0"},
				"east": {"uv": [3, 9, 9, 10], "rotation": 90, "texture": "#0"},
				"south": {"uv": [3, 9, 9, 10], "rotation": 270, "texture": "#0"},
				"up": {"uv": [8, 9, 9, 10], "rotation": 270, "texture": "#0"},
				"down": {"uv": [3, 9, 4, 10], "rotation": 270, "texture": "#0"}
			}
		},
		{
			"from": [7.98061, 19.01377, 7],
			"to": [8.98057, 23.01361, 8],
			"rotation": {"angle": 0, "axis": "y", "origin": [-6.66608, 23.94641, 7.50002]},
			"faces": {
				"north": {"uv": [8, 10, 4, 11], "rotation": 90, "texture": "#0"},
				"south": {"uv": [4, 10, 8, 11], "rotation": 270, "texture": "#0"},
				"up": {"uv": [7, 10, 8, 11], "rotation": 270, "texture": "#0"},
				"down": {"uv": [4, 10, 5, 11], "rotation": 270, "texture": "#0"}
			}
		},
		{
			"from": [8.98057, 18.01381, 7],
			"to": [9.98053, 24.01357, 8],
			"rotation": {"angle": 0, "axis": "y", "origin": [-6.66608, 23.94641, 7.50002]},
			"faces": {
				"north": {"uv": [9, 11, 3, 12], "rotation": 90, "texture": "#0"},
				"east": {"uv": [3, 11, 9, 12], "rotation": 90, "texture": "#0"},
				"south": {"uv": [3, 11, 9, 12], "rotation": 270, "texture": "#0"},
				"west": {"uv": [9, 11, 3, 12], "rotation": 90, "texture": "#0"},
				"up": {"uv": [8, 11, 9, 12], "rotation": 270, "texture": "#0"},
				"down": {"uv": [3, 11, 4, 12], "rotation": 270, "texture": "#0"}
			}
		},
		{
			"from": [9.98053, 21.01369, 7],
			"to": [10.98049, 25.01353, 8],
			"rotation": {"angle": 0, "axis": "y", "origin": [-6.66608, 23.94641, 7.50002]},
			"faces": {
				"north": {"uv": [10, 12, 6, 13], "rotation": 90, "texture": "#0"},
				"east": {"uv": [6, 12, 10, 13], "rotation": 90, "texture": "#0"},
				"south": {"uv": [6, 12, 10, 13], "rotation": 270, "texture": "#0"},
				"west": {"uv": [6, 12, 10, 13], "rotation": 90, "texture": "#0"},
				"up": {"uv": [6, 12, 7, 13], "rotation": 270, "texture": "#0"},
				"down": {"uv": [6, 12, 10, 13], "rotation": 270, "texture": "#0"}
			}
		},
		{
			"from": [10.98049, 23.01361, 7],
			"to": [11.98045, 25.01353, 8],
			"rotation": {"angle": 0, "axis": "y", "origin": [-6.66608, 23.94641, 7.50002]},
			"faces": {
				"north": {"uv": [8, 13, 10, 14], "rotation": 90, "texture": "#0"},
				"east": {"uv": [8, 13, 10, 14], "rotation": 90, "texture": "#0"},
				"south": {"uv": [8, 13, 10, 14], "rotation": 270, "texture": "#0"},
				"up": {"uv": [8, 13, 10, 14], "rotation": 270, "texture": "#0"},
				"down": {"uv": [8, 13, 10, 14], "rotation": 270, "texture": "#0"}
			}
		},
		{
			"from": [4.98073, 19.01377, 7],
			"to": [5.98069, 20.01373, 8],
			"rotation": {"angle": 0, "axis": "y", "origin": [-6.66608, 23.94641, 7.50002]},
			"faces": {
				"north": {"uv": [4, 7, 5, 8], "rotation": 90, "texture": "#0"},
				"south": {"uv": [4, 7, 5, 8], "rotation": 270, "texture": "#0"},
				"west": {"uv": [4, 7, 5, 8], "rotation": 90, "texture": "#0"},
				"up": {"uv": [4, 7, 5, 8], "rotation": 270, "texture": "#0"}
			}
		},
		{
			"from": [3.98077, 17.01385, 7],
			"to": [5.98069, 19.01377, 8],
			"rotation": {"angle": 0, "axis": "y", "origin": [-6.66608, 23.94641, 7.50002]},
			"faces": {
				"north": {"uv": [4, 6, 2, 8], "rotation": 90, "texture": "#0"},
				"east": {"uv": [2, 6, 4, 7], "rotation": 90, "texture": "#0"},
				"south": {"uv": [2, 6, 4, 8], "rotation": 270, "texture": "#0"},
				"west": {"uv": [2, 6, 4, 7], "rotation": 90, "texture": "#0"},
				"up": {"uv": [2, 6, 4, 7], "rotation": 270, "texture": "#0"},
				"down": {"uv": [2, 6, 4, 7], "rotation": 270, "texture": "#0"}
			}
		},
		{
			"from": [9.98053, 17.01385, 7],
			"to": [10.98049, 20.01373, 8],
			"rotation": {"angle": 0, "axis": "y", "origin": [-6.66608, 23.94641, 7.50002]},
			"faces": {
				"north": {"uv": [2, 12, 5, 13], "rotation": 90, "texture": "#0"},
				"east": {"uv": [2, 12, 5, 13], "rotation": 90, "texture": "#0"},
				"south": {"uv": [2, 12, 5, 13], "rotation": 270, "texture": "#0"},
				"west": {"uv": [2, 12, 5, 13], "rotation": 90, "texture": "#0"},
				"up": {"uv": [4, 12, 5, 13], "rotation": 270, "texture": "#0"},
				"down": {"uv": [2, 12, 3, 13], "rotation": 270, "texture": "#0"}
			}
		},
		{
			"from": [10.98049, 18.01381, 7],
			"to": [11.98045, 19.01377, 8],
			"rotation": {"angle": 0, "axis": "y", "origin": [-6.66608, 23.94641, 7.50002]},
			"faces": {
				"north": {"uv": [3, 13, 4, 14], "rotation": 90, "texture": "#0"},
				"east": {"uv": [3, 13, 4, 14], "rotation": 90, "texture": "#0"},
				"south": {"uv": [3, 13, 4, 14], "rotation": 270, "texture": "#0"},
				"up": {"uv": [3, 13, 4, 14], "rotation": 270, "texture": "#0"}
			}
		},
		{
			"from": [11.03364, -11.0387, 7],
			"to": [14.03352, -10.03874, 7.99996],
			"rotation": {"angle": 0, "axis": "z", "origin": [19.03332, 10.01361, 7.49998]},
			"faces": {
				"north": {"uv": [16, 0, 13, 1], "rotation": 180, "texture": "#0"},
				"east": {"uv": [16, 0, 13, 1], "rotation": 180, "texture": "#0"},
				"south": {"uv": [16, 0, 13, 1], "rotation": 180, "texture": "#0"},
				"west": {"uv": [16, 0, 13, 1], "rotation": 180, "texture": "#0"},
				"down": {"uv": [16, 0, 13, 1], "texture": "#0"}
			}
		},
		{
			"from": [11.03364, -10.03874, 7],
			"to": [15.03348, -9.03878, 7.99996],
			"rotation": {"angle": 0, "axis": "z", "origin": [19.03332, 10.01361, 7.49998]},
			"faces": {
				"north": {"uv": [12, 1, 16, 2], "rotation": 180, "texture": "#0"},
				"east": {"uv": [12, 1, 13, 2], "rotation": 180, "texture": "#0"},
				"south": {"uv": [12, 1, 16, 2], "rotation": 180, "texture": "#0"},
				"west": {"uv": [12, 1, 13, 2], "rotation": 180, "texture": "#0"},
				"down": {"uv": [12, 1, 16, 2], "texture": "#0"}
			}
		},
		{
			"from": [11.03364, -9.03878, 7],
			"to": [16.03344, -8.03882, 7.99996],
			"rotation": {"angle": 0, "axis": "z", "origin": [19.03332, 10.01361, 7.49998]},
			"faces": {
				"north": {"uv": [10, 3, 15, 4], "rotation": 180, "texture": "#0"},
				"east": {"uv": [6, 7, 7, 8], "rotation": 180, "texture": "#0"},
				"south": {"uv": [11, 2, 16, 3], "rotation": 180, "texture": "#0"},
				"west": {"uv": [6, 7, 7, 8], "rotation": 180, "texture": "#0"},
				"up": {"uv": [6, 7, 11, 8], "texture": "#0"},
				"down": {"uv": [6, 7, 11, 8], "texture": "#0"}
			}
		},
		{
			"from": [12.0336, -8.03882, 7],
			"to": [17.0334, -7.03886, 7.99996],
			"rotation": {"angle": 0, "axis": "z", "origin": [19.03332, 10.01361, 7.49998]},
			"faces": {
				"north": {"uv": [10, 3, 15, 4], "rotation": 180, "texture": "#0"},
				"east": {"uv": [6, 7, 7, 8], "rotation": 180, "texture": "#0"},
				"south": {"uv": [11, 2, 16, 3], "rotation": 180, "texture": "#0"},
				"west": {"uv": [6, 7, 7, 8], "rotation": 180, "texture": "#0"},
				"up": {"uv": [6, 7, 11, 8], "texture": "#0"},
				"down": {"uv": [6, 7, 11, 8], "texture": "#0"}
			}
		},
		{
			"from": [13.03356, -7.03886, 7],
			"to": [18.03336, -6.0389, 7.99996],
			"rotation": {"angle": 0, "axis": "z", "origin": [19.03332, 10.01361, 7.49998]},
			"faces": {
				"north": {"uv": [10, 3, 15, 4], "rotation": 180, "texture": "#0"},
				"east": {"uv": [6, 7, 7, 8], "rotation": 180, "texture": "#0"},
				"south": {"uv": [10, 3, 15, 4], "rotation": 180, "texture": "#0"},
				"west": {"uv": [6, 7, 7, 8], "rotation": 180, "texture": "#0"},
				"up": {"uv": [6, 7, 11, 8], "texture": "#0"},
				"down": {"uv": [6, 7, 11, 8], "texture": "#0"}
			}
		},
		{
			"from": [14.03352, -6.0389, 7],
			"to": [19.03332, -5.03894, 7.99996],
			"rotation": {"angle": 0, "axis": "z", "origin": [19.03332, 10.01361, 7.49998]},
			"faces": {
				"north": {"uv": [6, 7, 11, 8], "rotation": 180, "texture": "#0"},
				"east": {"uv": [6, 7, 7, 8], "rotation": 180, "texture": "#0"},
				"south": {"uv": [7, 6, 12, 7], "rotation": 180, "texture": "#0"},
				"west": {"uv": [6, 7, 7, 8], "rotation": 180, "texture": "#0"},
				"up": {"uv": [6, 7, 11, 8], "texture": "#0"},
				"down": {"uv": [6, 7, 11, 8], "texture": "#0"}
			}
		},
		{
			"from": [15.03348, -5.03894, 7],
			"to": [20.03328, -4.03898, 7.99996],
			"rotation": {"angle": 0, "axis": "z", "origin": [19.03332, 10.01361, 7.49998]},
			"faces": {
				"north": {"uv": [6, 7, 11, 8], "rotation": 180, "texture": "#0"},
				"east": {"uv": [6, 7, 7, 8], "rotation": 180, "texture": "#0"},
				"south": {"uv": [7, 6, 12, 7], "rotation": 180, "texture": "#0"},
				"west": {"uv": [6, 7, 7, 8], "rotation": 180, "texture": "#0"},
				"up": {"uv": [6, 7, 11, 8], "texture": "#0"},
				"down": {"uv": [6, 7, 11, 8], "texture": "#0"}
			}
		},
		{
			"from": [16.03344, -4.03898, 7],
			"to": [21.03324, -3.03902, 7.99996],
			"rotation": {"angle": 0, "axis": "z", "origin": [19.03332, 10.01361, 7.49998]},
			"faces": {
				"north": {"uv": [7, 6, 12, 7], "rotation": 180, "texture": "#0"},
				"east": {"uv": [6, 7, 7, 8], "rotation": 180, "texture": "#0"},
				"south": {"uv": [7, 6, 12, 7], "rotation": 180, "texture": "#0"},
				"west": {"uv": [6, 7, 7, 8], "rotation": 180, "texture": "#0"},
				"up": {"uv": [6, 7, 11, 8], "texture": "#0"},
				"down": {"uv": [6, 7, 11, 8], "texture": "#0"}
			}
		},
		{
			"from": [17.0334, -3.03902, 7],
			"to": [24.03312, -2.03906, 7.99996],
			"rotation": {"angle": 0, "axis": "z", "origin": [19.03332, 10.01361, 7.49998]},
			"faces": {
				"north": {"uv": [10, 8, 3, 9], "rotation": 180, "texture": "#0"},
				"east": {"uv": [3, 8, 4, 9], "rotation": 180, "texture": "#0"},
				"south": {"uv": [3, 8, 10, 9], "rotation": 180, "texture": "#0"},
				"west": {"uv": [9, 8, 10, 9], "rotation": 180, "texture": "#0"},
				"up": {"uv": [3, 8, 10, 9], "texture": "#0"},
				"down": {"uv": [10, 8, 3, 9], "texture": "#0"}
			}
		},
		{
			"from": [18.03336, -2.03906, 7],
			"to": [24.03312, -1.0391, 7.99996],
			"rotation": {"angle": 0, "axis": "z", "origin": [19.03332, 10.01361, 7.49998]},
			"faces": {
				"north": {"uv": [9, 9, 3, 10], "rotation": 180, "texture": "#0"},
				"east": {"uv": [3, 9, 4, 10], "rotation": 180, "texture": "#0"},
				"south": {"uv": [3, 9, 9, 10], "rotation": 180, "texture": "#0"},
				"west": {"uv": [8, 9, 9, 10], "rotation": 180, "texture": "#0"},
				"up": {"uv": [3, 9, 9, 10], "texture": "#0"}
			}
		},
		{
			"from": [19.03332, -1.0391, 7],
			"to": [23.03316, -0.03914, 7.99996],
			"rotation": {"angle": 0, "axis": "z", "origin": [19.03332, 10.01361, 7.49998]},
			"faces": {
				"north": {"uv": [8, 10, 4, 11], "rotation": 180, "texture": "#0"},
				"east": {"uv": [4, 10, 5, 11], "rotation": 180, "texture": "#0"},
				"south": {"uv": [4, 10, 8, 11], "rotation": 180, "texture": "#0"},
				"west": {"uv": [7, 10, 8, 11], "rotation": 180, "texture": "#0"}
			}
		},
		{
			"from": [18.03336, -0.03914, 7],
			"to": [24.03312, 0.96082, 7.99996],
			"rotation": {"angle": 0, "axis": "z", "origin": [19.03332, 10.01361, 7.49998]},
			"faces": {
				"north": {"uv": [9, 11, 3, 12], "rotation": 180, "texture": "#0"},
				"east": {"uv": [3, 11, 4, 12], "rotation": 180, "texture": "#0"},
				"south": {"uv": [3, 11, 9, 12], "rotation": 180, "texture": "#0"},
				"west": {"uv": [8, 11, 9, 12], "rotation": 180, "texture": "#0"},
				"up": {"uv": [3, 11, 9, 12], "texture": "#0"},
				"down": {"uv": [9, 11, 3, 12], "texture": "#0"}
			}
		},
		{
			"from": [17.0334, 0.96082, 7],
			"to": [21.03324, 1.96078, 7.99996],
			"rotation": {"angle": 0, "axis": "z", "origin": [19.03332, 10.01361, 7.49998]},
			"faces": {
				"north": {"uv": [10, 12, 6, 13], "rotation": 180, "texture": "#0"},
				"east": {"uv": [6, 12, 10, 13], "rotation": 180, "texture": "#0"},
				"south": {"uv": [6, 12, 10, 13], "rotation": 180, "texture": "#0"},
				"west": {"uv": [6, 12, 7, 13], "rotation": 180, "texture": "#0"},
				"up": {"uv": [6, 12, 10, 13], "texture": "#0"},
				"down": {"uv": [6, 12, 10, 13], "texture": "#0"}
			}
		},
		{
			"from": [17.0334, 1.96078, 7],
			"to": [19.03332, 2.96074, 7.99996],
			"rotation": {"angle": 0, "axis": "z", "origin": [19.03332, 10.01361, 7.49998]},
			"faces": {
				"north": {"uv": [8, 13, 10, 14], "rotation": 180, "texture": "#0"},
				"east": {"uv": [8, 13, 10, 14], "rotation": 180, "texture": "#0"},
				"south": {"uv": [8, 13, 10, 14], "rotation": 180, "texture": "#0"},
				"west": {"uv": [8, 13, 10, 14], "rotation": 180, "texture": "#0"},
				"up": {"uv": [8, 13, 10, 14], "texture": "#0"}
			}
		},
		{
			"from": [22.0332, -4.03898, 7],
			"to": [23.03316, -3.03902, 7.99996],
			"rotation": {"angle": 0, "axis": "z", "origin": [19.03332, 10.01361, 7.49998]},
			"faces": {
				"north": {"uv": [4, 7, 5, 8], "rotation": 180, "texture": "#0"},
				"south": {"uv": [4, 7, 5, 8], "rotation": 180, "texture": "#0"},
				"west": {"uv": [4, 7, 5, 8], "rotation": 180, "texture": "#0"},
				"down": {"uv": [4, 7, 5, 8], "texture": "#0"}
			}
		},
		{
			"from": [23.03316, -5.03894, 7],
			"to": [25.03308, -3.03902, 7.99996],
			"rotation": {"angle": 0, "axis": "z", "origin": [19.03332, 10.01361, 7.49998]},
			"faces": {
				"north": {"uv": [4, 6, 2, 8], "rotation": 180, "texture": "#0"},
				"east": {"uv": [2, 6, 4, 7], "rotation": 180, "texture": "#0"},
				"south": {"uv": [2, 6, 4, 8], "rotation": 180, "texture": "#0"},
				"west": {"uv": [2, 6, 4, 7], "rotation": 180, "texture": "#0"},
				"up": {"uv": [2, 6, 4, 7], "texture": "#0"},
				"down": {"uv": [2, 6, 4, 7], "texture": "#0"}
			}
		},
		{
			"from": [22.0332, 0.96082, 7],
			"to": [25.03308, 1.96078, 7.99996],
			"rotation": {"angle": 0, "axis": "z", "origin": [19.03332, 10.01361, 7.49998]},
			"faces": {
				"north": {"uv": [2, 12, 5, 13], "rotation": 180, "texture": "#0"},
				"east": {"uv": [2, 12, 3, 13], "rotation": 180, "texture": "#0"},
				"south": {"uv": [2, 12, 5, 13], "rotation": 180, "texture": "#0"},
				"west": {"uv": [4, 12, 5, 13], "rotation": 180, "texture": "#0"},
				"up": {"uv": [2, 12, 5, 13], "texture": "#0"},
				"down": {"uv": [2, 12, 5, 13], "texture": "#0"}
			}
		},
		{
			"from": [23.03316, 1.96078, 7],
			"to": [24.03312, 2.96074, 7.99996],
			"rotation": {"angle": 0, "axis": "z", "origin": [19.03332, 10.01361, 7.49998]},
			"faces": {
				"north": {"uv": [3, 13, 4, 14], "rotation": 180, "texture": "#0"},
				"south": {"uv": [3, 13, 4, 14], "rotation": 180, "texture": "#0"},
				"west": {"uv": [3, 13, 4, 14], "rotation": 180, "texture": "#0"},
				"up": {"uv": [3, 13, 4, 14], "texture": "#0"}
			}
		},
		{
			"from": [24.03312, 1.96078, 7],
			"to": [27.033, 4.96066, 7.99996],
			"rotation": {"angle": 0, "axis": "z", "origin": [19.03332, 10.01361, 7.49998]},
			"faces": {
				"north": {"uv": [0, 13, 3, 16], "rotation": 90, "texture": "#0"},
				"east": {"uv": [0, 13, 1, 16], "rotation": 180, "texture": "#0"},
				"south": {"uv": [0, 13, 3, 16], "rotation": 180, "texture": "#0"},
				"west": {"uv": [2, 13, 3, 16], "rotation": 180, "texture": "#0"},
				"up": {"uv": [0, 15, 3, 16], "texture": "#0"},
				"down": {"uv": [0, 13, 3, 14], "rotation": 180, "texture": "#0"}
			}
		},
		{
			"from": [-14.96636, 15.96126, 7],
			"to": [-10.96652, 16.96122, 7.99996],
			"rotation": {"angle": 0, "axis": "z", "origin": [-6.96668, 23.07862, 7.49998]},
			"faces": {
				"north": {"uv": [12, 1, 16, 2], "rotation": 180, "texture": "#0"},
				"east": {"uv": [12, 1, 13, 2], "rotation": 180, "texture": "#0"},
				"south": {"uv": [12, 1, 16, 2], "rotation": 180, "texture": "#0"},
				"west": {"uv": [12, 1, 13, 2], "rotation": 180, "texture": "#0"},
				"down": {"uv": [12, 1, 16, 2], "texture": "#0"}
			}
		},
		{
			"from": [-14.96636, 16.96122, 7],
			"to": [-9.96656, 17.96118, 7.99996],
			"rotation": {"angle": 0, "axis": "z", "origin": [-6.96668, 23.07862, 7.49998]},
			"faces": {
				"north": {"uv": [10, 3, 15, 4], "rotation": 180, "texture": "#0"},
				"east": {"uv": [6, 7, 7, 8], "rotation": 180, "texture": "#0"},
				"south": {"uv": [11, 2, 16, 3], "rotation": 180, "texture": "#0"},
				"west": {"uv": [6, 7, 7, 8], "rotation": 180, "texture": "#0"},
				"up": {"uv": [6, 7, 11, 8], "texture": "#0"},
				"down": {"uv": [6, 7, 11, 8], "texture": "#0"}
			}
		},
		{
			"from": [-13.9664, 17.96118, 7],
			"to": [-8.9666, 18.96114, 7.99996],
			"rotation": {"angle": 0, "axis": "z", "origin": [-6.96668, 23.07862, 7.49998]},
			"faces": {
				"north": {"uv": [10, 3, 15, 4], "rotation": 180, "texture": "#0"},
				"east": {"uv": [6, 7, 7, 8], "rotation": 180, "texture": "#0"},
				"south": {"uv": [11, 2, 16, 3], "rotation": 180, "texture": "#0"},
				"west": {"uv": [6, 7, 7, 8], "rotation": 180, "texture": "#0"},
				"up": {"uv": [6, 7, 11, 8], "texture": "#0"},
				"down": {"uv": [6, 7, 11, 8], "texture": "#0"}
			}
		},
		{
			"from": [-12.96644, 18.96114, 7],
			"to": [-7.96664, 19.9611, 7.99996],
			"rotation": {"angle": 0, "axis": "z", "origin": [-6.96668, 23.07862, 7.49998]},
			"faces": {
				"north": {"uv": [10, 3, 15, 4], "rotation": 180, "texture": "#0"},
				"east": {"uv": [6, 7, 7, 8], "rotation": 180, "texture": "#0"},
				"south": {"uv": [10, 3, 15, 4], "rotation": 180, "texture": "#0"},
				"west": {"uv": [6, 7, 7, 8], "rotation": 180, "texture": "#0"},
				"up": {"uv": [6, 7, 11, 8], "texture": "#0"},
				"down": {"uv": [6, 7, 11, 8], "texture": "#0"}
			}
		},
		{
			"from": [-11.96648, 19.9611, 7],
			"to": [-6.96668, 20.96106, 7.99996],
			"rotation": {"angle": 0, "axis": "z", "origin": [-6.96668, 23.07862, 7.49998]},
			"faces": {
				"north": {"uv": [6, 7, 11, 8], "rotation": 180, "texture": "#0"},
				"east": {"uv": [6, 7, 7, 8], "rotation": 180, "texture": "#0"},
				"south": {"uv": [7, 6, 12, 7], "rotation": 180, "texture": "#0"},
				"west": {"uv": [6, 7, 7, 8], "rotation": 180, "texture": "#0"},
				"up": {"uv": [6, 7, 11, 8], "texture": "#0"},
				"down": {"uv": [6, 7, 11, 8], "texture": "#0"}
			}
		},
		{
			"from": [-10.96652, 20.96106, 7],
			"to": [-5.96672, 21.96102, 7.99996],
			"rotation": {"angle": 0, "axis": "z", "origin": [-6.96668, 23.07862, 7.49998]},
			"faces": {
				"north": {"uv": [6, 7, 11, 8], "rotation": 180, "texture": "#0"},
				"east": {"uv": [6, 7, 7, 8], "rotation": 180, "texture": "#0"},
				"south": {"uv": [7, 6, 12, 7], "rotation": 180, "texture": "#0"},
				"west": {"uv": [6, 7, 7, 8], "rotation": 180, "texture": "#0"},
				"up": {"uv": [6, 7, 11, 8], "texture": "#0"},
				"down": {"uv": [6, 7, 11, 8], "texture": "#0"}
			}
		},
		{
			"from": [-9.96656, 21.96102, 7],
			"to": [-4.96676, 22.96098, 7.99996],
			"rotation": {"angle": 0, "axis": "z", "origin": [-6.96668, 23.07862, 7.49998]},
			"faces": {
				"north": {"uv": [7, 6, 12, 7], "rotation": 180, "texture": "#0"},
				"east": {"uv": [6, 7, 7, 8], "rotation": 180, "texture": "#0"},
				"south": {"uv": [7, 6, 12, 7], "rotation": 180, "texture": "#0"},
				"west": {"uv": [6, 7, 7, 8], "rotation": 180, "texture": "#0"},
				"up": {"uv": [6, 7, 11, 8], "texture": "#0"},
				"down": {"uv": [6, 7, 11, 8], "texture": "#0"}
			}
		},
		{
			"from": [-8.9666, 22.96098, 7],
			"to": [-1.96688, 23.96094, 7.99996],
			"rotation": {"angle": 0, "axis": "z", "origin": [-6.96668, 23.07862, 7.49998]},
			"faces": {
				"north": {"uv": [10, 8, 3, 9], "rotation": 180, "texture": "#0"},
				"east": {"uv": [3, 8, 4, 9], "rotation": 180, "texture": "#0"},
				"south": {"uv": [3, 8, 10, 9], "rotation": 180, "texture": "#0"},
				"west": {"uv": [9, 8, 10, 9], "rotation": 180, "texture": "#0"},
				"up": {"uv": [3, 8, 10, 9], "texture": "#0"},
				"down": {"uv": [10, 8, 3, 9], "texture": "#0"}
			}
		},
		{
			"from": [-7.96664, 23.96094, 7],
			"to": [-1.96688, 24.9609, 7.99996],
			"rotation": {"angle": 0, "axis": "z", "origin": [-6.96668, 23.07862, 7.49998]},
			"faces": {
				"north": {"uv": [9, 9, 3, 10], "rotation": 180, "texture": "#0"},
				"east": {"uv": [3, 9, 4, 10], "rotation": 180, "texture": "#0"},
				"south": {"uv": [3, 9, 9, 10], "rotation": 180, "texture": "#0"},
				"west": {"uv": [8, 9, 9, 10], "rotation": 180, "texture": "#0"},
				"up": {"uv": [3, 9, 9, 10], "texture": "#0"}
			}
		},
		{
			"from": [-6.96668, 24.9609, 7],
			"to": [-2.96684, 25.96086, 7.99996],
			"rotation": {"angle": 0, "axis": "z", "origin": [-6.96668, 23.07862, 7.49998]},
			"faces": {
				"north": {"uv": [8, 10, 4, 11], "rotation": 180, "texture": "#0"},
				"east": {"uv": [4, 10, 5, 11], "rotation": 180, "texture": "#0"},
				"south": {"uv": [4, 10, 8, 11], "rotation": 180, "texture": "#0"},
				"west": {"uv": [7, 10, 8, 11], "rotation": 180, "texture": "#0"}
			}
		},
		{
			"from": [-7.96664, 25.96086, 7],
			"to": [-1.96688, 26.96082, 7.99996],
			"rotation": {"angle": 0, "axis": "z", "origin": [-6.96668, 23.07862, 7.49998]},
			"faces": {
				"north": {"uv": [9, 11, 3, 12], "rotation": 180, "texture": "#0"},
				"east": {"uv": [3, 11, 4, 12], "rotation": 180, "texture": "#0"},
				"south": {"uv": [3, 11, 9, 12], "rotation": 180, "texture": "#0"},
				"west": {"uv": [8, 11, 9, 12], "rotation": 180, "texture": "#0"},
				"up": {"uv": [3, 11, 9, 12], "texture": "#0"},
				"down": {"uv": [9, 11, 3, 12], "texture": "#0"}
			}
		},
		{
			"from": [-8.9666, 26.96082, 7],
			"to": [-4.96676, 27.96078, 7.99996],
			"rotation": {"angle": 0, "axis": "z", "origin": [-6.96668, 23.07862, 7.49998]},
			"faces": {
				"north": {"uv": [10, 12, 6, 13], "rotation": 180, "texture": "#0"},
				"east": {"uv": [6, 12, 10, 13], "rotation": 180, "texture": "#0"},
				"south": {"uv": [6, 12, 10, 13], "rotation": 180, "texture": "#0"},
				"west": {"uv": [6, 12, 7, 13], "rotation": 180, "texture": "#0"},
				"up": {"uv": [6, 12, 10, 13], "texture": "#0"},
				"down": {"uv": [6, 12, 10, 13], "texture": "#0"}
			}
		},
		{
			"from": [-8.9666, 27.96078, 7],
			"to": [-6.96668, 28.96074, 7.99996],
			"rotation": {"angle": 0, "axis": "z", "origin": [-6.96668, 23.07862, 7.49998]},
			"faces": {
				"north": {"uv": [8, 13, 10, 14], "rotation": 180, "texture": "#0"},
				"east": {"uv": [8, 13, 10, 14], "rotation": 180, "texture": "#0"},
				"south": {"uv": [8, 13, 10, 14], "rotation": 180, "texture": "#0"},
				"west": {"uv": [8, 13, 10, 14], "rotation": 180, "texture": "#0"},
				"up": {"uv": [8, 13, 10, 14], "texture": "#0"}
			}
		},
		{
			"from": [-3.9668, 21.96102, 7],
			"to": [-2.96684, 22.96098, 7.99996],
			"rotation": {"angle": 0, "axis": "z", "origin": [-6.96668, 23.07862, 7.49998]},
			"faces": {
				"north": {"uv": [4, 7, 5, 8], "rotation": 180, "texture": "#0"},
				"south": {"uv": [4, 7, 5, 8], "rotation": 180, "texture": "#0"},
				"west": {"uv": [4, 7, 5, 8], "rotation": 180, "texture": "#0"},
				"down": {"uv": [4, 7, 5, 8], "texture": "#0"}
			}
		},
		{
			"from": [-2.96684, 20.96106, 7],
			"to": [-0.96692, 22.96098, 7.99996],
			"rotation": {"angle": 0, "axis": "z", "origin": [-6.96668, 23.07862, 7.49998]},
			"faces": {
				"north": {"uv": [4, 6, 2, 8], "rotation": 180, "texture": "#0"},
				"east": {"uv": [2, 6, 4, 7], "rotation": 180, "texture": "#0"},
				"south": {"uv": [2, 6, 4, 8], "rotation": 180, "texture": "#0"},
				"west": {"uv": [2, 6, 4, 7], "rotation": 180, "texture": "#0"},
				"up": {"uv": [2, 6, 4, 7], "texture": "#0"},
				"down": {"uv": [2, 6, 4, 7], "texture": "#0"}
			}
		},
		{
			"from": [-3.9668, 26.96082, 7],
			"to": [-0.96692, 27.96078, 7.99996],
			"rotation": {"angle": 0, "axis": "z", "origin": [-6.96668, 23.07862, 7.49998]},
			"faces": {
				"north": {"uv": [2, 12, 5, 13], "rotation": 180, "texture": "#0"},
				"east": {"uv": [2, 12, 3, 13], "rotation": 180, "texture": "#0"},
				"south": {"uv": [2, 12, 5, 13], "rotation": 180, "texture": "#0"},
				"west": {"uv": [4, 12, 5, 13], "rotation": 180, "texture": "#0"},
				"up": {"uv": [2, 12, 5, 13], "texture": "#0"},
				"down": {"uv": [2, 12, 5, 13], "texture": "#0"}
			}
		},
		{
			"from": [-2.96684, 27.96078, 7],
			"to": [-1.96688, 28.96074, 7.99996],
			"rotation": {"angle": 0, "axis": "z", "origin": [-6.96668, 23.07862, 7.49998]},
			"faces": {
				"north": {"uv": [3, 13, 4, 14], "rotation": 180, "texture": "#0"},
				"south": {"uv": [3, 13, 4, 14], "rotation": 180, "texture": "#0"},
				"west": {"uv": [3, 13, 4, 14], "rotation": 180, "texture": "#0"},
				"up": {"uv": [3, 13, 4, 14], "texture": "#0"}
			}
		},
		{
			"from": [6, -4, 7.25],
			"to": [24, 14, 7.75],
			"rotation": {"angle": -45, "axis": "z", "origin": [11, 8, 7.5]},
			"faces": {
				"north": {"uv": [0, 0, 16, 16], "rotation": 90, "texture": "#1"},
				"south": {"uv": [0, 0, 16, 16], "rotation": 90, "texture": "#1"}
			}
		},
		{
			"from": [-12, -4, 7.25],
			"to": [6, 14, 7.75],
			"rotation": {"angle": -45, "axis": "z", "origin": [11, 8, 7.5]},
			"faces": {
				"north": {"uv": [0, 0, 16, 16], "rotation": 90, "texture": "#1"},
				"south": {"uv": [0, 0, 16, 16], "rotation": 90, "texture": "#1"}
			}
		}
	],
	"display": {
		"thirdperson_righthand": {
			"rotation": [-48, 90, 0],
			"translation": [1, 4.75, -1],
			"scale": [0.5, 0.5, 0.5]
		},
		"thirdperson_lefthand": {
			"rotation": [52, 90, 0],
			"translation": [1, 6, 2.5],
			"scale": [0.5, 0.5, 0.5]
		},
		"firstperson_righthand": {
			"rotation": [-66, 83, 41],
			"translation": [1.25, 1.25, -2.5],
			"scale": [0.5, 0.5, 0.5]
		},
		"firstperson_lefthand": {
			"rotation": [-37, 85, 104],
			"translation": [2, 0.75, -3.75],
			"scale": [0.5, 0.5, 0.5]
		},
		"ground": {
			"translation": [0, 4.5, 0]
		},
		"gui": {
			"rotation": [0, 0, -45],
			"translation": [0, -1, 0],
			"scale": [0.35, 0.35, 0.35]
		}
	},
	"groups": [
		{
			"name": "sword",
			"origin": [-6.66608, 23.94641, 7.50002],
			"color": 0,
			"children": [0, 1, 2, 3, 4, 5, 6, 7, 8, 9, 10, 11, 12, 13, 14, 15]
		},
		{
			"name": "sword",
			"origin": [-6.66608, 23.94641, 7.50002],
			"color": 0,
			"children": [16, 17, 18, 19, 20, 21, 22, 23, 24, 25, 26, 27, 28, 29, 30, 31, 32, 33]
		},
		{
			"name": "sword",
			"origin": [-6.66608, 23.94641, 7.50002],
			"color": 0,
			"children": [34, 35, 36, 37, 38, 39, 40, 41, 42, 43, 44, 45, 46, 47, 48, 49, 50, 51]
		},
		{
			"name": "sword",
			"origin": [-6.66608, 23.94641, 7.50002],
			"color": 0,
			"children": [52, 53, 54, 55, 56, 57, 58, 59, 60, 61, 62, 63, 64, 65, 66, 67, 68, 69]
		},
		{
			"name": "sword",
			"origin": [-6.66608, 23.94641, 7.50002],
			"color": 0,
			"children": [70, 71, 72, 73, 74, 75, 76, 77, 78, 79, 80, 81, 82, 83, 84, 85, 86, 87, 88]
		},
		{
			"name": "sword",
			"origin": [-6.66608, 23.94641, 7.50002],
			"color": 0,
			"children": [89, 90, 91, 92, 93, 94, 95, 96, 97, 98, 99, 100, 101, 102, 103, 104, 105]
		}, 106, 107]
}