{
	"credit": "Made with Blockbench",
        "gui_light": "front",
	"textures": {
		"0": "item/netherite_sword",
		"particle": "item/netherite_sword"
	},
	"elements": [
		{
			"from": [12, 0, 7],
			"to": [13, 1, 7.99996],
			"rotation": {"angle": 0, "axis": "y", "origin": [-6.66608, 23.94641, 7.50002]},
			"faces": {
				"north": {"uv": [1, 14, 2, 15], "texture": "#0"},
				"east": {"uv": [1, 14, 2, 15], "texture": "#0"},
				"south": {"uv": [1, 14, 2, 15], "texture": "#0"},
				"west": {"uv": [1, 14, 2, 15], "texture": "#0"},
				"up": {"uv": [1, 14, 2, 15], "texture": "#0"},
				"down": {"uv": [1, 14, 2, 15], "texture": "#0"}
			}
		},
		{
			"from": [11, 1, 7],
			"to": [12, 2, 7.99996],
			"rotation": {"angle": 0, "axis": "y", "origin": [-6.66608, 23.94641, 7.50002]},
			"faces": {
				"north": {"uv": [2, 13, 3, 14], "texture": "#0"},
				"east": {"uv": [2, 13, 3, 14], "texture": "#0"},
				"south": {"uv": [2, 13, 3, 14], "texture": "#0"},
				"west": {"uv": [2, 13, 3, 14], "texture": "#0"},
				"up": {"uv": [2, 13, 3, 14], "texture": "#0"},
				"down": {"uv": [2, 13, 3, 14], "texture": "#0"}
			}
		},
		{
			"from": [10, 2, 7],
			"to": [11, 3, 7.99996],
			"rotation": {"angle": 0, "axis": "y", "origin": [-6.66608, 23.94641, 7.50002]},
			"faces": {
				"north": {"uv": [3, 12, 4, 13], "texture": "#0"},
				"east": {"uv": [3, 12, 4, 13], "texture": "#0"},
				"south": {"uv": [3, 12, 4, 13], "texture": "#0"},
				"west": {"uv": [3, 12, 4, 13], "texture": "#0"},
				"up": {"uv": [3, 12, 4, 13], "texture": "#0"},
				"down": {"uv": [3, 12, 4, 13], "texture": "#0"}
			}
		},
		{
			"from": [9, 3, 7],
			"to": [10, 4, 7.99996],
			"rotation": {"angle": 0, "axis": "y", "origin": [-6.66608, 23.94641, 7.50002]},
			"faces": {
				"north": {"uv": [4, 11, 5, 12], "texture": "#0"},
				"east": {"uv": [4, 11, 5, 12], "texture": "#0"},
				"south": {"uv": [4, 11, 5, 12], "texture": "#0"},
				"west": {"uv": [4, 11, 5, 12], "texture": "#0"},
				"up": {"uv": [4, 11, 5, 12], "texture": "#0"},
				"down": {"uv": [4, 11, 5, 12], "texture": "#0"}
			}
		},
		{
			"from": [8, 4, 7],
			"to": [9, 5, 7.99996],
			"rotation": {"angle": 0, "axis": "y", "origin": [-6.66608, 23.94641, 7.50002]},
			"faces": {
				"north": {"uv": [5, 10, 6, 11], "texture": "#0"},
				"east": {"uv": [5, 10, 6, 11], "texture": "#0"},
				"south": {"uv": [5, 10, 6, 11], "texture": "#0"},
				"down": {"uv": [5, 10, 6, 11], "texture": "#0"}
			}
		},
		{
			"from": [6, 5, 7],
			"to": [8, 7, 7.99996],
			"rotation": {"angle": 0, "axis": "y", "origin": [-6.66608, 23.94641, 7.50002]},
			"faces": {
				"north": {"uv": [6, 8, 8, 10], "texture": "#0"},
				"east": {"uv": [6, 9, 7, 10], "texture": "#0"},
				"south": {"uv": [8, 8, 6, 10], "texture": "#0"},
				"west": {"uv": [7, 8, 8, 10], "texture": "#0"},
				"up": {"uv": [8, 8, 6, 9], "texture": "#0"},
				"down": {"uv": [9, 8, 7, 9], "texture": "#0"}
			}
		},
		{
			"from": [4, 7, 7],
			"to": [6, 9, 7.99996],
			"rotation": {"angle": 0, "axis": "y", "origin": [-6.66608, 23.94641, 7.50002]},
			"faces": {
				"north": {"uv": [8, 6, 10, 8], "texture": "#0"},
				"east": {"uv": [6, 9, 7, 10], "texture": "#0"},
				"south": {"uv": [10, 6, 8, 8], "texture": "#0"},
				"west": {"uv": [7, 8, 8, 10], "texture": "#0"},
				"up": {"uv": [8, 8, 6, 9], "texture": "#0"},
				"down": {"uv": [9, 8, 7, 9], "texture": "#0"}
			}
		},
		{
			"from": [2, 9, 7],
			"to": [4, 11, 7.99996],
			"rotation": {"angle": 0, "axis": "y", "origin": [-6.66608, 23.94641, 7.50002]},
			"faces": {
				"north": {"uv": [10, 4, 12, 6], "texture": "#0"},
				"east": {"uv": [6, 9, 7, 10], "texture": "#0"},
				"south": {"uv": [12, 4, 10, 6], "texture": "#0"},
				"west": {"uv": [7, 8, 8, 10], "texture": "#0"},
				"up": {"uv": [8, 8, 6, 9], "texture": "#0"},
				"down": {"uv": [9, 8, 7, 9], "texture": "#0"}
			}
		},
		{
			"from": [0, 11, 7],
			"to": [2, 13, 7.99996],
			"rotation": {"angle": 0, "axis": "y", "origin": [-6.66608, 23.94641, 7.50002]},
			"faces": {
				"north": {"uv": [12, 2, 14, 4], "texture": "#0"},
				"east": {"uv": [6, 9, 7, 10], "texture": "#0"},
				"south": {"uv": [14, 2, 12, 4], "texture": "#0"},
				"west": {"uv": [7, 8, 8, 10], "texture": "#0"},
				"up": {"uv": [8, 8, 6, 9], "texture": "#0"},
				"down": {"uv": [9, 8, 7, 9], "texture": "#0"}
			}
		},
		{
			"from": [-1, 13, 7],
			"to": [0, 14, 7.99996],
			"rotation": {"angle": 0, "axis": "y", "origin": [-6.66608, 23.94641, 7.50002]},
			"faces": {
				"north": {"uv": [15, 1, 14, 2], "texture": "#0"},
				"south": {"uv": [15, 1, 14, 2], "texture": "#0"},
				"west": {"uv": [15, 1, 14, 2], "texture": "#0"},
				"up": {"uv": [15, 1, 14, 2], "texture": "#0"}
			}
		},
		{
			"from": [0, 13, 7],
			"to": [1, 14, 7.99996],
			"rotation": {"angle": 0, "axis": "y", "origin": [-6.66608, 23.94641, 7.50002]},
			"faces": {
				"north": {"uv": [15, 1, 14, 2], "texture": "#0"},
				"east": {"uv": [15, 1, 14, 2], "texture": "#0"},
				"south": {"uv": [15, 1, 14, 2], "texture": "#0"},
				"up": {"uv": [15, 1, 14, 2], "texture": "#0"}
			}
		},
		{
			"from": [-1, 12, 7],
			"to": [0, 13, 7.99996],
			"rotation": {"angle": 0, "axis": "y", "origin": [-6.66608, 23.94641, 7.50002]},
			"faces": {
				"north": {"uv": [15, 1, 14, 2], "texture": "#0"},
				"south": {"uv": [15, 1, 14, 2], "texture": "#0"},
				"west": {"uv": [15, 1, 14, 2], "texture": "#0"},
				"down": {"uv": [15, 1, 14, 2], "texture": "#0"}
			}
		},
		{
			"from": [1, 10, 7],
			"to": [2, 11, 7.99996],
			"rotation": {"angle": 0, "axis": "y", "origin": [-6.66608, 23.94641, 7.50002]},
			"faces": {
				"north": {"uv": [13, 4, 12, 5], "texture": "#0"},
				"south": {"uv": [13, 4, 12, 5], "texture": "#0"},
				"west": {"uv": [13, 4, 12, 5], "texture": "#0"},
				"down": {"uv": [13, 4, 12, 5], "texture": "#0"}
			}
		},
		{
			"from": [3, 8, 7],
			"to": [4, 9, 7.99996],
			"rotation": {"angle": 0, "axis": "y", "origin": [-6.66608, 23.94641, 7.50002]},
			"faces": {
				"north": {"uv": [13, 4, 12, 5], "texture": "#0"},
				"south": {"uv": [13, 4, 12, 5], "texture": "#0"},
				"west": {"uv": [13, 4, 12, 5], "texture": "#0"},
				"down": {"uv": [13, 4, 12, 5], "texture": "#0"}
			}
		},
		{
			"from": [5, 6, 7],
			"to": [6, 7, 7.99996],
			"rotation": {"angle": 0, "axis": "y", "origin": [-6.66608, 23.94641, 7.50002]},
			"faces": {
				"north": {"uv": [9, 8, 8, 9], "texture": "#0"},
				"south": {"uv": [9, 8, 8, 9], "texture": "#0"},
				"west": {"uv": [9, 8, 8, 9], "texture": "#0"},
				"down": {"uv": [9, 8, 8, 9], "texture": "#0"}
			}
		},
		{
			"from": [6, 7, 7],
			"to": [7, 8, 7.99996],
			"rotation": {"angle": 0, "axis": "y", "origin": [-6.66608, 23.94641, 7.50002]},
			"faces": {
				"north": {"uv": [9, 6, 8, 7], "texture": "#0"},
				"east": {"uv": [9, 6, 8, 7], "texture": "#0"},
				"south": {"uv": [9, 6, 8, 7], "texture": "#0"},
				"up": {"uv": [9, 6, 8, 7], "texture": "#0"}
			}
		},
		{
			"from": [4, 9, 7],
			"to": [5, 10, 7.99996],
			"rotation": {"angle": 0, "axis": "y", "origin": [-6.66608, 23.94641, 7.50002]},
			"faces": {
				"north": {"uv": [10, 5, 9, 6], "texture": "#0"},
				"east": {"uv": [10, 5, 9, 6], "texture": "#0"},
				"south": {"uv": [10, 5, 9, 6], "texture": "#0"},
				"up": {"uv": [10, 5, 9, 6], "texture": "#0"}
			}
		},
		{
			"from": [2, 11, 7],
			"to": [3, 12, 7.99996],
			"rotation": {"angle": 0, "axis": "y", "origin": [-6.66608, 23.94641, 7.50002]},
			"faces": {
				"north": {"uv": [12, 3, 11, 4], "texture": "#0"},
				"east": {"uv": [12, 3, 11, 4], "texture": "#0"},
				"south": {"uv": [12, 3, 11, 4], "texture": "#0"},
				"up": {"uv": [12, 3, 11, 4], "texture": "#0"}
			}
		},
		{
			"from": [8, 5, 7],
			"to": [9, 6, 7.99996],
			"rotation": {"angle": 0, "axis": "y", "origin": [-6.66608, 23.94641, 7.50002]},
			"faces": {
				"north": {"uv": [5, 9, 6, 10], "texture": "#0"},
				"south": {"uv": [5, 9, 6, 10], "texture": "#0"},
				"up": {"uv": [5, 9, 6, 10], "texture": "#0"}
			}
		},
		{
			"from": [7, 4, 7],
			"to": [8, 5, 7.99996],
			"rotation": {"angle": 0, "axis": "y", "origin": [-6.66608, 23.94641, 7.50002]},
			"faces": {
				"north": {"uv": [6, 10, 7, 11], "texture": "#0"},
				"south": {"uv": [6, 10, 7, 11], "texture": "#0"},
				"west": {"uv": [6, 10, 7, 11], "texture": "#0"}
			}
		},
		{
			"from": [7, 3, 7],
			"to": [8, 4, 7.99996],
			"rotation": {"angle": 0, "axis": "y", "origin": [-6.66608, 23.94641, 7.50002]},
			"faces": {
				"north": {"uv": [6, 10, 7, 11], "texture": "#0"},
				"east": {"uv": [6, 10, 7, 11], "texture": "#0"},
				"south": {"uv": [6, 10, 7, 11], "texture": "#0"},
				"down": {"uv": [6, 10, 7, 11], "texture": "#0"}
			}
		},
		{
			"from": [6, 3, 7],
			"to": [7, 4, 7.99996],
			"rotation": {"angle": 0, "axis": "y", "origin": [-6.66608, 23.94641, 7.50002]},
			"faces": {
				"north": {"uv": [6, 10, 7, 11], "texture": "#0"},
				"south": {"uv": [6, 10, 7, 11], "texture": "#0"},
				"west": {"uv": [6, 10, 7, 11], "texture": "#0"},
				"up": {"uv": [6, 10, 7, 11], "texture": "#0"},
				"down": {"uv": [6, 10, 7, 11], "texture": "#0"}
			}
		},
		{
			"from": [5, 2, 7],
			"to": [6, 3, 7.99996],
			"rotation": {"angle": 0, "axis": "y", "origin": [-6.66608, 23.94641, 7.50002]},
			"faces": {
				"north": {"uv": [8, 12, 9, 13], "texture": "#0"},
				"east": {"uv": [8, 12, 9, 13], "texture": "#0"},
				"south": {"uv": [8, 12, 9, 13], "texture": "#0"},
				"west": {"uv": [8, 12, 9, 13], "texture": "#0"},
				"up": {"uv": [8, 12, 9, 13], "texture": "#0"},
				"down": {"uv": [8, 12, 9, 13], "texture": "#0"}
			}
		},
		{
			"from": [9, 5, 7],
			"to": [10, 6, 7.99996],
			"rotation": {"angle": 0, "axis": "y", "origin": [-6.66608, 23.94641, 7.50002]},
			"faces": {
				"north": {"uv": [5, 9, 6, 10], "texture": "#0"},
				"east": {"uv": [5, 9, 6, 10], "texture": "#0"},
				"south": {"uv": [5, 9, 6, 10], "texture": "#0"},
				"down": {"uv": [5, 9, 6, 10], "texture": "#0"}
			}
		},
		{
			"from": [9, 6, 7],
			"to": [10, 7, 7.99996],
			"rotation": {"angle": 0, "axis": "y", "origin": [-6.66608, 23.94641, 7.50002]},
			"faces": {
				"north": {"uv": [5, 9, 6, 10], "texture": "#0"},
				"east": {"uv": [5, 9, 6, 10], "texture": "#0"},
				"south": {"uv": [5, 9, 6, 10], "texture": "#0"},
				"west": {"uv": [5, 9, 6, 10], "texture": "#0"},
				"up": {"uv": [5, 9, 6, 10], "texture": "#0"}
			}
		},
		{
			"from": [10, 7, 7],
			"to": [11, 8, 7.99996],
			"rotation": {"angle": 0, "axis": "y", "origin": [-6.66608, 23.94641, 7.50002]},
			"faces": {
				"north": {"uv": [3, 7, 4, 8], "texture": "#0"},
				"east": {"uv": [3, 7, 4, 8], "texture": "#0"},
				"south": {"uv": [3, 7, 4, 8], "texture": "#0"},
				"west": {"uv": [3, 7, 4, 8], "texture": "#0"},
				"up": {"uv": [3, 7, 4, 8], "texture": "#0"},
				"down": {"uv": [3, 7, 4, 8], "texture": "#0"}
			}
		}
	],
	"display": {
		"thirdperson_righthand": {
			"rotation": [-48, 90, 0],
			"translation": [1, 3.5, -2.5]
		},
		"thirdperson_lefthand": {
			"rotation": [52, 90, 0],
			"translation": [1, 3.75, 2.5]
		},
		"firstperson_righthand": {
			"rotation": [-66, 83, 41],
			"translation": [1.25, 3.5, -2.5]
		},
		"firstperson_lefthand": {
			"rotation": [-37, 85, 104],
			"translation": [2, 2, -0.25]
		},
		"ground": {
			"translation": [0, 4.5, 0]
		},
		"gui": {
			"rotation": [0, 0, -90],
			"translation": [-0.5, -2.75, 0],
			"scale": [0.8, 0.8, 0.8]
		}
	},
	"groups": [
		{
			"name": "sword",
			"origin": [-6.66608, 23.94641, 7.50002],
			"color": 0,
			"children": [0, 1, 2, 3, 4, 5, 6, 7, 8, 9, 10, 11, 12, 13, 14, 15, 16, 17, 18, 19, 20, 21, 22, 23, 24, 25]
		}
	]
}