{
	"credit": "Made with Blockbench",
        "gui_light": "front",
	"texture_size": [64, 64],
	"textures": {
		"0": "item/netherite_sword",
                "1": "entity/armorstand/wood",
		"particle": "item/netherite_sword"
	},
	"elements": [
		{
			"name": "body",
			"from": [2, 21, 6.5],
			"to": [14, 24, 9.5],
			"faces": {
				"north": {"uv": [0.75, 7.25, 3.75, 8], "texture": "#1"},
				"east": {"uv": [0, 7.25, 0.75, 8], "texture": "#1"},
				"south": {"uv": [4.5, 7.25, 7.5, 8], "texture": "#1"},
				"west": {"uv": [3.75, 7.25, 4.5, 8], "texture": "#1"},
				"up": {"uv": [3.75, 7.25, 0.75, 6.5], "texture": "#1"},
				"down": {"uv": [6.75, 6.5, 3.75, 7.25], "texture": "#1"}
			}
		},
		{
			"name": "body",
			"from": [9, 14, 7],
			"to": [11, 21, 9],
			"faces": {
				"north": {"uv": [4.5, 0.5, 5, 2.25], "texture": "#1"},
				"east": {"uv": [4, 0.5, 4.5, 2.25], "texture": "#1"},
				"south": {"uv": [5.5, 0.5, 6, 2.25], "texture": "#1"},
				"west": {"uv": [5, 0.5, 5.5, 2.25], "texture": "#1"},
				"up": {"uv": [5, 0.5, 4.5, 0], "texture": "#1"},
				"down": {"uv": [5.5, 0, 5, 0.5], "texture": "#1"}
			}
		},
		{
			"name": "body",
			"from": [5, 14, 7],
			"to": [7, 21, 9],
			"faces": {
				"north": {"uv": [12.5, 4.5, 13, 6.25], "texture": "#1"},
				"east": {"uv": [12, 4.5, 12.5, 6.25], "texture": "#1"},
				"south": {"uv": [13.5, 4.5, 14, 6.25], "texture": "#1"},
				"west": {"uv": [13, 4.5, 13.5, 6.25], "texture": "#1"},
				"up": {"uv": [13, 4.5, 12.5, 4], "texture": "#1"},
				"down": {"uv": [13.5, 4, 13, 4.5], "texture": "#1"}
			}
		},
		{
			"name": "body",
			"from": [4, 12, 7],
			"to": [12, 14, 9],
			"faces": {
				"north": {"uv": [0.5, 12.5, 2.5, 13], "texture": "#1"},
				"east": {"uv": [0, 12.5, 0.5, 13], "texture": "#1"},
				"south": {"uv": [3, 12.5, 5, 13], "texture": "#1"},
				"west": {"uv": [2.5, 12.5, 3, 13], "texture": "#1"},
				"up": {"uv": [2.5, 12.5, 0.5, 12], "texture": "#1"},
				"down": {"uv": [4.5, 12, 2.5, 12.5], "texture": "#1"}
			}
		},
		{
			"name": "body",
			"from": [2, 0, 2],
			"to": [14, 1, 14],
			"faces": {
				"north": {"uv": [3, 11, 6, 11.25], "texture": "#1"},
				"east": {"uv": [0, 11, 3, 11.25], "texture": "#1"},
				"south": {"uv": [9, 11, 12, 11.25], "texture": "#1"},
				"west": {"uv": [6, 11, 9, 11.25], "texture": "#1"},
				"up": {"uv": [6, 11, 3, 8], "texture": "#1"},
				"down": {"uv": [9, 8, 6, 11], "texture": "#1"}
			}
		},
		{
			"name": "head2",
			"from": [7, 23, 7],
			"to": [9, 30, 9],
			"faces": {
				"north": {"uv": [0.5, 0.5, 1, 2.25], "texture": "#1"},
				"east": {"uv": [0, 0.5, 0.5, 2.25], "texture": "#1"},
				"south": {"uv": [1.5, 0.5, 2, 2.25], "texture": "#1"},
				"west": {"uv": [1, 0.5, 1.5, 2.25], "texture": "#1"},
				"up": {"uv": [1, 0.5, 0.5, 0], "texture": "#1"},
				"down": {"uv": [1.5, 0, 1, 0.5], "texture": "#1"}
			}
		},
		{
			"name": "left_arm2",
			"from": [1, 12, 7],
			"to": [3, 24, 9],
			"shade": false,
			"rotation": {"angle": -22.5, "axis": "x", "origin": [1.8, 23.21053, 7.825]},
			"faces": {
				"north": {"uv": [9, 4.5, 8.5, 7.5], "texture": "#1"},
				"east": {"uv": [9.5, 4.5, 9, 7.5], "texture": "#1"},
				"south": {"uv": [10, 4.5, 9.5, 7.5], "texture": "#1"},
				"west": {"uv": [8.5, 4.5, 8, 7.5], "texture": "#1"},
				"up": {"uv": [8.5, 4.5, 9, 4], "texture": "#1"},
				"down": {"uv": [9, 4, 9.5, 4.5], "texture": "#1"}
			}
		},
		{
			"name": "right_arm2",
			"from": [13, 12, 7],
			"to": [15, 24, 9],
			"rotation": {"angle": -22.5, "axis": "x", "origin": [1.8, 23.21053, 7.825]},
			"faces": {
				"north": {"uv": [6.5, 0.5, 7, 3.5], "texture": "#1"},
				"east": {"uv": [6, 0.5, 6.5, 3.5], "texture": "#1"},
				"south": {"uv": [7.5, 0.5, 8, 3.5], "texture": "#1"},
				"west": {"uv": [7, 0.5, 7.5, 3.5], "texture": "#1"},
				"up": {"uv": [7, 0.5, 6.5, 0], "texture": "#1"},
				"down": {"uv": [7.5, 0, 7, 0.5], "texture": "#1"}
			}
		},
		{
			"name": "left_leg2",
			"from": [5, 1, 7],
			"to": [7, 12, 9],
			"shade": false,
			"faces": {
				"north": {"uv": [11, 4.5, 10.5, 7.25], "texture": "#1"},
				"east": {"uv": [11.5, 4.5, 11, 7.25], "texture": "#1"},
				"south": {"uv": [12, 4.5, 11.5, 7.25], "texture": "#1"},
				"west": {"uv": [10.5, 4.5, 10, 7.25], "texture": "#1"},
				"up": {"uv": [10.5, 4.5, 11, 4], "texture": "#1"},
				"down": {"uv": [11, 4, 11.5, 4.5], "texture": "#1"}
			}
		},
		{
			"name": "right_leg2",
			"from": [9, 1, 7],
			"to": [11, 12, 9],
			"faces": {
				"north": {"uv": [2.5, 0.5, 3, 3.25], "texture": "#1"},
				"east": {"uv": [2, 0.5, 2.5, 3.25], "texture": "#1"},
				"south": {"uv": [3.5, 0.5, 4, 3.25], "texture": "#1"},
				"west": {"uv": [3, 0.5, 3.5, 3.25], "texture": "#1"},
				"up": {"uv": [3, 0.5, 2.5, 0], "texture": "#1"},
				"down": {"uv": [3.5, 0, 3, 0.5], "texture": "#1"}
			}
		},
		{
			"from": [2.125, 16.10858, 14.4115],
			"to": [2.875, 18.35858, 16.6615],
			"rotation": {"angle": 22.5, "axis": "x", "origin": [1.8, 23.21053, 7.825]},
			"faces": {
				"north": {"uv": [0, 13, 1, 16], "texture": "#0"},
				"east": {"uv": [0, 13, 3, 16], "rotation": 270, "texture": "#0"},
				"south": {"uv": [2, 13, 3, 16], "texture": "#0"},
				"west": {"uv": [0, 13, 3, 16], "texture": "#0"},
				"up": {"uv": [0, 13, 3, 14], "rotation": 90, "texture": "#0"},
				"down": {"uv": [0, 15, 3, 16], "rotation": 90, "texture": "#0"}
			}
		},
		{
			"from": [2.125, 18.35858, 15.9115],
			"to": [2.875, 19.10858, 18.1615],
			"rotation": {"angle": 22.5, "axis": "x", "origin": [1.8, 23.21053, 7.825]},
			"faces": {
				"north": {"uv": [2, 12, 3, 13], "texture": "#0"},
				"east": {"uv": [2, 12, 5, 13], "texture": "#0"},
				"south": {"uv": [4, 12, 5, 13], "texture": "#0"},
				"west": {"uv": [2, 12, 5, 13], "texture": "#0"},
				"up": {"uv": [2, 12, 5, 13], "rotation": 270, "texture": "#0"},
				"down": {"uv": [2, 12, 5, 13], "rotation": 90, "texture": "#0"}
			}
		},
		{
			"from": [2.125, 18.35858, 18.9115],
			"to": [2.875, 19.10858, 21.9115],
			"rotation": {"angle": 22.5, "axis": "x", "origin": [1.8, 23.21053, 7.825]},
			"faces": {
				"north": {"uv": [6, 12, 10, 13], "texture": "#0"},
				"east": {"uv": [10, 12, 6, 13], "texture": "#0"},
				"south": {"uv": [6, 12, 7, 13], "texture": "#0"},
				"west": {"uv": [6, 12, 10, 13], "texture": "#0"},
				"up": {"uv": [6, 12, 10, 13], "rotation": 270, "texture": "#0"},
				"down": {"uv": [6, 12, 10, 13], "rotation": 90, "texture": "#0"}
			}
		},
		{
			"from": [2.125, 17.60858, 20.4115],
			"to": [2.875, 18.35858, 21.9115],
			"rotation": {"angle": 22.5, "axis": "x", "origin": [1.8, 23.21053, 7.825]},
			"faces": {
				"north": {"uv": [8, 13, 10, 14], "texture": "#0"},
				"east": {"uv": [8, 13, 10, 14], "texture": "#0"},
				"south": {"uv": [8, 13, 10, 14], "texture": "#0"},
				"west": {"uv": [8, 13, 10, 14], "texture": "#0"},
				"down": {"uv": [8, 13, 10, 14], "rotation": 90, "texture": "#0"}
			}
		},
		{
			"from": [2.125, 19.10858, 16.6615],
			"to": [2.875, 19.85858, 21.1615],
			"rotation": {"angle": 22.5, "axis": "x", "origin": [1.8, 23.21053, 7.825]},
			"faces": {
				"north": {"uv": [3, 11, 4, 12], "texture": "#0"},
				"east": {"uv": [9, 11, 3, 12], "texture": "#0"},
				"south": {"uv": [8, 11, 9, 12], "texture": "#0"},
				"west": {"uv": [3, 11, 9, 12], "texture": "#0"},
				"up": {"uv": [9, 11, 3, 12], "rotation": 270, "texture": "#0"},
				"down": {"uv": [3, 11, 9, 12], "rotation": 90, "texture": "#0"}
			}
		},
		{
			"from": [2.125, 20.60858, 16.6615],
			"to": [2.875, 21.35858, 21.1615],
			"rotation": {"angle": 22.5, "axis": "x", "origin": [1.8, 23.21053, 7.825]},
			"faces": {
				"north": {"uv": [3, 9, 4, 10], "texture": "#0"},
				"east": {"uv": [9, 9, 3, 10], "texture": "#0"},
				"south": {"uv": [8, 9, 9, 10], "texture": "#0"},
				"west": {"uv": [3, 9, 9, 10], "texture": "#0"},
				"down": {"uv": [3, 9, 9, 10], "rotation": 90, "texture": "#0"}
			}
		},
		{
			"from": [2.125, 21.35858, 16.6615],
			"to": [2.875, 22.10858, 21.9115],
			"rotation": {"angle": 22.5, "axis": "x", "origin": [1.8, 23.21053, 7.825]},
			"faces": {
				"north": {"uv": [3, 8, 4, 9], "texture": "#0"},
				"east": {"uv": [10, 8, 3, 9], "texture": "#0"},
				"south": {"uv": [9, 8, 10, 9], "texture": "#0"},
				"west": {"uv": [3, 8, 10, 9], "texture": "#0"},
				"up": {"uv": [10, 8, 3, 9], "rotation": 270, "texture": "#0"},
				"down": {"uv": [3, 8, 10, 9], "rotation": 90, "texture": "#0"}
			}
		},
		{
			"from": [2.125, 22.10858, 18.9115],
			"to": [2.875, 22.85858, 22.6615],
			"rotation": {"angle": 22.5, "axis": "x", "origin": [1.8, 23.21053, 7.825]},
			"faces": {
				"north": {"uv": [6, 7, 7, 8], "texture": "#0"},
				"east": {"uv": [7, 6, 12, 7], "texture": "#0"},
				"south": {"uv": [6, 7, 7, 8], "texture": "#0"},
				"west": {"uv": [7, 6, 12, 7], "texture": "#0"},
				"up": {"uv": [6, 7, 11, 8], "rotation": 270, "texture": "#0"},
				"down": {"uv": [6, 7, 11, 8], "rotation": 90, "texture": "#0"}
			}
		},
		{
			"from": [2.125, 22.85858, 19.6615],
			"to": [2.875, 23.60858, 23.4115],
			"rotation": {"angle": 22.5, "axis": "x", "origin": [1.8, 23.21053, 7.825]},
			"faces": {
				"north": {"uv": [6, 7, 7, 8], "texture": "#0"},
				"east": {"uv": [6, 7, 11, 8], "texture": "#0"},
				"south": {"uv": [6, 7, 7, 8], "texture": "#0"},
				"west": {"uv": [7, 6, 12, 7], "texture": "#0"},
				"up": {"uv": [6, 7, 11, 8], "rotation": 270, "texture": "#0"},
				"down": {"uv": [6, 7, 11, 8], "rotation": 90, "texture": "#0"}
			}
		},
		{
			"from": [2.125, 23.60858, 20.4115],
			"to": [2.875, 24.35858, 24.1615],
			"rotation": {"angle": 22.5, "axis": "x", "origin": [1.8, 23.21053, 7.825]},
			"faces": {
				"north": {"uv": [6, 7, 7, 8], "texture": "#0"},
				"east": {"uv": [6, 7, 11, 8], "texture": "#0"},
				"south": {"uv": [6, 7, 7, 8], "texture": "#0"},
				"west": {"uv": [7, 6, 12, 7], "texture": "#0"},
				"up": {"uv": [6, 7, 11, 8], "rotation": 270, "texture": "#0"},
				"down": {"uv": [6, 7, 11, 8], "rotation": 90, "texture": "#0"}
			}
		},
		{
			"from": [2.125, 24.35858, 21.1615],
			"to": [2.875, 25.10858, 24.9115],
			"rotation": {"angle": 22.5, "axis": "x", "origin": [1.8, 23.21053, 7.825]},
			"faces": {
				"north": {"uv": [6, 7, 7, 8], "texture": "#0"},
				"east": {"uv": [10, 3, 15, 4], "texture": "#0"},
				"south": {"uv": [6, 7, 7, 8], "texture": "#0"},
				"west": {"uv": [10, 3, 15, 4], "texture": "#0"},
				"up": {"uv": [6, 7, 11, 8], "rotation": 270, "texture": "#0"},
				"down": {"uv": [6, 7, 11, 8], "rotation": 90, "texture": "#0"}
			}
		},
		{
			"from": [2.125, 25.10858, 21.9115],
			"to": [2.875, 25.85858, 25.6615],
			"rotation": {"angle": 22.5, "axis": "x", "origin": [1.8, 23.21053, 7.825]},
			"faces": {
				"north": {"uv": [6, 7, 7, 8], "texture": "#0"},
				"east": {"uv": [10, 3, 15, 4], "texture": "#0"},
				"south": {"uv": [6, 7, 7, 8], "texture": "#0"},
				"west": {"uv": [11, 2, 16, 3], "texture": "#0"},
				"up": {"uv": [6, 7, 11, 8], "rotation": 270, "texture": "#0"},
				"down": {"uv": [6, 7, 11, 8], "rotation": 90, "texture": "#0"}
			}
		},
		{
			"from": [2.125, 25.85858, 22.6615],
			"to": [2.875, 26.60858, 26.4115],
			"rotation": {"angle": 22.5, "axis": "x", "origin": [1.8, 23.21053, 7.825]},
			"faces": {
				"north": {"uv": [6, 7, 7, 8], "texture": "#0"},
				"east": {"uv": [10, 3, 15, 4], "texture": "#0"},
				"south": {"uv": [6, 7, 7, 8], "texture": "#0"},
				"west": {"uv": [11, 2, 16, 3], "texture": "#0"},
				"up": {"uv": [6, 7, 11, 8], "rotation": 270, "texture": "#0"},
				"down": {"uv": [6, 7, 11, 8], "rotation": 90, "texture": "#0"}
			}
		},
		{
			"from": [2.125, 26.60858, 23.4115],
			"to": [2.875, 27.35858, 26.4115],
			"rotation": {"angle": 22.5, "axis": "x", "origin": [1.8, 23.21053, 7.825]},
			"faces": {
				"north": {"uv": [12, 1, 13, 2], "texture": "#0"},
				"east": {"uv": [12, 1, 16, 2], "texture": "#0"},
				"south": {"uv": [12, 1, 13, 2], "texture": "#0"},
				"west": {"uv": [12, 1, 16, 2], "texture": "#0"},
				"up": {"uv": [12, 1, 16, 2], "rotation": 270, "texture": "#0"}
			}
		},
		{
			"from": [2.125, 27.35858, 24.1615],
			"to": [2.875, 28.10858, 26.4115],
			"rotation": {"angle": 22.5, "axis": "x", "origin": [1.8, 23.21053, 7.825]},
			"faces": {
				"north": {"uv": [16, 0, 13, 1], "texture": "#0"},
				"east": {"uv": [16, 0, 13, 1], "texture": "#0"},
				"south": {"uv": [16, 0, 13, 1], "texture": "#0"},
				"west": {"uv": [16, 0, 13, 1], "texture": "#0"},
				"up": {"uv": [16, 0, 13, 1], "rotation": 270, "texture": "#0"}
			}
		},
		{
			"from": [2.125, 22.10858, 15.9115],
			"to": [2.875, 23.60858, 17.4115],
			"rotation": {"angle": 22.5, "axis": "x", "origin": [1.8, 23.21053, 7.825]},
			"faces": {
				"north": {"uv": [2, 6, 4, 7], "texture": "#0"},
				"east": {"uv": [4, 6, 2, 8], "texture": "#0"},
				"south": {"uv": [2, 6, 4, 7], "texture": "#0"},
				"west": {"uv": [2, 6, 4, 8], "texture": "#0"},
				"up": {"uv": [2, 6, 4, 7], "rotation": 270, "texture": "#0"},
				"down": {"uv": [2, 6, 4, 7], "rotation": 90, "texture": "#0"}
			}
		},
		{
			"from": [2.125, 19.85858, 17.4115],
			"to": [2.875, 20.60858, 20.4115],
			"rotation": {"angle": 22.5, "axis": "x", "origin": [1.8, 23.21053, 7.825]},
			"faces": {
				"north": {"uv": [4, 10, 5, 11], "texture": "#0"},
				"east": {"uv": [8, 10, 4, 11], "texture": "#0"},
				"south": {"uv": [7, 10, 8, 11], "texture": "#0"},
				"west": {"uv": [4, 10, 8, 11], "texture": "#0"}
			}
		},
		{
			"from": [2.125, 17.60858, 16.6615],
			"to": [2.875, 18.35858, 17.4115],
			"rotation": {"angle": 22.5, "axis": "x", "origin": [1.8, 23.21053, 7.825]},
			"faces": {
				"east": {"uv": [3, 13, 4, 14], "texture": "#0"},
				"south": {"uv": [3, 13, 4, 14], "texture": "#0"},
				"west": {"uv": [3, 13, 4, 14], "texture": "#0"},
				"down": {"uv": [3, 13, 4, 14], "rotation": 90, "texture": "#0"}
			}
		},
		{
			"from": [2.125, 22.10858, 17.4115],
			"to": [2.875, 22.85858, 18.1615],
			"rotation": {"angle": 22.5, "axis": "x", "origin": [1.8, 23.21053, 7.825]},
			"faces": {
				"east": {"uv": [4, 7, 5, 8], "texture": "#0"},
				"south": {"uv": [4, 7, 5, 8], "texture": "#0"},
				"west": {"uv": [4, 7, 5, 8], "texture": "#0"},
				"up": {"uv": [4, 7, 5, 8], "rotation": 270, "texture": "#0"}
			}
		}
	],
	"display": {
		"thirdperson_righthand": {
			"rotation": [45, -90, 45],
			"translation": [0, 1.25, 0.25],
			"scale": [0.5, 0.5, 0.5]
		},
		"thirdperson_lefthand": {
			"rotation": [45, -90, 45],
			"translation": [0, 2.25, 0],
			"scale": [0.5, 0.5, 0.5]
		},
		"firstperson_righthand": {
			"rotation": [32, -90, 25],
			"translation": [0.13, 3.2, 1.13],
			"scale": [0.4, 0.4, 0.4]
		},
		"firstperson_lefthand": {
			"rotation": [20, -90, 20],
			"translation": [0.13, 3.2, 1.13],
			"scale": [0.4, 0.4, 0.4]
		},
		"ground": {
			"translation": [0, 4.5, 0]
		},
		"gui": {
			"rotation": [-180, 151, -180],
			"translation": [-0.25, -3.5, 0],
			"scale": [0.5, 0.5, 0.5]
		}
	},
	"groups": [
		{
			"name": "head",
			"origin": [0, 0, 0],
			"color": 0,
			"children": []
		},
		{
			"name": "body",
			"origin": [0, 24, 0],
			"color": 0,
			"children": [0, 1, 2, 3, 4,
				{
					"name": "head2",
					"origin": [0, 23, 0],
					"color": 0,
					"children": [5]
				},
				{
					"name": "left_arm2",
					"origin": [-5, 22, 0],
					"color": 0,
					"shade": false,
					"children": [6]
				},
				{
					"name": "right_arm2",
					"origin": [5, 22, 0],
					"color": 0,
					"children": [7]
				},
				{
					"name": "left_leg2",
					"origin": [-2, 12, 0],
					"color": 0,
					"shade": false,
					"children": [8]
				},
				{
					"name": "right_leg2",
					"origin": [2, 12, 0],
					"color": 0,
					"children": [9]
				}
			]
		},
		{
			"name": "left_arm",
			"origin": [0, 0, 0],
			"color": 0,
			"children": []
		},
		{
			"name": "right_arm",
			"origin": [0, 0, 0],
			"color": 0,
			"children": []
		},
		{
			"name": "left_leg",
			"origin": [0, 0, 0],
			"color": 0,
			"children": []
		},
		{
			"name": "right_leg",
			"origin": [0, 0, 0],
			"color": 0,
			"children": []
		},
		{
			"name": "right",
			"origin": [0, 0, 0],
			"color": 0,
			"children": []
		},
		{
			"name": "left",
			"origin": [0, 0, 0],
			"color": 0,
			"children": []
		},
		{
			"name": "waist",
			"origin": [0, 0, 0],
			"color": 0,
			"children": []
		},
		{
			"name": "base",
			"origin": [0, 0, 0],
			"color": 0,
			"children": []
		}, 10, 11, 12, 13, 14, 15, 16, 17, 18, 19, 20, 21, 22, 23, 24, 25, 26, 27, 28]
}