{
	"credit": "Made with Blockbench",
        "gui_light": "front",
	"textures": {
		"0": "item/diamond_sword",
		"particle": "item/diamond_sword"
	},
	"elements": [
		{
			"from": [-2, 12.89474, 7],
			"to": [1, 15.89474, 8],
			"rotation": {"angle": 0, "axis": "z", "origin": [6, 7.94737, 7.5]},
			"faces": {
				"north": {"uv": [0, 13, 3, 16], "rotation": 180, "texture": "#0"},
				"east": {"uv": [2, 13, 3, 16], "rotation": 180, "texture": "#0"},
				"south": {"uv": [0, 13, 3, 16], "rotation": 90, "texture": "#0"},
				"west": {"uv": [0, 13, 1, 16], "rotation": 180, "texture": "#0"},
				"up": {"uv": [0, 15, 3, 16], "rotation": 180, "texture": "#0"},
				"down": {"uv": [0, 13, 3, 14], "texture": "#0"}
			}
		},
		{
			"from": [0, 11.89474, 7],
			"to": [3, 12.89474, 8],
			"rotation": {"angle": 0, "axis": "z", "origin": [6, 7.94737, 7.5]},
			"faces": {
				"north": {"uv": [2, 12, 5, 13], "rotation": 180, "texture": "#0"},
				"east": {"uv": [4, 12, 5, 13], "rotation": 180, "texture": "#0"},
				"south": {"uv": [2, 12, 5, 13], "rotation": 180, "texture": "#0"},
				"west": {"uv": [2, 12, 3, 13], "rotation": 180, "texture": "#0"},
				"up": {"uv": [2, 12, 5, 13], "rotation": 180, "texture": "#0"},
				"down": {"uv": [2, 12, 5, 13], "rotation": 180, "texture": "#0"}
			}
		},
		{
			"from": [4, 11.89474, 7],
			"to": [8, 12.89474, 8],
			"rotation": {"angle": 0, "axis": "z", "origin": [6, 7.94737, 7.5]},
			"faces": {
				"north": {"uv": [6, 12, 10, 13], "rotation": 180, "texture": "#0"},
				"east": {"uv": [6, 12, 7, 13], "rotation": 180, "texture": "#0"},
				"south": {"uv": [10, 12, 6, 13], "rotation": 180, "texture": "#0"},
				"west": {"uv": [6, 12, 10, 13], "rotation": 180, "texture": "#0"},
				"up": {"uv": [6, 12, 10, 13], "rotation": 180, "texture": "#0"},
				"down": {"uv": [6, 12, 10, 13], "rotation": 180, "texture": "#0"}
			}
		},
		{
			"from": [6, 12.89474, 7],
			"to": [8, 13.89474, 8],
			"rotation": {"angle": 0, "axis": "z", "origin": [6, 7.94737, 7.5]},
			"faces": {
				"north": {"uv": [8, 13, 10, 14], "rotation": 180, "texture": "#0"},
				"east": {"uv": [8, 13, 10, 14], "rotation": 180, "texture": "#0"},
				"south": {"uv": [8, 13, 10, 14], "rotation": 180, "texture": "#0"},
				"west": {"uv": [8, 13, 10, 14], "rotation": 180, "texture": "#0"},
				"up": {"uv": [8, 13, 10, 14], "rotation": 180, "texture": "#0"}
			}
		},
		{
			"from": [1, 10.89474, 7],
			"to": [7, 11.89474, 8],
			"rotation": {"angle": 0, "axis": "z", "origin": [6, 7.94737, 7.5]},
			"faces": {
				"north": {"uv": [3, 11, 9, 12], "rotation": 180, "texture": "#0"},
				"east": {"uv": [8, 11, 9, 12], "rotation": 180, "texture": "#0"},
				"south": {"uv": [9, 11, 3, 12], "rotation": 180, "texture": "#0"},
				"west": {"uv": [3, 11, 4, 12], "rotation": 180, "texture": "#0"},
				"up": {"uv": [3, 11, 9, 12], "rotation": 180, "texture": "#0"},
				"down": {"uv": [9, 11, 3, 12], "rotation": 180, "texture": "#0"}
			}
		},
		{
			"from": [1, 8.89474, 7],
			"to": [7, 9.89474, 8],
			"rotation": {"angle": 0, "axis": "z", "origin": [6, 7.94737, 7.5]},
			"faces": {
				"north": {"uv": [3, 9, 9, 10], "rotation": 180, "texture": "#0"},
				"east": {"uv": [8, 9, 9, 10], "rotation": 180, "texture": "#0"},
				"south": {"uv": [9, 9, 3, 10], "rotation": 180, "texture": "#0"},
				"west": {"uv": [3, 9, 4, 10], "rotation": 180, "texture": "#0"},
				"up": {"uv": [3, 9, 9, 10], "rotation": 180, "texture": "#0"}
			}
		},
		{
			"from": [1, 7.89474, 7],
			"to": [8, 8.89474, 8],
			"rotation": {"angle": 0, "axis": "z", "origin": [6, 7.94737, 7.5]},
			"faces": {
				"north": {"uv": [3, 8, 10, 9], "rotation": 180, "texture": "#0"},
				"east": {"uv": [9, 8, 10, 9], "rotation": 180, "texture": "#0"},
				"south": {"uv": [10, 8, 3, 9], "rotation": 180, "texture": "#0"},
				"west": {"uv": [3, 8, 4, 9], "rotation": 180, "texture": "#0"},
				"up": {"uv": [3, 8, 10, 9], "rotation": 180, "texture": "#0"},
				"down": {"uv": [10, 8, 3, 9], "rotation": 180, "texture": "#0"}
			}
		},
		{
			"from": [4, 6.89474, 7],
			"to": [9, 7.89474, 8],
			"rotation": {"angle": 0, "axis": "z", "origin": [6, 7.94737, 7.5]},
			"faces": {
				"north": {"uv": [7, 6, 12, 7], "rotation": 180, "texture": "#0"},
				"east": {"uv": [6, 7, 7, 8], "rotation": 180, "texture": "#0"},
				"south": {"uv": [7, 6, 12, 7], "rotation": 180, "texture": "#0"},
				"west": {"uv": [6, 7, 7, 8], "rotation": 180, "texture": "#0"},
				"up": {"uv": [6, 7, 11, 8], "rotation": 180, "texture": "#0"},
				"down": {"uv": [6, 7, 11, 8], "rotation": 180, "texture": "#0"}
			}
		},
		{
			"from": [5, 5.89474, 7],
			"to": [10, 6.89474, 8],
			"rotation": {"angle": 0, "axis": "z", "origin": [6, 7.94737, 7.5]},
			"faces": {
				"north": {"uv": [7, 6, 12, 7], "rotation": 180, "texture": "#0"},
				"east": {"uv": [6, 7, 7, 8], "rotation": 180, "texture": "#0"},
				"south": {"uv": [6, 7, 11, 8], "rotation": 180, "texture": "#0"},
				"west": {"uv": [6, 7, 7, 8], "rotation": 180, "texture": "#0"},
				"up": {"uv": [6, 7, 11, 8], "rotation": 180, "texture": "#0"},
				"down": {"uv": [6, 7, 11, 8], "rotation": 180, "texture": "#0"}
			}
		},
		{
			"from": [6, 4.89474, 7],
			"to": [11, 5.89474, 8],
			"rotation": {"angle": 0, "axis": "z", "origin": [6, 7.94737, 7.5]},
			"faces": {
				"north": {"uv": [7, 6, 12, 7], "rotation": 180, "texture": "#0"},
				"east": {"uv": [6, 7, 7, 8], "rotation": 180, "texture": "#0"},
				"south": {"uv": [6, 7, 11, 8], "rotation": 180, "texture": "#0"},
				"west": {"uv": [6, 7, 7, 8], "rotation": 180, "texture": "#0"},
				"up": {"uv": [6, 7, 11, 8], "rotation": 180, "texture": "#0"},
				"down": {"uv": [6, 7, 11, 8], "rotation": 180, "texture": "#0"}
			}
		},
		{
			"from": [7, 3.89474, 7],
			"to": [12, 4.89474, 8],
			"rotation": {"angle": 0, "axis": "z", "origin": [6, 7.94737, 7.5]},
			"faces": {
				"north": {"uv": [10, 3, 15, 4], "rotation": 180, "texture": "#0"},
				"east": {"uv": [6, 7, 7, 8], "rotation": 180, "texture": "#0"},
				"south": {"uv": [10, 3, 15, 4], "rotation": 180, "texture": "#0"},
				"west": {"uv": [6, 7, 7, 8], "rotation": 180, "texture": "#0"},
				"up": {"uv": [6, 7, 11, 8], "rotation": 180, "texture": "#0"},
				"down": {"uv": [6, 7, 11, 8], "rotation": 180, "texture": "#0"}
			}
		},
		{
			"from": [8, 2.89474, 7],
			"to": [13, 3.89474, 8],
			"rotation": {"angle": 0, "axis": "z", "origin": [6, 7.94737, 7.5]},
			"faces": {
				"north": {"uv": [11, 2, 16, 3], "rotation": 180, "texture": "#0"},
				"east": {"uv": [6, 7, 7, 8], "rotation": 180, "texture": "#0"},
				"south": {"uv": [10, 3, 15, 4], "rotation": 180, "texture": "#0"},
				"west": {"uv": [6, 7, 7, 8], "rotation": 180, "texture": "#0"},
				"up": {"uv": [6, 7, 11, 8], "rotation": 180, "texture": "#0"},
				"down": {"uv": [6, 7, 11, 8], "rotation": 180, "texture": "#0"}
			}
		},
		{
			"from": [9, 1.89474, 7],
			"to": [14, 2.89474, 8],
			"rotation": {"angle": 0, "axis": "z", "origin": [6, 7.94737, 7.5]},
			"faces": {
				"north": {"uv": [11, 2, 16, 3], "rotation": 180, "texture": "#0"},
				"east": {"uv": [6, 7, 7, 8], "rotation": 180, "texture": "#0"},
				"south": {"uv": [10, 3, 15, 4], "rotation": 180, "texture": "#0"},
				"west": {"uv": [6, 7, 7, 8], "rotation": 180, "texture": "#0"},
				"up": {"uv": [6, 7, 11, 8], "rotation": 180, "texture": "#0"},
				"down": {"uv": [6, 7, 11, 8], "rotation": 180, "texture": "#0"}
			}
		},
		{
			"from": [10, 0.89474, 7],
			"to": [14, 1.89474, 8],
			"rotation": {"angle": 0, "axis": "z", "origin": [6, 7.94737, 7.5]},
			"faces": {
				"north": {"uv": [12, 1, 16, 2], "rotation": 180, "texture": "#0"},
				"east": {"uv": [12, 1, 13, 2], "rotation": 180, "texture": "#0"},
				"south": {"uv": [12, 1, 16, 2], "rotation": 180, "texture": "#0"},
				"west": {"uv": [12, 1, 13, 2], "rotation": 180, "texture": "#0"},
				"down": {"uv": [12, 1, 16, 2], "rotation": 180, "texture": "#0"}
			}
		},
		{
			"from": [11, -0.10526, 7],
			"to": [14, 0.89474, 8],
			"rotation": {"angle": 0, "axis": "z", "origin": [6, 7.94737, 7.5]},
			"faces": {
				"north": {"uv": [16, 0, 13, 1], "rotation": 180, "texture": "#0"},
				"east": {"uv": [16, 0, 13, 1], "rotation": 180, "texture": "#0"},
				"south": {"uv": [16, 0, 13, 1], "rotation": 180, "texture": "#0"},
				"west": {"uv": [16, 0, 13, 1], "rotation": 180, "texture": "#0"},
				"down": {"uv": [16, 0, 13, 1], "rotation": 180, "texture": "#0"}
			}
		},
		{
			"from": [0, 5.89474, 7],
			"to": [2, 7.89474, 8],
			"rotation": {"angle": 0, "axis": "z", "origin": [6, 7.94737, 7.5]},
			"faces": {
				"north": {"uv": [2, 6, 4, 8], "rotation": 180, "texture": "#0"},
				"east": {"uv": [2, 6, 4, 7], "rotation": 180, "texture": "#0"},
				"south": {"uv": [4, 6, 2, 8], "rotation": 180, "texture": "#0"},
				"west": {"uv": [2, 6, 4, 7], "rotation": 180, "texture": "#0"},
				"up": {"uv": [2, 6, 4, 7], "rotation": 180, "texture": "#0"},
				"down": {"uv": [2, 6, 4, 7], "rotation": 180, "texture": "#0"}
			}
		},
		{
			"from": [2, 9.89474, 7],
			"to": [6, 10.89474, 8],
			"rotation": {"angle": 0, "axis": "z", "origin": [6, 7.94737, 7.5]},
			"faces": {
				"north": {"uv": [4, 10, 8, 11], "rotation": 180, "texture": "#0"},
				"east": {"uv": [7, 10, 8, 11], "rotation": 180, "texture": "#0"},
				"south": {"uv": [8, 10, 4, 11], "rotation": 180, "texture": "#0"},
				"west": {"uv": [4, 10, 5, 11], "rotation": 180, "texture": "#0"}
			}
		},
		{
			"from": [1, 12.89474, 7],
			"to": [2, 13.89474, 8],
			"rotation": {"angle": 0, "axis": "z", "origin": [6, 7.94737, 7.5]},
			"faces": {
				"north": {"uv": [3, 13, 4, 14], "rotation": 180, "texture": "#0"},
				"east": {"uv": [3, 13, 4, 14], "rotation": 180, "texture": "#0"},
				"south": {"uv": [3, 13, 4, 14], "rotation": 180, "texture": "#0"},
				"up": {"uv": [3, 13, 4, 14], "rotation": 180, "texture": "#0"}
			}
		},
		{
			"from": [2, 6.89474, 7],
			"to": [3, 7.89474, 8],
			"rotation": {"angle": 0, "axis": "z", "origin": [6, 7.94737, 7.5]},
			"faces": {
				"north": {"uv": [4, 7, 5, 8], "rotation": 180, "texture": "#0"},
				"east": {"uv": [4, 7, 5, 8], "rotation": 180, "texture": "#0"},
				"south": {"uv": [4, 7, 5, 8], "rotation": 180, "texture": "#0"},
				"down": {"uv": [4, 7, 5, 8], "rotation": 180, "texture": "#0"}
			}
		}
	],
	"display": {
		"thirdperson_righthand": {
			"rotation": [-48, 90, 0],
			"translation": [1, 7, 0]
		},
		"thirdperson_lefthand": {
			"rotation": [48, 90, 0],
			"translation": [0.5, 7, 3.75]
		},
		"firstperson_righthand": {
			"rotation": [-66, 83, 41],
			"translation": [1.25, 1.25, -2.5]
		},
		"firstperson_lefthand": {
			"rotation": [-37, 85, 104],
			"translation": [2, 0.75, -1]
		},
		"ground": {
			"translation": [0, 4.5, 0]
		},
		"gui": {
			"rotation": [0, 0, -90],
			"translation": [-0.5, -2.25, 0],
			"scale": [0.8, 0.8, 0.8]
		}
	}
}