{
	"credit": "Made with Blockbench",
        "gui_light": "front",
	"textures": {
		"0": "item/diamond_sword",
		"particle": "item/diamond_sword"
	},
	"elements": [
		{
			"from": [13.3984, -3.47, 5.9872],
			"to": [19.4368, 2.5684, 8],
			"rotation": {"angle": 0, "axis": "y", "origin": [-8.1024, 0, -8.1024]},
			"faces": {
				"north": {"uv": [0, 13, 3, 16], "texture": "#0"},
				"east": {"uv": [0, 13, 1, 16], "texture": "#0"},
				"south": {"uv": [0, 13, 3, 16], "rotation": 270, "texture": "#0"},
				"west": {"uv": [2, 13, 3, 16], "texture": "#0"},
				"up": {"uv": [0, 13, 3, 14], "rotation": 180, "texture": "#0"},
				"down": {"uv": [0, 15, 3, 16], "texture": "#0"}
			}
		},
		{
			"from": [9.3728, 2.5684, 5.9872],
			"to": [15.4112, 4.5812, 8],
			"rotation": {"angle": 0, "axis": "y", "origin": [-8.1024, 0, -8.1024]},
			"faces": {
				"north": {"uv": [2, 12, 5, 13], "texture": "#0"},
				"east": {"uv": [2, 12, 3, 13], "texture": "#0"},
				"south": {"uv": [2, 12, 5, 13], "texture": "#0"},
				"west": {"uv": [4, 12, 5, 13], "texture": "#0"},
				"up": {"uv": [2, 12, 5, 13], "texture": "#0"},
				"down": {"uv": [2, 12, 5, 13], "texture": "#0"}
			}
		},
		{
			"from": [-0.6912, 2.5684, 5.9872],
			"to": [7.36, 4.5812, 8],
			"rotation": {"angle": 0, "axis": "y", "origin": [-8.1024, 0, -8.1024]},
			"faces": {
				"north": {"uv": [6, 12, 10, 13], "texture": "#0"},
				"east": {"uv": [6, 12, 10, 13], "texture": "#0"},
				"south": {"uv": [10, 12, 6, 13], "texture": "#0"},
				"west": {"uv": [6, 12, 7, 13], "texture": "#0"},
				"up": {"uv": [6, 12, 10, 13], "texture": "#0"},
				"down": {"uv": [6, 12, 10, 13], "texture": "#0"}
			}
		},
		{
			"from": [-0.6912, 0.5556, 5.9872],
			"to": [3.3344, 2.5684, 8],
			"rotation": {"angle": 0, "axis": "y", "origin": [-8.1024, 0, -8.1024]},
			"faces": {
				"north": {"uv": [8, 13, 10, 14], "texture": "#0"},
				"east": {"uv": [8, 13, 10, 14], "texture": "#0"},
				"south": {"uv": [8, 13, 10, 14], "texture": "#0"},
				"west": {"uv": [8, 13, 10, 14], "texture": "#0"},
				"down": {"uv": [8, 13, 10, 14], "texture": "#0"}
			}
		},
		{
			"from": [1.3216, 4.5812, 5.9872],
			"to": [13.3984, 6.594, 8],
			"rotation": {"angle": 0, "axis": "y", "origin": [-8.1024, 0, -8.1024]},
			"faces": {
				"north": {"uv": [3, 11, 9, 12], "texture": "#0"},
				"east": {"uv": [3, 11, 4, 12], "texture": "#0"},
				"south": {"uv": [9, 11, 3, 12], "texture": "#0"},
				"west": {"uv": [8, 11, 9, 12], "texture": "#0"},
				"up": {"uv": [9, 11, 3, 12], "texture": "#0"},
				"down": {"uv": [3, 11, 9, 12], "texture": "#0"}
			}
		},
		{
			"from": [5.3472, 8.6068, 5.9872],
			"to": [13.3984, 10.6196, 8],
			"rotation": {"angle": 0, "axis": "y", "origin": [-8.1024, 0, -8.1024]},
			"faces": {
				"north": {"uv": [3, 9, 7, 10], "texture": "#0"},
				"east": {"uv": [3, 9, 4, 10], "texture": "#0"},
				"south": {"uv": [7, 9, 3, 10], "texture": "#0"},
				"west": {"uv": [8, 9, 9, 10], "texture": "#0"},
				"up": {"uv": [8, 9, 9, 10], "texture": "#0"},
				"down": {"uv": [3, 9, 9, 10], "texture": "#0"}
			}
		},
		{
			"from": [7.36, 10.6196, 5.9872],
			"to": [13.3984, 12.6324, 8],
			"rotation": {"angle": 0, "axis": "y", "origin": [-8.1024, 0, -8.1024]},
			"faces": {
				"north": {"uv": [3, 8, 6, 9], "texture": "#0"},
				"east": {"uv": [3, 8, 4, 9], "texture": "#0"},
				"south": {"uv": [6, 8, 3, 9], "texture": "#0"},
				"west": {"uv": [9, 8, 10, 9], "texture": "#0"},
				"up": {"uv": [6, 8, 3, 9], "texture": "#0"},
				"down": {"uv": [3, 8, 10, 9], "texture": "#0"}
			}
		},
		{
			"from": [2.89, 10.84, 6.74],
			"to": [6.19, 11.5, 7.4],
			"rotation": {"angle": 0, "axis": "y", "origin": [2.72, 0, 2.72]},
			"faces": {
				"north": {"uv": [7, 6, 12, 7], "texture": "#0"},
				"east": {"uv": [6, 7, 7, 8], "texture": "#0"},
				"south": {"uv": [7, 6, 12, 7], "texture": "#0"},
				"west": {"uv": [6, 7, 7, 8], "texture": "#0"},
				"up": {"uv": [6, 7, 11, 8], "texture": "#0"},
				"down": {"uv": [6, 7, 11, 8], "texture": "#0"}
			}
		},
		{
			"from": [3.55, 10.18, 6.74],
			"to": [6.19, 10.84, 7.4],
			"rotation": {"angle": 0, "axis": "y", "origin": [2.72, 0, 2.72]},
			"faces": {
				"north": {"uv": [7, 7, 11, 8], "texture": "#0"},
				"east": {"uv": [6, 7, 7, 8], "texture": "#0"},
				"south": {"uv": [6, 7, 10, 8], "texture": "#0"},
				"west": {"uv": [6, 7, 7, 8], "texture": "#0"},
				"up": {"uv": [6, 7, 11, 8], "texture": "#0"},
				"down": {"uv": [6, 7, 10, 8], "texture": "#0"}
			}
		},
		{
			"from": [4.21, 9.52, 6.74],
			"to": [5.53, 10.18, 7.4],
			"rotation": {"angle": 0, "axis": "y", "origin": [2.72, 0, 2.72]},
			"faces": {
				"north": {"uv": [9, 7, 11, 8], "texture": "#0"},
				"east": {"uv": [6, 7, 7, 8], "texture": "#0"},
				"south": {"uv": [5, 8, 7, 9], "texture": "#0"},
				"west": {"uv": [6, 7, 7, 8], "texture": "#0"},
				"up": {"uv": [6, 7, 11, 8], "texture": "#0"},
				"down": {"uv": [6, 7, 8, 8], "texture": "#0"}
			}
		},
		{
			"from": [2.23, 11.5, 6.74],
			"to": [5.53, 12.16, 7.4],
			"rotation": {"angle": 0, "axis": "y", "origin": [2.72, 0, 2.72]},
			"faces": {
				"north": {"uv": [7, 6, 12, 7], "texture": "#0"},
				"east": {"uv": [6, 7, 7, 8], "texture": "#0"},
				"south": {"uv": [6, 7, 11, 8], "texture": "#0"},
				"west": {"uv": [6, 7, 7, 8], "texture": "#0"},
				"up": {"uv": [6, 7, 11, 8], "texture": "#0"},
				"down": {"uv": [6, 7, 11, 8], "texture": "#0"}
			}
		},
		{
			"from": [1.57, 12.16, 6.74],
			"to": [4.87, 12.82, 7.4],
			"rotation": {"angle": 0, "axis": "y", "origin": [2.72, 0, 2.72]},
			"faces": {
				"north": {"uv": [7, 6, 12, 7], "texture": "#0"},
				"east": {"uv": [6, 7, 7, 8], "texture": "#0"},
				"south": {"uv": [6, 7, 11, 8], "texture": "#0"},
				"west": {"uv": [6, 7, 7, 8], "texture": "#0"},
				"up": {"uv": [6, 7, 11, 8], "texture": "#0"},
				"down": {"uv": [6, 7, 11, 8], "texture": "#0"}
			}
		},
		{
			"from": [0.91, 12.82, 6.74],
			"to": [4.21, 13.48, 7.4],
			"rotation": {"angle": 0, "axis": "y", "origin": [2.72, 0, 2.72]},
			"faces": {
				"north": {"uv": [10, 3, 15, 4], "texture": "#0"},
				"east": {"uv": [6, 7, 7, 8], "texture": "#0"},
				"south": {"uv": [10, 3, 15, 4], "texture": "#0"},
				"west": {"uv": [6, 7, 7, 8], "texture": "#0"},
				"up": {"uv": [6, 7, 11, 8], "texture": "#0"},
				"down": {"uv": [6, 7, 11, 8], "texture": "#0"}
			}
		},
		{
			"from": [0.25, 13.48, 6.74],
			"to": [3.55, 14.14, 7.4],
			"rotation": {"angle": 0, "axis": "y", "origin": [2.72, 0, 2.72]},
			"faces": {
				"north": {"uv": [11, 2, 16, 3], "texture": "#0"},
				"east": {"uv": [6, 7, 7, 8], "texture": "#0"},
				"south": {"uv": [10, 3, 15, 4], "texture": "#0"},
				"west": {"uv": [6, 7, 7, 8], "texture": "#0"},
				"up": {"uv": [6, 7, 11, 8], "texture": "#0"},
				"down": {"uv": [6, 7, 11, 8], "texture": "#0"}
			}
		},
		{
			"from": [-0.41, 14.14, 6.74],
			"to": [2.89, 14.8, 7.4],
			"rotation": {"angle": 0, "axis": "y", "origin": [2.72, 0, 2.72]},
			"faces": {
				"north": {"uv": [11, 2, 16, 3], "texture": "#0"},
				"east": {"uv": [6, 7, 7, 8], "texture": "#0"},
				"south": {"uv": [10, 3, 15, 4], "texture": "#0"},
				"west": {"uv": [6, 7, 7, 8], "texture": "#0"},
				"up": {"uv": [6, 7, 11, 8], "texture": "#0"},
				"down": {"uv": [6, 7, 11, 8], "texture": "#0"}
			}
		},
		{
			"from": [-0.41, 14.8, 6.74],
			"to": [2.23, 15.46, 7.4],
			"rotation": {"angle": 0, "axis": "y", "origin": [2.72, 0, 2.72]},
			"faces": {
				"north": {"uv": [12, 1, 16, 2], "texture": "#0"},
				"east": {"uv": [12, 1, 13, 2], "texture": "#0"},
				"south": {"uv": [12, 1, 16, 2], "texture": "#0"},
				"west": {"uv": [12, 1, 13, 2], "texture": "#0"},
				"up": {"uv": [12, 1, 16, 2], "texture": "#0"}
			}
		},
		{
			"from": [-0.41, 15.46, 6.74],
			"to": [1.57, 16.12, 7.4],
			"rotation": {"angle": 0, "axis": "y", "origin": [2.72, 0, 2.72]},
			"faces": {
				"north": {"uv": [16, 0, 13, 1], "texture": "#0"},
				"east": {"uv": [16, 0, 13, 1], "texture": "#0"},
				"south": {"uv": [16, 0, 13, 1], "texture": "#0"},
				"west": {"uv": [16, 0, 13, 1], "texture": "#0"},
				"up": {"uv": [16, 0, 13, 1], "texture": "#0"}
			}
		},
		{
			"from": [11.3856, 12.6324, 5.9872],
			"to": [15.4112, 16.658, 8],
			"rotation": {"angle": 0, "axis": "y", "origin": [-8.1024, 0, -8.1024]},
			"faces": {
				"north": {"uv": [2, 6, 4, 8], "texture": "#0"},
				"east": {"uv": [2, 6, 4, 7], "texture": "#0"},
				"south": {"uv": [4, 6, 2, 8], "texture": "#0"},
				"west": {"uv": [2, 6, 4, 7], "texture": "#0"},
				"up": {"uv": [2, 6, 4, 7], "texture": "#0"},
				"down": {"uv": [2, 6, 4, 7], "texture": "#0"}
			}
		},
		{
			"from": [3.3344, 6.594, 5.9872],
			"to": [11.3856, 8.6068, 8],
			"rotation": {"angle": 0, "axis": "y", "origin": [-8.1024, 0, -8.1024]},
			"faces": {
				"north": {"uv": [4, 10, 8, 11], "texture": "#0"},
				"east": {"uv": [4, 10, 5, 11], "texture": "#0"},
				"south": {"uv": [8, 10, 4, 11], "texture": "#0"},
				"west": {"uv": [7, 10, 8, 11], "texture": "#0"},
				"up": {"uv": [8, 9, 9, 10], "texture": "#0"}
			}
		},
		{
			"from": [11.3856, 0.5556, 5.9872],
			"to": [13.3984, 2.5684, 8],
			"rotation": {"angle": 0, "axis": "y", "origin": [-8.1024, 0, -8.1024]},
			"faces": {
				"north": {"uv": [3, 13, 4, 14], "texture": "#0"},
				"south": {"uv": [3, 13, 4, 14], "texture": "#0"},
				"west": {"uv": [3, 13, 4, 14], "texture": "#0"},
				"down": {"uv": [3, 13, 4, 14], "texture": "#0"}
			}
		},
		{
			"from": [9.3728, 12.6324, 5.9872],
			"to": [11.3856, 14.6452, 8],
			"rotation": {"angle": 0, "axis": "y", "origin": [-8.1024, 0, -8.1024]},
			"faces": {
				"north": {"uv": [4, 7, 5, 8], "texture": "#0"},
				"south": {"uv": [4, 7, 5, 8], "texture": "#0"},
				"west": {"uv": [4, 7, 5, 8], "texture": "#0"},
				"up": {"uv": [4, 7, 5, 8], "texture": "#0"}
			}
		}
	],
	"display": {
		"thirdperson_righthand": {
			"rotation": [-48, 90, 0],
			"translation": [1, 7, 0]
		},
		"thirdperson_lefthand": {
			"rotation": [48, 90, 0],
			"translation": [0.5, 7, 3.75]
		},
		"firstperson_righthand": {
			"rotation": [-66, 83, 41],
			"translation": [1.25, 1.25, -1.5]
		},
		"firstperson_lefthand": {
			"rotation": [-37, 85, 104],
			"translation": [2, 0.75, -1]
		},
		"ground": {
			"translation": [0, 4.5, 0]
		},
		"gui": {
			"rotation": [0, 0, -90],
			"translation": [0.25, 0, 0],
			"scale": [0.65, 0.65, 0.65]
		}
	}
}