{
	"credit": "Made with Blockbench",
        "gui_light": "front",
	"textures": {
		"0": "./netherite_racket",
		"particle": "./netherite_racket"
	},
	"elements": [
		{
			"from": [11, 0, 7],
			"to": [14, 3, 8],
			"faces": {
				"north": {"uv": [0, 14.5, 1.5, 16], "texture": "#0"},
				"east": {"uv": [0, 14.5, 0.5, 16], "texture": "#0"},
				"south": {"uv": [0, 14.5, 1.5, 16], "rotation": 270, "texture": "#0"},
				"west": {"uv": [1, 14.5, 1.5, 16], "texture": "#0"},
				"up": {"uv": [0, 14.5, 1.5, 15], "rotation": 180, "texture": "#0"},
				"down": {"uv": [0, 15.5, 1.5, 16], "texture": "#0"}
			}
		},
		{
			"from": [10, 2, 7],
			"to": [11, 3, 8],
			"faces": {
				"north": {"uv": [1.5, 14.5, 2, 15], "rotation": 270, "texture": "#0"},
				"south": {"uv": [1.5, 14.5, 2, 15], "rotation": 270, "texture": "#0"},
				"west": {"uv": [1.5, 14.5, 2, 15], "rotation": 270, "texture": "#0"},
				"down": {"uv": [1.5, 14.5, 2, 15], "rotation": 270, "texture": "#0"}
			}
		},
		{
			"from": [9, 3, 7],
			"to": [12, 4, 8],
			"faces": {
				"north": {"uv": [1, 14, 2.5, 14.5], "texture": "#0"},
				"east": {"uv": [1.5, 14, 1, 14.5], "texture": "#0"},
				"south": {"uv": [2.5, 14, 1, 14.5], "texture": "#0"},
				"west": {"uv": [2.5, 14, 2, 14.5], "texture": "#0"},
				"up": {"uv": [2.5, 14, 1, 14.5], "texture": "#0"},
				"down": {"uv": [2.5, 14, 1, 14.5], "texture": "#0"}
			}
		},
		{
			"from": [8, 4, 7],
			"to": [11, 5, 8],
			"faces": {
				"north": {"uv": [1.5, 13.5, 3, 14], "texture": "#0"},
				"east": {"uv": [2, 13.5, 1.5, 14], "texture": "#0"},
				"south": {"uv": [3, 13.5, 1.5, 14], "texture": "#0"},
				"west": {"uv": [3, 13.5, 2.5, 14], "texture": "#0"},
				"up": {"uv": [3, 13.5, 1.5, 14], "texture": "#0"},
				"down": {"uv": [3, 13.5, 1.5, 14], "texture": "#0"}
			}
		},
		{
			"from": [4, 5, 7],
			"to": [10, 6, 8],
			"faces": {
				"north": {"uv": [2, 13, 5, 13.5], "texture": "#0"},
				"east": {"uv": [2.5, 13, 2, 13.5], "texture": "#0"},
				"south": {"uv": [5, 13, 2, 13.5], "texture": "#0"},
				"west": {"uv": [5, 13, 4.5, 13.5], "texture": "#0"},
				"up": {"uv": [5, 13, 2, 13.5], "texture": "#0"},
				"down": {"uv": [5, 13, 2, 13.5], "texture": "#0"}
			}
		},
		{
			"from": [2, 6, 7],
			"to": [9, 7, 8],
			"faces": {
				"north": {"uv": [2.5, 12.5, 6, 13], "texture": "#0"},
				"east": {"uv": [2.5, 12.5, 3, 13], "texture": "#0"},
				"south": {"uv": [6, 12.5, 2.5, 13], "texture": "#0"},
				"west": {"uv": [6, 12.5, 5.5, 13], "texture": "#0"},
				"up": {"uv": [6, 12.5, 2.5, 13], "texture": "#0"},
				"down": {"uv": [6, 12.5, 2.5, 13], "texture": "#0"}
			}
		},
		{
			"from": [1, 7, 7],
			"to": [5, 8, 8],
			"faces": {
				"north": {"uv": [4.5, 12, 6.5, 12.5], "texture": "#0"},
				"east": {"uv": [4.5, 12, 5, 12.5], "texture": "#0"},
				"south": {"uv": [6.5, 12, 4.5, 12.5], "texture": "#0"},
				"west": {"uv": [6.5, 12, 6, 12.5], "texture": "#0"},
				"up": {"uv": [6.5, 12, 4.5, 12.5], "texture": "#0"},
				"down": {"uv": [6.5, 12, 4.5, 12.5], "texture": "#0"}
			}
		},
		{
			"from": [-2, 8, 7],
			"to": [4, 9, 8],
			"faces": {
				"north": {"uv": [5, 11.5, 8, 12], "texture": "#0"},
				"east": {"uv": [7.5, 11.5, 8, 12], "texture": "#0"},
				"south": {"uv": [8, 11.5, 5, 12], "texture": "#0"},
				"west": {"uv": [8, 11.5, 7.5, 12], "texture": "#0"},
				"down": {"uv": [8, 11.5, 5, 12], "texture": "#0"}
			}
		},
		{
			"from": [-4, 9, 7],
			"to": [5, 10, 8],
			"faces": {
				"north": {"uv": [4.5, 11, 9, 11.5], "texture": "#0"},
				"east": {"uv": [4.5, 11, 5, 11.5], "texture": "#0"},
				"south": {"uv": [9, 11, 4.5, 11.5], "texture": "#0"},
				"west": {"uv": [9, 11, 8.5, 11.5], "texture": "#0"},
				"up": {"uv": [9, 11, 4.5, 11.5], "texture": "#0"},
				"down": {"uv": [9, 11, 4.5, 11.5], "texture": "#0"}
			}
		},
		{
			"from": [2, 10, 7],
			"to": [6, 11, 8],
			"faces": {
				"north": {"uv": [4, 10.5, 6, 11], "texture": "#0"},
				"south": {"uv": [6, 10.5, 4, 11], "texture": "#0"},
				"west": {"uv": [6, 10.5, 5.5, 11], "texture": "#0"},
				"up": {"uv": [6, 10.5, 4, 11], "texture": "#0"},
				"down": {"uv": [6, 10.5, 4, 11], "texture": "#0"}
			}
		},
		{
			"from": [3, 11, 7],
			"to": [6, 12, 8],
			"faces": {
				"north": {"uv": [4, 10, 5.5, 10.5], "texture": "#0"},
				"south": {"uv": [5.5, 10, 4, 10.5], "texture": "#0"},
				"west": {"uv": [6, 10.5, 5.5, 11], "texture": "#0"},
				"up": {"uv": [5.5, 10, 4, 10.5], "texture": "#0"}
			}
		},
		{
			"from": [4, 12, 7],
			"to": [7, 13, 8],
			"faces": {
				"north": {"uv": [3.5, 9.5, 5, 10], "texture": "#0"},
				"east": {"uv": [3.5, 9.5, 4, 10], "texture": "#0"},
				"south": {"uv": [5, 9.5, 3.5, 10], "texture": "#0"},
				"west": {"uv": [5, 9.5, 4.5, 10], "texture": "#0"},
				"up": {"uv": [5, 9.5, 3.5, 10], "texture": "#0"}
			}
		},
		{
			"from": [4, 13, 7],
			"to": [6, 16, 8],
			"faces": {
				"north": {"uv": [4, 8, 5, 9.5], "texture": "#0"},
				"east": {"uv": [4.5, 8, 4, 9.5], "texture": "#0"},
				"south": {"uv": [5, 8, 4, 9.5], "texture": "#0"},
				"west": {"uv": [5, 8, 4.5, 9.5], "texture": "#0"},
				"up": {"uv": [5, 8, 4, 9.5], "texture": "#0"}
			}
		},
		{
			"from": [3, 16, 7],
			"to": [5, 18, 8],
			"faces": {
				"north": {"uv": [4.5, 7, 5.5, 8], "texture": "#0"},
				"east": {"uv": [5, 7, 4.5, 8], "texture": "#0"},
				"south": {"uv": [5.5, 7, 4.5, 8], "texture": "#0"},
				"west": {"uv": [5.5, 7, 5, 8], "texture": "#0"},
				"up": {"uv": [5.5, 7, 4.5, 8], "texture": "#0"}
			}
		},
		{
			"from": [-7, 16, 7],
			"to": [-5, 18, 8],
			"faces": {
				"north": {"uv": [9.5, 7, 10.5, 8], "texture": "#0"},
				"east": {"uv": [10, 7, 9.5, 8], "texture": "#0"},
				"south": {"uv": [10.5, 7, 9.5, 8], "texture": "#0"},
				"west": {"uv": [10.5, 7, 10, 8], "texture": "#0"},
				"down": {"uv": [10.5, 7, 9.5, 8], "texture": "#0"}
			}
		},
		{
			"from": [-8, 15, 7],
			"to": [-6, 16, 8],
			"faces": {
				"north": {"uv": [10, 8, 11, 8.5], "texture": "#0"},
				"east": {"uv": [10.5, 8, 10, 8.5], "texture": "#0"},
				"south": {"uv": [11, 8, 10, 8.5], "texture": "#0"},
				"west": {"uv": [11, 8, 10.5, 8.5], "texture": "#0"}
			}
		},
		{
			"from": [-8, 16, 7],
			"to": [-7, 17, 8],
			"faces": {
				"north": {"uv": [11, 8, 10.5, 8.5], "texture": "#0"},
				"south": {"uv": [11, 8, 10.5, 8.5], "texture": "#0"},
				"west": {"uv": [11, 8, 10.5, 8.5], "texture": "#0"},
				"up": {"uv": [11, 8, 10.5, 8.5], "texture": "#0"}
			}
		},
		{
			"from": [-8, 14, 7],
			"to": [-5, 15, 8],
			"faces": {
				"north": {"uv": [9.5, 8.5, 11, 9], "texture": "#0"},
				"east": {"uv": [10, 8.5, 9.5, 9], "texture": "#0"},
				"south": {"uv": [11, 8.5, 9.5, 9], "texture": "#0"},
				"west": {"uv": [11, 8.5, 10.5, 9], "texture": "#0"},
				"up": {"uv": [11, 8.5, 9.5, 9], "texture": "#0"},
				"down": {"uv": [11, 8.5, 9.5, 9], "texture": "#0"}
			}
		},
		{
			"from": [-7, 12, 7],
			"to": [-5, 14, 8],
			"faces": {
				"north": {"uv": [9.5, 9, 10.5, 10], "texture": "#0"},
				"east": {"uv": [10, 9, 9.5, 10], "texture": "#0"},
				"south": {"uv": [10.5, 9, 9.5, 10], "texture": "#0"},
				"west": {"uv": [10.5, 9, 10, 10], "texture": "#0"},
				"down": {"uv": [10.5, 9, 9.5, 10], "texture": "#0"}
			}
		},
		{
			"from": [-6, 11, 7],
			"to": [-3, 12, 8],
			"faces": {
				"north": {"uv": [8.5, 10, 10, 10.5], "texture": "#0"},
				"east": {"uv": [9, 10, 8.5, 10.5], "texture": "#0"},
				"south": {"uv": [10, 10, 8.5, 10.5], "texture": "#0"},
				"west": {"uv": [10, 10, 9.5, 10.5], "texture": "#0"},
				"up": {"uv": [10, 10, 8.5, 10.5], "texture": "#0"},
				"down": {"uv": [10, 10, 8.5, 10.5], "texture": "#0"}
			}
		},
		{
			"from": [1, 18, 7],
			"to": [4, 19, 8],
			"faces": {
				"north": {"uv": [5, 6.5, 6.5, 7], "texture": "#0"},
				"east": {"uv": [5.5, 6.5, 5, 7], "texture": "#0"},
				"south": {"uv": [6.5, 6.5, 5, 7], "texture": "#0"},
				"west": {"uv": [6.5, 6.5, 6, 7], "texture": "#0"},
				"up": {"uv": [6.5, 6.5, 5, 7], "texture": "#0"},
				"down": {"uv": [6.5, 6.5, 5, 7], "texture": "#0"}
			}
		},
		{
			"from": [-7, 18, 7],
			"to": [-4, 19, 8],
			"faces": {
				"north": {"uv": [9, 6.5, 10.5, 7], "texture": "#0"},
				"east": {"uv": [9.5, 6.5, 9, 7], "texture": "#0"},
				"south": {"uv": [10.5, 6.5, 9, 7], "texture": "#0"},
				"west": {"uv": [10.5, 6.5, 10, 7], "texture": "#0"},
				"up": {"uv": [10.5, 6.5, 9, 7], "texture": "#0"},
				"down": {"uv": [10.5, 6.5, 9, 7], "texture": "#0"}
			}
		},
		{
			"from": [-1, 19, 7],
			"to": [3, 20, 8],
			"faces": {
				"north": {"uv": [5.5, 6, 7.5, 6.5], "texture": "#0"},
				"east": {"uv": [6, 6, 5.5, 6.5], "texture": "#0"},
				"south": {"uv": [7.5, 6, 5.5, 6.5], "texture": "#0"},
				"west": {"uv": [7.5, 6, 7, 6.5], "texture": "#0"},
				"up": {"uv": [7.5, 6, 5.5, 6.5], "texture": "#0"},
				"down": {"uv": [7.5, 6, 5.5, 6.5], "texture": "#0"}
			}
		},
		{
			"from": [-6, 19, 7],
			"to": [-2, 20, 8],
			"faces": {
				"north": {"uv": [8, 6, 10, 6.5], "texture": "#0"},
				"east": {"uv": [8.5, 6, 8, 6.5], "texture": "#0"},
				"south": {"uv": [10, 6, 8, 6.5], "texture": "#0"},
				"west": {"uv": [10, 6, 9.5, 6.5], "texture": "#0"},
				"up": {"uv": [10, 6, 8, 6.5], "texture": "#0"},
				"down": {"uv": [10, 6, 8, 6.5], "texture": "#0"}
			}
		},
		{
			"from": [-5, 20, 7],
			"to": [2, 21, 8],
			"faces": {
				"north": {"uv": [6, 5.5, 9.5, 6], "texture": "#0"},
				"east": {"uv": [6.5, 5.5, 6, 6], "texture": "#0"},
				"south": {"uv": [9.5, 5.5, 6, 6], "texture": "#0"},
				"west": {"uv": [9.5, 5.5, 9, 6], "texture": "#0"},
				"up": {"uv": [9.5, 5.5, 6, 6], "texture": "#0"},
				"down": {"uv": [9.5, 5.5, 6, 6], "texture": "#0"}
			}
		},
		{
			"from": [-3, 21, 7],
			"to": [0, 22, 8],
			"faces": {
				"north": {"uv": [8, 5, 7.5, 5.5], "texture": "#0"},
				"east": {"uv": [8, 5, 7.5, 5.5], "texture": "#0"},
				"south": {"uv": [8, 5, 7.5, 5.5], "texture": "#0"},
				"west": {"uv": [8, 5, 7.5, 5.5], "texture": "#0"},
				"up": {"uv": [8, 5, 7.5, 5.5], "texture": "#0"}
			}
		},
		{
			"from": [3, 15, 7],
			"to": [4, 16, 8],
			"faces": {
				"north": {"uv": [5, 8, 5.5, 8.5], "texture": "#0"},
				"south": {"uv": [5, 8, 5.5, 8.5], "texture": "#0"},
				"west": {"uv": [5, 8, 5.5, 8.5], "texture": "#0"},
				"down": {"uv": [5, 8, 5.5, 8.5], "texture": "#0"}
			}
		},
		{
			"from": [2, 17, 7],
			"to": [3, 18, 8],
			"faces": {
				"north": {"uv": [5, 8, 5.5, 8.5], "texture": "#0"},
				"south": {"uv": [5, 8, 5.5, 8.5], "texture": "#0"},
				"west": {"uv": [5, 8, 5.5, 8.5], "texture": "#0"},
				"down": {"uv": [5, 8, 5.5, 8.5], "texture": "#0"}
			}
		},
		{
			"from": [2.8, 11, 7.4],
			"to": [3, 22, 7.6],
			"rotation": {"angle": 45, "axis": "z", "origin": [2.5, 12.5, 7.5]},
			"faces": {
				"north": {"uv": [5.5, 8, 6, 8.5], "texture": "#0"},
				"east": {"uv": [5.5, 8, 6, 8.5], "texture": "#0"},
				"south": {"uv": [5.5, 8, 6, 8.5], "texture": "#0"},
				"west": {"uv": [5.5, 8, 6, 8.5], "texture": "#0"}
			}
		},
		{
			"from": [3.8, 11, 7.4],
			"to": [4, 22, 7.6],
			"rotation": {"angle": 45, "axis": "z", "origin": [2.5, 12.5, 7.5]},
			"faces": {
				"north": {"uv": [5.5, 8, 6, 8.5], "texture": "#0"},
				"east": {"uv": [5.5, 8, 6, 8.5], "texture": "#0"},
				"south": {"uv": [5.5, 8, 6, 8.5], "texture": "#0"},
				"west": {"uv": [5.5, 8, 6, 8.5], "texture": "#0"}
			}
		},
		{
			"from": [1.8, 11, 7.4],
			"to": [2, 22, 7.6],
			"rotation": {"angle": 45, "axis": "z", "origin": [2.5, 12.5, 7.5]},
			"faces": {
				"north": {"uv": [5.5, 8, 6, 8.5], "texture": "#0"},
				"east": {"uv": [5.5, 8, 6, 8.5], "texture": "#0"},
				"south": {"uv": [5.5, 8, 6, 8.5], "texture": "#0"},
				"west": {"uv": [5.5, 8, 6, 8.5], "texture": "#0"}
			}
		},
		{
			"from": [-6.25269, 14.80416, 7.4],
			"to": [4.74731, 15.00416, 7.6],
			"rotation": {"angle": 45, "axis": "z", "origin": [-0.75269, 14.90416, 7.5]},
			"faces": {
				"north": {"uv": [5.5, 8, 6, 8.5], "rotation": 270, "texture": "#0"},
				"south": {"uv": [5.5, 8, 6, 8.5], "rotation": 90, "texture": "#0"},
				"up": {"uv": [5.5, 8, 6, 8.5], "rotation": 90, "texture": "#0"},
				"down": {"uv": [5.5, 8, 6, 8.5], "rotation": 90, "texture": "#0"}
			}
		},
		{
			"from": [-6.25269, 15.80416, 7.4],
			"to": [4.74731, 16.00416, 7.6],
			"rotation": {"angle": 45, "axis": "z", "origin": [-0.75269, 14.90416, 7.5]},
			"faces": {
				"north": {"uv": [5.5, 8, 6, 8.5], "rotation": 270, "texture": "#0"},
				"south": {"uv": [5.5, 8, 6, 8.5], "rotation": 90, "texture": "#0"},
				"up": {"uv": [5.5, 8, 6, 8.5], "rotation": 90, "texture": "#0"},
				"down": {"uv": [5.5, 8, 6, 8.5], "rotation": 90, "texture": "#0"}
			}
		},
		{
			"from": [-6.25269, 16.80416, 7.4],
			"to": [4.74731, 17.00416, 7.6],
			"rotation": {"angle": 45, "axis": "z", "origin": [-0.75269, 14.90416, 7.5]},
			"faces": {
				"north": {"uv": [5.5, 8, 6, 8.5], "rotation": 270, "texture": "#0"},
				"south": {"uv": [5.5, 8, 6, 8.5], "rotation": 90, "texture": "#0"},
				"up": {"uv": [5.5, 8, 6, 8.5], "rotation": 90, "texture": "#0"},
				"down": {"uv": [5.5, 8, 6, 8.5], "rotation": 90, "texture": "#0"}
			}
		},
		{
			"from": [-6.25269, 17.80416, 7.4],
			"to": [4.74731, 18.00416, 7.6],
			"rotation": {"angle": 45, "axis": "z", "origin": [-0.75269, 14.90416, 7.5]},
			"faces": {
				"north": {"uv": [5.5, 8, 6, 8.5], "rotation": 270, "texture": "#0"},
				"south": {"uv": [5.5, 8, 6, 8.5], "rotation": 90, "texture": "#0"},
				"up": {"uv": [5.5, 8, 6, 8.5], "rotation": 90, "texture": "#0"},
				"down": {"uv": [5.5, 8, 6, 8.5], "rotation": 90, "texture": "#0"}
			}
		},
		{
			"from": [-5.25269, 18.80416, 7.4],
			"to": [3.74731, 19.00416, 7.6],
			"rotation": {"angle": 45, "axis": "z", "origin": [-0.75269, 14.90416, 7.5]},
			"faces": {
				"north": {"uv": [5.5, 8, 6, 8.5], "rotation": 270, "texture": "#0"},
				"south": {"uv": [5.5, 8, 6, 8.5], "rotation": 90, "texture": "#0"},
				"up": {"uv": [5.5, 8, 6, 8.5], "rotation": 90, "texture": "#0"},
				"down": {"uv": [5.5, 8, 6, 8.5], "rotation": 90, "texture": "#0"}
			}
		},
		{
			"from": [-5.25269, 13.80416, 7.4],
			"to": [3.74731, 14.00416, 7.6],
			"rotation": {"angle": 45, "axis": "z", "origin": [-0.75269, 14.90416, 7.5]},
			"faces": {
				"north": {"uv": [5.5, 8, 6, 8.5], "rotation": 270, "texture": "#0"},
				"south": {"uv": [5.5, 8, 6, 8.5], "rotation": 90, "texture": "#0"},
				"up": {"uv": [5.5, 8, 6, 8.5], "rotation": 90, "texture": "#0"},
				"down": {"uv": [5.5, 8, 6, 8.5], "rotation": 90, "texture": "#0"}
			}
		},
		{
			"from": [-5.25269, 12.80416, 7.4],
			"to": [3.74731, 13.00416, 7.6],
			"rotation": {"angle": 45, "axis": "z", "origin": [-0.75269, 14.90416, 7.5]},
			"faces": {
				"north": {"uv": [5.5, 8, 6, 8.5], "rotation": 270, "texture": "#0"},
				"south": {"uv": [5.5, 8, 6, 8.5], "rotation": 90, "texture": "#0"},
				"up": {"uv": [5.5, 8, 6, 8.5], "rotation": 90, "texture": "#0"},
				"down": {"uv": [5.5, 8, 6, 8.5], "rotation": 90, "texture": "#0"}
			}
		},
		{
			"from": [-4.25269, 11.80416, 7.4],
			"to": [2.74731, 12.00416, 7.6],
			"rotation": {"angle": 45, "axis": "z", "origin": [-0.75269, 14.90416, 7.5]},
			"faces": {
				"north": {"uv": [5.5, 8, 6, 8.5], "rotation": 270, "texture": "#0"},
				"south": {"uv": [5.5, 8, 6, 8.5], "rotation": 90, "texture": "#0"},
				"up": {"uv": [5.5, 8, 6, 8.5], "rotation": 90, "texture": "#0"},
				"down": {"uv": [5.5, 8, 6, 8.5], "rotation": 90, "texture": "#0"}
			}
		},
		{
			"from": [-4.25269, 10.80416, 7.4],
			"to": [2.74731, 11.00416, 7.6],
			"rotation": {"angle": 45, "axis": "z", "origin": [-0.75269, 14.90416, 7.5]},
			"faces": {
				"north": {"uv": [5.5, 8, 6, 8.5], "rotation": 270, "texture": "#0"},
				"south": {"uv": [5.5, 8, 6, 8.5], "rotation": 90, "texture": "#0"},
				"up": {"uv": [5.5, 8, 6, 8.5], "rotation": 90, "texture": "#0"},
				"down": {"uv": [5.5, 8, 6, 8.5], "rotation": 90, "texture": "#0"}
			}
		},
		{
			"from": [-4.25269, 9.80416, 7.4],
			"to": [2.74731, 10.00416, 7.6],
			"rotation": {"angle": 45, "axis": "z", "origin": [-0.75269, 14.90416, 7.5]},
			"faces": {
				"north": {"uv": [5.5, 8, 6, 8.5], "rotation": 270, "texture": "#0"},
				"south": {"uv": [5.5, 8, 6, 8.5], "rotation": 90, "texture": "#0"},
				"up": {"uv": [5.5, 8, 6, 8.5], "rotation": 90, "texture": "#0"},
				"down": {"uv": [5.5, 8, 6, 8.5], "rotation": 90, "texture": "#0"}
			}
		},
		{
			"from": [-4.25269, 19.80416, 7.4],
			"to": [2.74731, 20.00416, 7.6],
			"rotation": {"angle": 45, "axis": "z", "origin": [-0.75269, 14.90416, 7.5]},
			"faces": {
				"north": {"uv": [5.5, 8, 6, 8.5], "rotation": 270, "texture": "#0"},
				"south": {"uv": [5.5, 8, 6, 8.5], "rotation": 90, "texture": "#0"},
				"up": {"uv": [5.5, 8, 6, 8.5], "rotation": 90, "texture": "#0"},
				"down": {"uv": [5.5, 8, 6, 8.5], "rotation": 90, "texture": "#0"}
			}
		},
		{
			"from": [0.8, 11, 7.4],
			"to": [1, 22, 7.6],
			"rotation": {"angle": 45, "axis": "z", "origin": [2.5, 12.5, 7.5]},
			"faces": {
				"north": {"uv": [5.5, 8, 6, 8.5], "texture": "#0"},
				"east": {"uv": [5.5, 8, 6, 8.5], "texture": "#0"},
				"south": {"uv": [5.5, 8, 6, 8.5], "texture": "#0"},
				"west": {"uv": [5.5, 8, 6, 8.5], "texture": "#0"}
			}
		},
		{
			"from": [-0.2, 11, 7.4],
			"to": [0, 22, 7.6],
			"rotation": {"angle": 45, "axis": "z", "origin": [2.5, 12.5, 7.5]},
			"faces": {
				"north": {"uv": [5.5, 8, 6, 8.5], "texture": "#0"},
				"east": {"uv": [5.5, 8, 6, 8.5], "texture": "#0"},
				"south": {"uv": [5.5, 8, 6, 8.5], "texture": "#0"},
				"west": {"uv": [5.5, 8, 6, 8.5], "texture": "#0"}
			}
		},
		{
			"from": [-1.2, 11, 7.4],
			"to": [-1, 22, 7.6],
			"rotation": {"angle": 45, "axis": "z", "origin": [2.5, 12.5, 7.5]},
			"faces": {
				"north": {"uv": [5.5, 8, 6, 8.5], "texture": "#0"},
				"east": {"uv": [5.5, 8, 6, 8.5], "texture": "#0"},
				"south": {"uv": [5.5, 8, 6, 8.5], "texture": "#0"},
				"west": {"uv": [5.5, 8, 6, 8.5], "texture": "#0"}
			}
		},
		{
			"from": [-2.2, 12, 7.4],
			"to": [-2, 21, 7.6],
			"rotation": {"angle": 45, "axis": "z", "origin": [2.5, 12.5, 7.5]},
			"faces": {
				"north": {"uv": [5.5, 8, 6, 8.5], "texture": "#0"},
				"east": {"uv": [5.5, 8, 6, 8.5], "texture": "#0"},
				"south": {"uv": [5.5, 8, 6, 8.5], "texture": "#0"},
				"west": {"uv": [5.5, 8, 6, 8.5], "texture": "#0"}
			}
		},
		{
			"from": [4.8, 11, 7.4],
			"to": [5, 22, 7.6],
			"rotation": {"angle": 45, "axis": "z", "origin": [2.5, 12.5, 7.5]},
			"faces": {
				"north": {"uv": [5.5, 8, 6, 8.5], "texture": "#0"},
				"east": {"uv": [5.5, 8, 6, 8.5], "texture": "#0"},
				"south": {"uv": [5.5, 8, 6, 8.5], "texture": "#0"},
				"west": {"uv": [5.5, 8, 6, 8.5], "texture": "#0"}
			}
		},
		{
			"from": [5.8, 12, 7.4],
			"to": [6, 21, 7.6],
			"rotation": {"angle": 45, "axis": "z", "origin": [2.5, 12.5, 7.5]},
			"faces": {
				"north": {"uv": [5.5, 8, 6, 8.5], "texture": "#0"},
				"east": {"uv": [5.5, 8, 6, 8.5], "texture": "#0"},
				"south": {"uv": [5.5, 8, 6, 8.5], "texture": "#0"},
				"west": {"uv": [5.5, 8, 6, 8.5], "texture": "#0"}
			}
		},
		{
			"from": [-5, 12, 7],
			"to": [-4, 13, 8],
			"faces": {
				"north": {"uv": [5, 8, 5.5, 8.5], "texture": "#0"},
				"east": {"uv": [5, 8, 5.5, 8.5], "texture": "#0"},
				"south": {"uv": [5, 8, 5.5, 8.5], "texture": "#0"},
				"up": {"uv": [5, 8, 5.5, 8.5], "texture": "#0"}
			}
		},
		{
			"from": [-5, 10, 7],
			"to": [-1, 11, 8],
			"faces": {
				"north": {"uv": [7.5, 10.5, 9.5, 11], "texture": "#0"},
				"east": {"uv": [7.5, 10.5, 8, 11], "texture": "#0"},
				"south": {"uv": [9.5, 10.5, 7.5, 11], "texture": "#0"},
				"west": {"uv": [9.5, 10.5, 9, 11], "texture": "#0"},
				"up": {"uv": [9.5, 10.5, 7.5, 11], "texture": "#0"},
				"down": {"uv": [9.5, 10.5, 7.5, 11], "texture": "#0"}
			}
		},
		{
			"from": [7, 7, 7],
			"to": [9, 10, 8],
			"faces": {
				"north": {"uv": [2.5, 11, 3.5, 12.5], "texture": "#0"},
				"east": {"uv": [2.5, 11, 3, 12.5], "texture": "#0"},
				"south": {"uv": [3.5, 11, 2.5, 12.5], "texture": "#0"},
				"west": {"uv": [3.5, 11, 3, 12.5], "texture": "#0"},
				"up": {"uv": [3.5, 11, 2.5, 12.5], "texture": "#0"}
			}
		},
		{
			"from": [6, 10, 7],
			"to": [8, 12, 8],
			"faces": {
				"north": {"uv": [3, 10, 4, 11], "texture": "#0"},
				"east": {"uv": [3, 10, 3.5, 11], "texture": "#0"},
				"south": {"uv": [4, 10, 3, 11], "texture": "#0"},
				"up": {"uv": [4, 10, 3, 10.5], "texture": "#0"}
			}
		},
		{
			"from": [6, 9, 7],
			"to": [7, 10, 8],
			"faces": {
				"north": {"uv": [3.5, 11, 4, 11.5], "texture": "#0"},
				"south": {"uv": [3.5, 11, 4, 11.5], "texture": "#0"},
				"west": {"uv": [3.5, 11, 4, 11.5], "texture": "#0"},
				"down": {"uv": [3.5, 11, 4, 11.5], "texture": "#0"}
			}
		}
	],
	"display": {
		"thirdperson_righthand": {
			"rotation": [90, -90, 45],
			"translation": [0, 3.25, 1.5],
			"scale": [0.85, 0.85, 0.85]
		},
		"thirdperson_lefthand": {
			"rotation": [0, -90, 45],
			"translation": [0, 2.75, -0.75],
			"scale": [0.85, 0.85, 0.85]
		},
		"firstperson_righthand": {
			"rotation": [80, -90, 25],
			"translation": [0.13, 3.2, 1.13],
			"scale": [0.6, 0.6, 0.6]
		},
		"firstperson_lefthand": {
			"rotation": [33, 90, 25],
			"translation": [0.13, 3.2, 1.13],
			"scale": [0.6, 0.6, 0.6]
		},
		"ground": {
			"translation": [0, 4.5, 0]
		},
		"gui": {
			"rotation": [-180, 0, -180],
			"translation": [-3.75, -2.25, 0],
			"scale": [0.65, 0.65, 0.65]
		}
	}
}