{
	"credit": "Made with Blockbench",
        "gui_light": "front",
	"textures": {
		"0": "item/netherite_sword",
		"1": "models/armor/netherite_layer_1",
		"particle": "item/netherite_sword"
	},
	"elements": [
		{
			"from": [11, 0, 7.5],
			"to": [14, 3, 8.5],
			"rotation": {"angle": 0, "axis": "y", "origin": [5.91136, 8.13065, 7.976]},
			"faces": {
				"north": {"uv": [0, 16, 3, 13], "rotation": 270, "texture": "#0"},
				"east": {"uv": [1, 13, 0, 16], "texture": "#0"},
				"south": {"uv": [3, 13, 0, 16], "texture": "#0"},
				"west": {"uv": [3, 13, 2, 16], "texture": "#0"},
				"up": {"uv": [0, 14, 3, 13], "rotation": 180, "texture": "#0"},
				"down": {"uv": [0, 16, 3, 15], "texture": "#0"}
			}
		},
		{
			"from": [9, 3, 7.5],
			"to": [12, 4, 8.5],
			"rotation": {"angle": 0, "axis": "y", "origin": [5.91136, 8.13065, 7.976]},
			"faces": {
				"north": {"uv": [5, 12, 2, 13], "texture": "#0"},
				"east": {"uv": [3, 12, 2, 13], "texture": "#0"},
				"south": {"uv": [5, 12, 2, 13], "texture": "#0"},
				"west": {"uv": [5, 12, 4, 13], "texture": "#0"},
				"up": {"uv": [2, 13, 5, 12], "texture": "#0"},
				"down": {"uv": [2, 13, 5, 12], "texture": "#0"}
			}
		},
		{
			"from": [4, 3, 7.5],
			"to": [8, 4, 8.5],
			"rotation": {"angle": 0, "axis": "y", "origin": [5.91136, 8.13065, 7.976]},
			"faces": {
				"north": {"uv": [6, 12, 10, 13], "texture": "#0"},
				"east": {"uv": [10, 12, 6, 13], "texture": "#0"},
				"south": {"uv": [10, 12, 6, 13], "texture": "#0"},
				"west": {"uv": [7, 12, 6, 13], "texture": "#0"},
				"up": {"uv": [6, 13, 10, 12], "texture": "#0"},
				"down": {"uv": [6, 13, 10, 12], "texture": "#0"}
			}
		},
		{
			"from": [4, 2, 7.5],
			"to": [6, 3, 8.5],
			"rotation": {"angle": 0, "axis": "y", "origin": [5.91136, 8.13065, 7.976]},
			"faces": {
				"north": {"uv": [10, 13, 8, 14], "texture": "#0"},
				"east": {"uv": [10, 13, 8, 14], "texture": "#0"},
				"south": {"uv": [10, 13, 8, 14], "texture": "#0"},
				"west": {"uv": [10, 13, 8, 14], "texture": "#0"},
				"down": {"uv": [8, 14, 10, 13], "texture": "#0"}
			}
		},
		{
			"from": [5, 4, 7.5],
			"to": [11, 5, 8.5],
			"rotation": {"angle": 0, "axis": "y", "origin": [5.91136, 8.13065, 7.976]},
			"faces": {
				"north": {"uv": [3, 11, 9, 12], "texture": "#0"},
				"east": {"uv": [4, 11, 3, 12], "texture": "#0"},
				"south": {"uv": [9, 11, 3, 12], "texture": "#0"},
				"west": {"uv": [9, 11, 8, 12], "texture": "#0"},
				"up": {"uv": [9, 12, 3, 11], "texture": "#0"},
				"down": {"uv": [3, 12, 9, 11], "texture": "#0"}
			}
		},
		{
			"from": [5, 6, 7.5],
			"to": [11, 7, 8.5],
			"rotation": {"angle": 0, "axis": "y", "origin": [5.91136, 8.13065, 7.976]},
			"faces": {
				"north": {"uv": [3, 9, 9, 10], "texture": "#0"},
				"east": {"uv": [4, 9, 3, 10], "texture": "#0"},
				"south": {"uv": [9, 9, 3, 10], "texture": "#0"},
				"west": {"uv": [9, 9, 8, 10], "texture": "#0"},
				"down": {"uv": [3, 10, 9, 9], "texture": "#0"}
			}
		},
		{
			"from": [4, 7, 7.5],
			"to": [11, 8, 8.5],
			"rotation": {"angle": 0, "axis": "y", "origin": [5.91136, 8.13065, 7.976]},
			"faces": {
				"north": {"uv": [3, 8, 10, 9], "texture": "#0"},
				"east": {"uv": [4, 8, 3, 9], "texture": "#0"},
				"south": {"uv": [10, 8, 3, 9], "texture": "#0"},
				"west": {"uv": [10, 8, 9, 9], "texture": "#0"},
				"up": {"uv": [10, 9, 3, 8], "texture": "#0"},
				"down": {"uv": [3, 9, 10, 8], "texture": "#0"}
			}
		},
		{
			"from": [3, 8, 7.5],
			"to": [8, 9, 8.5],
			"rotation": {"angle": 0, "axis": "y", "origin": [5.91136, 8.13065, 7.976]},
			"faces": {
				"north": {"uv": [12, 6, 7, 7], "texture": "#0"},
				"east": {"uv": [7, 7, 6, 8], "texture": "#0"},
				"south": {"uv": [12, 6, 7, 7], "texture": "#0"},
				"west": {"uv": [7, 7, 6, 8], "texture": "#0"},
				"up": {"uv": [6, 8, 11, 7], "texture": "#0"},
				"down": {"uv": [6, 8, 11, 7], "texture": "#0"}
			}
		},
		{
			"from": [2, 9, 7.5],
			"to": [7, 10, 8.5],
			"rotation": {"angle": 0, "axis": "y", "origin": [5.91136, 8.13065, 7.976]},
			"faces": {
				"north": {"uv": [11, 7, 6, 8], "texture": "#0"},
				"east": {"uv": [7, 7, 6, 8], "texture": "#0"},
				"south": {"uv": [12, 6, 7, 7], "texture": "#0"},
				"west": {"uv": [7, 7, 6, 8], "texture": "#0"},
				"up": {"uv": [6, 8, 11, 7], "texture": "#0"},
				"down": {"uv": [6, 8, 11, 7], "texture": "#0"}
			}
		},
		{
			"from": [1, 10, 7.5],
			"to": [6, 11, 8.5],
			"rotation": {"angle": 0, "axis": "y", "origin": [5.91136, 8.13065, 7.976]},
			"faces": {
				"north": {"uv": [11, 7, 6, 8], "texture": "#0"},
				"east": {"uv": [7, 7, 6, 8], "texture": "#0"},
				"south": {"uv": [12, 6, 7, 7], "texture": "#0"},
				"west": {"uv": [7, 7, 6, 8], "texture": "#0"},
				"up": {"uv": [6, 8, 11, 7], "texture": "#0"},
				"down": {"uv": [6, 8, 11, 7], "texture": "#0"}
			}
		},
		{
			"from": [0, 11, 7.5],
			"to": [5, 12, 8.5],
			"rotation": {"angle": 0, "axis": "y", "origin": [5.91136, 8.13065, 7.976]},
			"faces": {
				"north": {"uv": [15, 3, 10, 4], "texture": "#0"},
				"east": {"uv": [7, 7, 6, 8], "texture": "#0"},
				"south": {"uv": [15, 3, 10, 4], "texture": "#0"},
				"west": {"uv": [7, 7, 6, 8], "texture": "#0"},
				"up": {"uv": [6, 8, 11, 7], "texture": "#0"},
				"down": {"uv": [6, 8, 11, 7], "texture": "#0"}
			}
		},
		{
			"from": [-1, 12, 7.5],
			"to": [4, 13, 8.5],
			"rotation": {"angle": 0, "axis": "y", "origin": [5.91136, 8.13065, 7.976]},
			"faces": {
				"north": {"uv": [15, 3, 10, 4], "texture": "#0"},
				"east": {"uv": [7, 7, 6, 8], "texture": "#0"},
				"south": {"uv": [16, 2, 11, 3], "texture": "#0"},
				"west": {"uv": [7, 7, 6, 8], "texture": "#0"},
				"up": {"uv": [6, 8, 11, 7], "texture": "#0"},
				"down": {"uv": [6, 8, 11, 7], "texture": "#0"}
			}
		},
		{
			"from": [-2, 13, 7.5],
			"to": [3, 14, 8.5],
			"rotation": {"angle": 0, "axis": "y", "origin": [5.91136, 8.13065, 7.976]},
			"faces": {
				"north": {"uv": [15, 3, 10, 4], "texture": "#0"},
				"east": {"uv": [7, 7, 6, 8], "texture": "#0"},
				"south": {"uv": [16, 2, 11, 3], "texture": "#0"},
				"west": {"uv": [7, 7, 6, 8], "texture": "#0"},
				"up": {"uv": [6, 8, 11, 7], "texture": "#0"},
				"down": {"uv": [6, 8, 11, 7], "texture": "#0"}
			}
		},
		{
			"from": [-2, 14, 7.5],
			"to": [2, 15, 8.5],
			"rotation": {"angle": 0, "axis": "y", "origin": [5.91136, 8.13065, 7.976]},
			"faces": {
				"north": {"uv": [16, 1, 12, 2], "texture": "#0"},
				"east": {"uv": [13, 1, 12, 2], "texture": "#0"},
				"south": {"uv": [16, 1, 12, 2], "texture": "#0"},
				"west": {"uv": [13, 1, 12, 2], "texture": "#0"},
				"up": {"uv": [12, 2, 16, 1], "texture": "#0"}
			}
		},
		{
			"from": [-2, 15, 7.5],
			"to": [1, 16, 8.5],
			"rotation": {"angle": 0, "axis": "y", "origin": [5.91136, 8.13065, 7.976]},
			"faces": {
				"north": {"uv": [13, 0, 16, 1], "texture": "#0"},
				"east": {"uv": [13, 0, 16, 1], "texture": "#0"},
				"south": {"uv": [13, 0, 16, 1], "texture": "#0"},
				"west": {"uv": [13, 0, 16, 1], "texture": "#0"},
				"up": {"uv": [16, 1, 13, 0], "texture": "#0"}
			}
		},
		{
			"from": [10, 8, 7.5],
			"to": [12, 10, 8.5],
			"rotation": {"angle": 0, "axis": "y", "origin": [5.91136, 8.13065, 7.976]},
			"faces": {
				"north": {"uv": [2, 6, 4, 8], "texture": "#0"},
				"east": {"uv": [4, 6, 2, 7], "texture": "#0"},
				"south": {"uv": [4, 6, 2, 8], "texture": "#0"},
				"west": {"uv": [4, 6, 2, 7], "texture": "#0"},
				"up": {"uv": [2, 7, 4, 6], "texture": "#0"},
				"down": {"uv": [2, 7, 4, 6], "texture": "#0"}
			}
		},
		{
			"from": [6, 5, 7.5],
			"to": [10, 6, 8.5],
			"rotation": {"angle": 0, "axis": "y", "origin": [5.91136, 8.13065, 7.976]},
			"faces": {
				"north": {"uv": [4, 10, 8, 11], "texture": "#0"},
				"east": {"uv": [5, 10, 4, 11], "texture": "#0"},
				"south": {"uv": [8, 10, 4, 11], "texture": "#0"},
				"west": {"uv": [8, 10, 7, 11], "texture": "#0"}
			}
		},
		{
			"from": [10, 2, 7.5],
			"to": [11, 3, 8.5],
			"rotation": {"angle": 0, "axis": "y", "origin": [5.91136, 8.13065, 7.976]},
			"faces": {
				"north": {"uv": [4, 13, 3, 14], "texture": "#0"},
				"south": {"uv": [4, 13, 3, 14], "texture": "#0"},
				"west": {"uv": [4, 13, 3, 14], "texture": "#0"},
				"down": {"uv": [3, 14, 4, 13], "texture": "#0"}
			}
		},
		{
			"from": [9, 8, 7.5],
			"to": [10, 9, 8.5],
			"rotation": {"angle": 0, "axis": "y", "origin": [5.91136, 8.13065, 7.976]},
			"faces": {
				"north": {"uv": [5, 7, 4, 8], "texture": "#0"},
				"south": {"uv": [5, 7, 4, 8], "texture": "#0"},
				"west": {"uv": [5, 7, 4, 8], "texture": "#0"},
				"up": {"uv": [4, 8, 5, 7], "texture": "#0"}
			}
		},
		{
			"name": "head",
			"from": [3.06427, 13.6232, 4.841],
			"to": [9.18227, 19.7412, 10.959],
			"rotation": {"angle": 45, "axis": "z", "origin": [5.91136, 8.13065, 7.976]},
			"faces": {
				"north": {"uv": [8, 4, 6, 8], "texture": "#1"},
				"east": {"uv": [2, 4, 0, 8], "texture": "#1"},
				"south": {"uv": [4, 4, 2, 8], "texture": "#1"},
				"west": {"uv": [6, 4, 4, 8], "texture": "#1"},
				"up": {"uv": [4, 0, 2, 4], "texture": "#1"},
				"down": {"uv": [6, 4, 4, 0], "texture": "#1"}
			}
		},
		{
			"name": "body",
			"from": [3.06427, 5.8952, 6.129],
			"to": [9.18227, 14.5892, 9.671],
			"rotation": {"angle": 45, "axis": "z", "origin": [5.91136, 8.13065, 7.976]},
			"faces": {
				"north": {"uv": [10, 10, 8, 16], "texture": "#1"},
				"east": {"uv": [5, 10, 4, 16], "texture": "#1"},
				"south": {"uv": [7, 10, 5, 16], "texture": "#1"},
				"west": {"uv": [8, 10, 7, 16], "texture": "#1"},
				"up": {"uv": [7, 8, 5, 10], "texture": "#1"},
				"down": {"uv": [9, 10, 7, 8], "texture": "#1"}
			}
		},
		{
			"name": "left_shoe",
			"from": [3.06427, -1.8328, 6.131],
			"to": [6.60627, 6.8612, 9.669],
			"shade": false,
			"rotation": {"angle": 45, "axis": "z", "origin": [5.91136, 8.13065, 7.976]},
			"faces": {
				"north": {"uv": [3, 10, 4, 16], "texture": "#1"},
				"east": {"uv": [2, 10, 3, 16], "texture": "#1"},
				"south": {"uv": [1, 10, 2, 16], "texture": "#1"},
				"west": {"uv": [0, 10, 1, 16], "texture": "#1"},
				"up": {"uv": [1, 8, 2, 10], "texture": "#1"},
				"down": {"uv": [2, 10, 3, 8], "texture": "#1"}
			}
		},
		{
			"name": "right_shoe",
			"from": [5.64027, -1.8328, 6.131],
			"to": [9.18227, 6.8612, 9.669],
			"rotation": {"angle": 45, "axis": "z", "origin": [5.91136, 8.13065, 7.976]},
			"faces": {
				"north": {"uv": [4, 10, 3, 16], "texture": "#1"},
				"east": {"uv": [1, 10, 0, 16], "texture": "#1"},
				"south": {"uv": [2, 10, 1, 16], "texture": "#1"},
				"west": {"uv": [3, 10, 2, 16], "texture": "#1"},
				"up": {"uv": [2, 8, 1, 10], "texture": "#1"},
				"down": {"uv": [3, 10, 2, 8], "texture": "#1"}
			}
		},
		{
			"name": "left_arm",
			"from": [0.48827, 5.8952, 6.13],
			"to": [4.03027, 14.5892, 9.67],
			"shade": false,
			"rotation": {"angle": 45, "axis": "z", "origin": [5.91136, 8.13065, 7.976]},
			"faces": {
				"north": {"uv": [13, 10, 14, 16], "texture": "#1"},
				"east": {"uv": [12, 10, 13, 16], "texture": "#1"},
				"south": {"uv": [11, 10, 12, 16], "texture": "#1"},
				"west": {"uv": [10, 10, 11, 16], "texture": "#1"},
				"up": {"uv": [11, 8, 12, 10], "texture": "#1"},
				"down": {"uv": [12, 10, 13, 8], "texture": "#1"}
			}
		},
		{
			"name": "right_arm",
			"from": [8.21627, 5.8952, 6.13],
			"to": [11.75827, 14.5892, 9.67],
			"rotation": {"angle": 45, "axis": "z", "origin": [5.91136, 8.13065, 7.976]},
			"faces": {
				"north": {"uv": [14, 10, 13, 16], "texture": "#1"},
				"east": {"uv": [11, 10, 10, 16], "texture": "#1"},
				"south": {"uv": [12, 10, 11, 16], "texture": "#1"},
				"west": {"uv": [13, 10, 12, 16], "texture": "#1"},
				"up": {"uv": [12, 8, 11, 10], "texture": "#1"},
				"down": {"uv": [13, 10, 12, 8], "texture": "#1"}
			}
		}
	],
	"display": {
		"thirdperson_righthand": {
			"rotation": [52, -90, 0],
			"translation": [-0.25, 4, 1.75],
			"scale": [0.7, 0.7, 0.7]
		},
		"thirdperson_lefthand": {
			"rotation": [-38, -90, 0],
			"translation": [-0.25, 4, 0.5],
			"scale": [0.7, 0.7, 0.7]
		},
		"firstperson_righthand": {
			"rotation": [64, -94, 30],
			"translation": [1.25, 4.75, 1],
			"scale": [0.5, 0.5, 0.5]
		},
		"firstperson_lefthand": {
			"rotation": [-22, -94, 30],
			"translation": [2.5, 4, -1],
			"scale": [0.5, 0.5, 0.5]
		},
		"ground": {
			"translation": [0, 4.5, 0]
		},
		"gui": {
			"rotation": [-180, 180, 90],
			"translation": [-0.75, -0.75, 0],
			"scale": [0.7, 0.7, 0.7]
		}
	},
	"groups": [0, 1, 2, 3, 4, 5, 6, 7, 8, 9, 10, 11, 12, 13, 14, 15, 16, 17, 18,
		{
			"name": "head",
			"origin": [0, 24, 0],
			"color": 0,
			"children": [19]
		},
		{
			"name": "body",
			"origin": [0, 24, 0],
			"color": 0,
			"children": [20]
		},
		{
			"name": "left_shoe",
			"origin": [-2, 12, 0],
			"color": 0,
			"shade": false,
			"children": [21]
		},
		{
			"name": "right_shoe",
			"origin": [2, 12, 0],
			"color": 0,
			"children": [22]
		},
		{
			"name": "left_arm",
			"origin": [-5, 22, 0],
			"color": 0,
			"shade": false,
			"children": [23]
		},
		{
			"name": "right_arm",
			"origin": [5, 22, 0],
			"color": 0,
			"children": [24]
		},
		{
			"name": "waist",
			"origin": [0, 24, 0],
			"color": 0,
			"children": []
		},
		{
			"name": "left_leg",
			"origin": [-2, 12, 0],
			"color": 0,
			"shade": false,
			"children": []
		},
		{
			"name": "right_leg",
			"origin": [2, 12, 0],
			"color": 0,
			"children": []
		}
	]
}

